run_dir,method,scheme,tp,fp,fn,tn,tol_pred_match,tol_pred_total,tol_gt_match,tol_gt_total,valid_pixels,fault_pixels,stem,dice,iou,precision,recall,specificity,tolerant_precision,tolerant_recall,tolerant_f1
CRACKS35,real,primary,187,1678,3776,67431,187,1865,286,3963,73072,3963,section_010,0.06417295813304019,0.03315015068244433,0.10026809651420768,0.04718647489263895,0.9757195155477615,0.10026809651420768,0.07216754983580075,0.08392815042200069
CRACKS35,real,primary,245,1940,3084,60661,245,2185,392,3329,65930,3329,section_013,0.08886470801579821,0.046498386790574116,0.11212814645257607,0.07359567437646862,0.9690100797110319,0.11212814645257607,0.1177530790023498,0.11487178987435111
CRACKS35,real,primary,50,591,3260,66211,50,641,150,3310,70112,3310,section_017,0.02531004808902731,0.012817226352184524,0.0780031201235881,0.015105740181223246,0.9911529594920825,0.0780031201235881,0.04531722054366974,0.057328487611469865
CRACKS35,real,primary,54,1951,3141,72815,54,2005,133,3195,77961,3195,section_022,0.02076923076919083,0.010493587252214354,0.02693266832904273,0.016901408450651325,0.9739052510498123,0.02693266832904273,0.041627543035863454,0.032705285590333276
CRACKS35,real,primary,59,1501,3127,75511,59,1560,102,3186,80198,3186,section_024,0.02486304256210522,0.012588009387641161,0.03782051282027039,0.018518518518460394,0.9805095309820573,0.03782051282027039,0.03201506591327051,0.03467648036689662
CRACKS35,real,primary,309,2573,2373,53738,309,2882,578,2682,58993,2682,section_035,0.11107117181863575,0.05880114176963121,0.10721721027027337,0.11521252796377625,0.9543073289408901,0.10721721027027337,0.21551081282544554,0.14319467641269393
CRACKS35,real,primary,349,2270,3057,53990,349,2619,518,3406,59666,3406,section_041,0.11585062240644672,0.06148696264964502,0.1332569683080059,0.10246623605372147,0.9596516174900535,0.1332569683080059,0.15208455666426282,0.14204961047480458
CRACKS35,real,primary,47,2278,3081,59115,47,2325,102,3128,64521,3128,section_043,0.017238217494925292,0.008694043655181847,0.020215053763353915,0.015025575447522298,0.9628947925657709,0.020215053763353915,0.03260869565206967,0.024957956156636697
CRACKS35,real,primary,73,1988,2234,63693,73,2061,115,2307,67988,2307,section_046,0.0334249084248319,0.016996507566898727,0.03541969917498584,0.03164282618105053,0.9697324949375056,0.03541969917498584,0.04984828781946316,0.041413224684249086
CRACKS35,real,primary,218,1677,2429,68741,218,1895,402,2647,73065,2647,section_051,0.09599295464531926,0.05041628122097499,0.11503957783580454,0.08235738571937153,0.9761850663181323,0.11503957783580454,0.1518700415559053,0.13091371417594935
CRACKS35,real,primary,493,1887,2977,60246,493,2380,823,3470,65603,3470,section_067,0.16854700854672044,0.09202912077638226,0.2071428571419868,0.14207492795348106,0.9696296653950446,0.2071428571419868,0.23717579250652113,0.22114430820250064
CRACKS35,real,primary,405,2184,1995,63458,405,2589,727,2400,68042,2400,section_068,0.16235718580845387,0.0883507853401214,0.15643105446057773,0.16874999999929688,0.9667286188719164,0.15643105446057773,0.3029166666654045,0.2063167851683867
CRACKS35,real,primary,313,1814,2070,62352,313,2127,501,2383,66549,2383,section_106,0.1388026607535725,0.07457707886567888,0.14715561824096307,0.13134704154372076,0.9717295764110321,0.14715561824096307,0.21023919429202587,0.17312997650753228
CRACKS35,real,primary,177,2004,2198,73259,177,2181,411,2375,77638,2375,section_108,0.07769973661089179,0.040420187257272394,0.08115543328711071,0.07452631578915989,0.9733733707132358,0.08115543328711071,0.17305263157821874,0.11049343184432821
CRACKS35,real,primary,270,1834,2054,57266,270,2104,501,2324,61424,2324,section_116,0.12195121951191971,0.06493506493490876,0.12832699619710872,0.11617900172067049,0.9689678510996669,0.12832699619710872,0.21557659208168858,0.16088401895594878
CRACKS35,real,primary,472,3591,1892,69379,472,4063,631,2364,75334,2364,section_124,0.14688034852941204,0.07926112510482072,0.11617031749909877,0.1996615905236901,0.9507879950663354,0.11617031749909877,0.26692047377213657,0.1618845249336309
CRACKS35,real,primary,533,2850,2210,78724,533,3383,742,2743,84317,2743,section_131,0.17401240613748936,0.09529769354533292,0.1575524682230046,0.1943127962078224,0.9650623973323651,0.1575524682230046,0.2705067444394076,0.19912667687578153
CRACKS35,real,primary,402,2763,2630,76421,402,3165,547,3032,82216,3032,section_133,0.1297401968692436,0.06937014667805114,0.12701421800907736,0.13258575197845454,0.9651065871892094,0.12701421800907736,0.18040897097565828,0.14907465959609206
CRACKS35,real,primary,581,2260,1229,73754,581,2841,795,1810,77824,1810,section_136,0.24983874435551529,0.14275184275149203,0.20450545582469376,0.3209944751363481,0.9702686347250546,0.20450545582469376,0.43922651933458995,0.2790733461056407
CRACKS35,real,primary,367,853,2130,82764,367,1220,652,2497,86114,2497,section_167,0.19747107882647977,0.10955223880564313,0.3008196721286818,0.14697637164538657,0.9897987251395064,0.3008196721286818,0.26111333600215814,0.27956366894356965
CRACKS35,real,primary,608,729,1459,65818,608,1337,969,2067,68614,2067,section_168,0.3572267920083513,0.21745350500637536,0.45474943903923154,0.2941461054654371,0.9890453363786513,0.45474943903923154,0.4687953555855404,0.4616655822417549
CRACKS35,real,primary,268,550,2381,84100,268,818,476,2649,87299,2649,section_178,0.15460051918040207,0.0837761800560057,0.3276283618541855,0.1011702529252504,0.9935026580034266,0.3276283618541855,0.17969044922544475,0.23208950693092648
CRACKS35,real,primary,67,333,1980,73044,67,400,224,2047,75424,2047,section_193,0.05476093175294336,0.0281512605040834,0.1674999999958125,0.03273082559827684,0.9954617932048196,0.1674999999958125,0.10942843185095541,0.13237544119588035
CRACKS35,real,primary,6,145,1582,71182,6,151,50,1588,72915,1588,section_196,0.006900517538775731,0.003462204270031955,0.03973509933511688,0.0037783375314623534,0.9979671092291842,0.03973509933511688,0.03148614609551961,0.03513291461153604
CRACKS35,real,primary,111,78,2255,65548,111,189,337,2366,67992,2366,section_197,0.08688845401140162,0.04541734860865214,0.5873015872705131,0.04691462383750248,0.998811446682565,0.5873015872705131,0.14243448858773275,0.22926645084642
CRACKS35,real,primary,25,875,2043,71014,25,900,95,2068,73957,2068,section_204,0.01684636118592707,0.008494733265346603,0.027777777777469134,0.012088974854873844,0.9878284577611335,0.027777777777469134,0.04593810444852061,0.03462098655679777
CRACKS35,real,primary,74,189,1451,76609,74,263,162,1525,78323,1525,section_213,0.0827740492165393,0.043173862310133176,0.28136882128207724,0.04852459016361624,0.9975389984112871,0.28136882128207724,0.10622950819602474,0.15423013187691384
CRACKS35,real,primary,0,711,0,71355,0,711,0,0,72066,0,section_223,0.0,0.0,0.0,0.0,0.9901340437930523,0.0,0.0,0.0
CRACKS35,real,primary,0,186,0,74318,0,186,0,0,74504,0,section_231,0.0,0.0,0.0,0.0,0.9975034897453832,0.0,0.0,0.0
CRACKS35,real,primary,0,382,0,73711,0,382,0,0,74093,0,section_239,0.0,0.0,0.0,0.0,0.9948443172768016,0.0,0.0,0.0
CRACKS35,real,primary,0,1111,0,98044,0,1111,0,0,99155,0,section_250,0.0,0.0,0.0,0.0,0.9887953204577693,0.0,0.0,0.0
CRACKS35,real,primary,0,833,0,82799,0,833,0,0,83632,0,section_251,0.0,0.0,0.0,0.0,0.9900396977232412,0.0,0.0,0.0
CRACKS35,real,primary,0,701,0,78181,0,701,0,0,78882,0,section_256,0.0,0.0,0.0,0.0,0.9911133084859676,0.0,0.0,0.0
CRACKS35,real,primary,0,828,0,75123,0,828,0,0,75951,0,section_261,0.0,0.0,0.0,0.0,0.9890982343878305,0.0,0.0,0.0
CRACKS35,real,primary,0,816,0,75087,0,816,0,0,75903,0,section_262,0.0,0.0,0.0,0.0,0.9892494367810246,0.0,0.0,0.0
CRACKS35,real,primary,0,768,0,77684,0,768,0,0,78452,0,section_267,0.0,0.0,0.0,0.0,0.9902105746187491,0.0,0.0,0.0
CRACKS35,real,primary,0,1389,0,85849,0,1389,0,0,87238,0,section_277,0.0,0.0,0.0,0.0,0.9840780393863932,0.0,0.0,0.0
CRACKS35,real,primary,0,1274,0,107962,0,1274,0,0,109236,0,section_284,0.0,0.0,0.0,0.0,0.9883371782195441,0.0,0.0,0.0
CRACKS35,real,primary,0,371,0,78702,0,371,0,0,79073,0,section_287,0.0,0.0,0.0,0.0,0.9953081329909078,0.0,0.0,0.0
CRACKS35,real,primary,0,434,0,91354,0,434,0,0,91788,0,section_300,0.0,0.0,0.0,0.0,0.9952717130778539,0.0,0.0,0.0
CRACKS35,real,inclusive_uncertain,687,1678,12643,67431,688,2365,936,13330,82439,13330,section_010,0.08754380375910319,0.04577558635391406,0.29048625792689015,0.05153788447107911,0.9757195155477615,0.2909090909078609,0.07021755438854446,0.11312886829790365
CRACKS35,real,inclusive_uncertain,626,1940,11047,60661,626,2566,993,11673,74274,11673,section_013,0.08792752300014893,0.04598545507966944,0.24395946999125503,0.05362803049768386,0.9690100797110319,0.24395946999125503,0.08506810588530363,0.1261485110414092
CRACKS35,real,inclusive_uncertain,339,591,14414,66211,339,930,859,14753,81555,14753,section_017,0.04323152458072867,0.02209332638163315,0.3645161290283385,0.022978377279181873,0.9911529594920825,0.3645161290283385,0.058225445672027226,0.10041176376040976
CRACKS35,real,inclusive_uncertain,54,1951,13254,72815,54,2005,133,13308,88074,13308,section_022,0.007052830927965093,0.003538895078312118,0.02693266832904273,0.004057709648328781,0.9739052510498123,0.02693266832904273,0.009993988578291257,0.014578341464655777
CRACKS35,real,inclusive_uncertain,439,1501,9287,75511,439,1940,678,9726,86738,9726,section_024,0.07526144351099326,0.03910216442501193,0.226288659792648,0.04513674686402926,0.9805095309820573,0.226288659792648,0.06971005552121148,0.10658556060496265
CRACKS35,real,inclusive_uncertain,907,2573,11818,53738,907,3480,1531,12725,69036,12725,section_035,0.1119407590249232,0.05928879592099667,0.26063218390729703,0.07127701375239978,0.9543073289408901,0.26063218390729703,0.12031434184666379,0.16463092181060235
CRACKS35,real,inclusive_uncertain,513,2270,14204,53990,513,2783,864,14717,70977,14717,section_041,0.058628571428537925,0.030199564372737856,0.18433345310749433,0.0348576476183768,0.9596516174900535,0.18433345310749433,0.05870761704147672,0.08905307503023456
CRACKS35,real,inclusive_uncertain,169,2278,12808,59115,169,2447,394,12977,74370,12977,section_043,0.02191390041492355,0.011078334972133019,0.06906416019587633,0.013023040764419338,0.9628947925657709,0.06906416019587633,0.03036140864604272,0.04217999462365084
CRACKS35,real,inclusive_uncertain,82,1988,10593,63693,82,2070,176,10675,76356,10675,section_046,0.012867791290692139,0.00647555871435957,0.03961352656985694,0.007681498829032616,0.9697324949375056,0.03961352656985694,0.016487119437923664,0.023283611650602217
CRACKS35,real,inclusive_uncertain,323,1677,8351,68741,323,2000,534,8674,79092,8674,section_051,0.0605208918867711,0.03120471452030605,0.1614999999991925,0.03723772192755679,0.9761850663181323,0.1614999999991925,0.06156329259849946,0.08914484488324638
CRACKS35,real,inclusive_uncertain,739,1887,12312,60246,739,2626,1171,13051,75184,13051,section_067,0.09427824201052862,0.04947114740925862,0.2814166031977098,0.05662401348551327,0.9696296653950446,0.2814166031977098,0.08972492529301224,0.13606713924186092
CRACKS35,real,inclusive_uncertain,646,2184,11045,63458,646,2830,1113,11691,77333,11691,section_068,0.08897458852689967,0.046558558558525,0.22826855123594253,0.055256179967449096,0.9667286188719164,0.22826855123594253,0.09520143700274125,0.13436482034516378
CRACKS35,real,inclusive_uncertain,460,1814,12741,62352,460,2274,809,13201,77367,13201,section_106,0.059450726978959964,0.030636030636010232,0.20228671943622567,0.034845845011715136,0.9717295764110321,0.20228671943622567,0.061283236118429445,0.0940682658188689
CRACKS35,real,inclusive_uncertain,277,2004,9545,73259,277,2281,623,9822,85085,9822,section_108,0.04577377509704555,0.023422966345320966,0.12143796580393934,0.028201995520231924,0.9733733707132358,0.12143796580393934,0.06342903685597288,0.08333226245033326
CRACKS35,real,inclusive_uncertain,718,1834,11609,57266,718,2552,1187,12327,71427,12327,section_116,0.09651186235627628,0.05070263399473857,0.2813479623813427,0.05824612638917965,0.9689678510996669,0.2813479623813427,0.09629269084116468,0.14347900000596966
CRACKS35,real,inclusive_uncertain,665,3591,9915,69379,665,4256,915,10580,83550,10580,section_124,0.08964680506869126,0.04692682238370833,0.15624999999963288,0.06285444234398596,0.9507879950663354,0.15624999999963288,0.0864839319469882,0.11134095428365585
CRACKS35,real,inclusive_uncertain,825,2850,9767,78724,825,3675,1203,10592,92166,10592,section_131,0.11565150346946404,0.061374795417302945,0.2244897959177565,0.07788897280959413,0.9650623973323651,0.2244897959177565,0.11357628398780817,0.1508386530020947
CRACKS35,real,inclusive_uncertain,516,2763,9352,76421,516,3279,794,9868,89052,9868,section_133,0.07849699551222446,0.04085187237745162,0.15736505031973966,0.05229023104980513,0.9651065871892094,0.15736505031973966,0.08046209971617302,0.1064800367523666
CRACKS35,real,inclusive_uncertain,686,2260,10485,73754,686,2946,967,11171,87185,11171,section_136,0.09718778777353744,0.051075869257649405,0.2328581126943895,0.06140900546051257,0.9702686347250546,0.2328581126943895,0.08656342314914818,0.1262093656809862
CRACKS35,real,inclusive_uncertain,1046,853,11610,82764,1046,1899,1764,12656,96273,12656,section_167,0.1437306767432884,0.07742986157370832,0.5508162190597641,0.08264854614405606,0.9897987251395064,0.5508162190597641,0.1393805309733412,0.22246716161807456
CRACKS35,real,inclusive_uncertain,904,729,10061,65818,904,1633,1473,10965,77512,10965,section_168,0.14351484362585845,0.07730460064983982,0.5535823637443137,0.08244414044680123,0.9890453363786513,0.5535823637443137,0.134336525307675,0.21620668168734347
CRACKS35,real,inclusive_uncertain,480,550,13413,84100,480,1030,842,13893,98543,13893,section_178,0.06433022850628939,0.033234092640010225,0.46601941747120373,0.034549773267088066,0.9935026580034266,0.46601941747120373,0.060606060606016976,0.10726256779542372
CRACKS35,real,inclusive_uncertain,218,333,12567,73044,218,551,615,12785,86162,12785,section_193,0.03269346130771394,0.016618386949217395,0.39564428311441663,0.017051231912384,0.9954617932048196,0.39564428311441663,0.04810324599135854,0.08577748651442513
CRACKS35,real,inclusive_uncertain,189,145,13061,71182,189,334,477,13250,84577,13250,section_196,0.027826855123654425,0.014109742441198872,0.5658682634561117,0.01426415094338546,0.9979671092291842,0.5658682634561117,0.035999999999972825,0.06769340861722972
CRACKS35,real,inclusive_uncertain,671,78,9529,65548,671,749,1226,10200,75826,10200,section_197,0.12256827107487206,0.06528507491723556,0.895861148185636,0.0657843137254257,0.998811446682565,0.895861148185636,0.1201960784312547,0.21195458867921135
CRACKS35,real,inclusive_uncertain,369,875,13119,71014,369,1244,786,13488,85377,13488,section_204,0.0500950312245112,0.025691011627079513,0.29662379420983426,0.027357651245531318,0.9878284577611335,0.29662379420983426,0.05827402135226996,0.09741091701532782
CRACKS35,real,inclusive_uncertain,232,189,13245,76609,232,421,543,13477,90275,13477,section_213,0.033386098719216155,0.01697643787500587,0.5510688835973617,0.01721451361577709,0.9975389984112871,0.5510688835973617,0.04029086591968517,0.07509148921348564
CRACKS35,real,inclusive_uncertain,491,711,13219,71355,491,1202,816,13710,85776,13710,section_223,0.06585300429180133,0.034047569516653456,0.4084858569017597,0.03581327498173901,0.9901340437930523,0.4084858569017597,0.05951859956231982,0.1038986073252485
CRACKS35,real,inclusive_uncertain,573,186,12334,74318,573,759,1082,12907,87411,12907,section_231,0.08385774915843416,0.043763843274999034,0.7549407114525041,0.04439451460444379,0.9975034897453832,0.7549407114525041,0.08383047958465652,0.15090418417034174
CRACKS35,real,inclusive_uncertain,318,382,9645,73711,318,700,516,9963,84056,9963,section_239,0.05964550314164902,0.030739487675175696,0.4542857142792245,0.03191809695871533,0.9948443172768016,0.4542857142792245,0.0517916290273494,0.09298261237199057
CRACKS35,real,inclusive_uncertain,273,1111,11559,98044,273,1384,473,11832,110987,11832,section_250,0.04131355932200263,0.021092482422915018,0.19725433525869038,0.02307302231235372,0.9887953204577693,0.19725433525869038,0.03997633536169711,0.06647964282889947
CRACKS35,real,inclusive_uncertain,433,833,10387,82799,433,1266,816,10820,94452,10820,section_251,0.0716531524076852,0.03715781343856761,0.3420221169009319,0.04001848428831791,0.9900396977232412,0.3420221169009319,0.07541589648791551,0.12358196004943783
CRACKS35,real,inclusive_uncertain,1047,701,15967,78181,1047,1748,1799,17014,95896,17014,section_256,0.11160857051481099,0.059102455546113965,0.5989702517128206,0.06153755730571204,0.9911133084859676,0.5989702517128206,0.10573645233331036,0.1797428297672149
CRACKS35,real,inclusive_uncertain,521,828,12408,75123,521,1349,812,12929,88880,12929,section_261,0.07297940888074451,0.03787162898885086,0.3862120088926152,0.040297006729027536,0.9890982343878305,0.3862120088926152,0.06280454791549013,0.10803998075376182
CRACKS35,real,inclusive_uncertain,583,816,10598,75087,583,1399,939,11181,87084,11181,section_262,0.09268680445143665,0.04859548220384379,0.41672623302060957,0.05214202665231004,0.9892494367810246,0.41672623302060957,0.08398175476246848,0.13979165685220818
CRACKS35,real,inclusive_uncertain,353,768,9682,77684,353,1121,580,10035,88487,10035,section_267,0.06328433130148504,0.032676108488352604,0.3148974130212766,0.03517688091675617,0.9902105746187491,0.3148974130212766,0.057797708021865665,0.097668830197504
CRACKS35,real,inclusive_uncertain,610,1389,9867,85849,610,1999,1093,10477,97715,10477,section_277,0.09778775248469238,0.051407382437172244,0.30515257628661757,0.058222773694704376,0.9840780393863932,0.30515257628661757,0.10432375680051129,0.1554896330057375
CRACKS35,real,inclusive_uncertain,430,1274,10500,107962,430,1704,777,10930,120166,10930,section_284,0.0680702865283615,0.03523434939361256,0.2523474178388947,0.039341262580018896,0.9883371782195441,0.2523474178388947,0.07108874656901089,0.11092798551017617
CRACKS35,real,inclusive_uncertain,170,371,14894,78702,170,541,353,15064,94137,15064,section_287,0.021787888497262552,0.011013929381269183,0.31423290202746335,0.011285183218261228,0.9953081329909078,0.31423290202746335,0.02343335103556596,0.043614246998431506
CRACKS35,real,inclusive_uncertain,643,434,9539,91354,643,1077,863,10182,101970,10182,section_300,0.11421973532275137,0.060568952524434276,0.5970287836527667,0.06315065802390184,0.9952717130778539,0.5970287836527667,0.08475741504607665,0.14844130246366974
CRACKS35,slog,primary,373,2985,3590,66124,373,3358,749,3963,73072,3963,section_010,0.10189864772558134,0.05368451352899585,0.11107802263218858,0.09412061569494293,0.9568073622826323,0.11107802263218858,0.18899823366089075,0.13992142954434156
CRACKS35,slog,primary,519,2917,2810,59684,519,3436,865,3329,65930,3329,section_013,0.15343680709511687,0.08309317963483334,0.1510477299180703,0.15590267347504985,0.9534033002666167,0.1510477299180703,0.2598377891250831,0.1910405960787781
CRACKS35,slog,primary,118,3112,3192,63690,118,3230,374,3310,70112,3310,section_017,0.036085626911259806,0.01837433821236628,0.03653250773982498,0.03564954682768686,0.9534145684259523,0.03653250773982498,0.11299093655554988,0.05521330795490301
CRACKS35,slog,primary,210,2747,2985,72019,210,2957,436,3195,77961,3195,section_022,0.06827048114423233,0.035341635812798144,0.07101792357094684,0.06572769953031071,0.9632587004786984,0.07101792357094684,0.13646322378674033,0.09341893905502331
CRACKS35,slog,primary,361,3072,2825,73940,361,3433,573,3186,80198,3186,section_024,0.10907992143811893,0.05768616171291517,0.10515584037254543,0.11330822347735936,0.9601101127095829,0.10515584037254543,0.17984934086572552,0.13271483580362364
CRACKS35,slog,primary,502,1504,2180,54807,502,2006,769,2682,58993,2682,section_035,0.21416382252514043,0.11992355470587691,0.2502492522420227,0.1871737509314423,0.973291186446525,0.2502492522420227,0.28672632363800626,0.26724882834634617
CRACKS35,slog,primary,424,1994,2982,54266,424,2418,769,3406,59666,3406,section_041,0.1456043956041456,0.07851851851837312,0.1753515301895147,0.1244862008217132,0.9645574120154703,0.1753515301895147,0.2257780387544751,0.19739518927031224
CRACKS35,slog,primary,258,1797,2870,59596,258,2055,549,3128,64521,3128,section_043,0.09955624155875062,0.05238578680192409,0.12554744525486353,0.08248081841405856,0.9707295620020245,0.12554744525486353,0.17551150895084555,0.14638342770985271
CRACKS35,slog,primary,350,1481,1957,64200,350,1831,670,2307,67988,2307,section_046,0.16916384726880337,0.09239704329437065,0.19115237574991178,0.15171218032010528,0.9774516222345918,0.19115237574991178,0.29042045946991585,0.23055519573041616
CRACKS35,slog,primary,489,2731,2158,67687,489,3220,767,2647,73065,2647,section_051,0.16669507414323045,0.0909259947934345,0.15186335403679546,0.18473743860904898,0.9612173023941377,0.15186335403679546,0.2897619947098989,0.19928306886143823
CRACKS35,slog,primary,302,2246,3168,59887,302,2548,716,3470,65603,3470,section_067,0.1003655699566295,0.05283414975498105,0.11852433280958194,0.08703170028793362,0.9638517374018696,0.11852433280958194,0.20634005763629298,0.15056323579725034
CRACKS35,slog,primary,265,2357,2135,63285,265,2622,400,2400,68042,2400,section_068,0.10553564316984163,0.05570737859984085,0.10106788710869158,0.1104166666662066,0.964093111117735,0.10106788710869158,0.16666666666597224,0.12583095446395592
CRACKS35,slog,primary,862,1523,1521,62643,862,2385,1144,2383,66549,2383,section_106,0.3615771812072954,0.22068612391136538,0.36142557651840074,0.3617289131331862,0.9762646884641436,0.36142557651840074,0.4800671422556439,0.4123827520412888
CRACKS35,slog,primary,793,1955,1582,73308,793,2748,1206,2375,77638,2375,section_108,0.309584227990807,0.18314087759772948,0.28857350800477233,0.3338947368406994,0.9740244210301245,0.28857350800477233,0.5077894736820725,0.3680095415733601
CRACKS35,slog,primary,744,1876,1580,57224,744,2620,1217,2324,61424,2324,section_116,0.300970873785799,0.17714285714243538,0.28396946564777115,0.32013769363029204,0.9682571912011898,0.28396946564777115,0.5236660929409481,0.3682482207913352
CRACKS35,slog,primary,962,3286,1402,69684,962,4248,1132,2364,75334,2364,section_124,0.2909860859039761,0.17026548672536237,0.22645951035728235,0.40693739424531755,0.9549677949841092,0.22645951035728235,0.47884940778139234,0.3074964688373482
CRACKS35,slog,primary,887,1808,1856,79766,887,2695,1211,2743,84317,2743,section_131,0.32622287605677414,0.19490221929203494,0.32912801484107934,0.3233685745522298,0.9778360752199258,0.32912801484107934,0.44148742252846707,0.3771164449144975
CRACKS35,slog,primary,701,1943,2331,77241,701,2644,1206,3032,82216,3032,section_133,0.2470049330510095,0.1409045226127821,0.26512859303984443,0.23120052770372296,0.9754622145886827,0.26512859303984443,0.3977572559353636,0.31817490208816274
CRACKS35,slog,primary,318,2004,1492,74010,318,2322,523,1810,77824,1810,section_136,0.15392061955432257,0.08337703198719618,0.13695090439217505,0.17569060773383596,0.9736364353933521,0.13695090439217505,0.28895027624149755,0.1858271473567149
CRACKS35,slog,primary,603,1116,1894,82501,603,1719,853,2497,86114,2497,section_167,0.2860531309291128,0.16689731525002244,0.3507853403120955,0.24148978774432725,0.9866534317183125,0.3507853403120955,0.3416099319169339,0.34613683627565695
CRACKS35,slog,primary,741,1953,1326,64594,741,2694,1097,2067,68614,2067,section_168,0.31127914303652326,0.1843283582084967,0.27505567928628416,0.3584905660360015,0.9706523209158985,0.27505567928628416,0.5307208514730009,0.36232820621892564
CRACKS35,slog,primary,818,1119,1831,83531,818,1937,1224,2649,87299,2649,section_178,0.3567378979495056,0.21709129511619668,0.42230252968289983,0.3087957719882643,0.9867808623743666,0.42230252968289983,0.4620611551511436,0.44128811670666357
CRACKS35,slog,primary,513,505,1534,72872,513,1018,827,2047,75424,2047,section_193,0.33474714518650983,0.20101880877664177,0.5039292730795292,0.25061064973008984,0.9931177344398118,0.5039292730795292,0.404005862235447,0.44846899368687543
CRACKS35,slog,primary,250,643,1338,70684,250,893,548,1588,72915,1588,section_196,0.2015316404667411,0.11205737337466581,0.2799552071637183,0.15743073047759806,0.9909851809271397,0.2799552071637183,0.34508816120689495,0.3091280733579403
CRACKS35,slog,primary,441,600,1925,65026,441,1041,808,2366,67992,2366,section_197,0.25887877898368394,0.14868509777427955,0.42363112391523894,0.18639053254359092,0.9908572821745969,0.42363112391523894,0.34150464919551354,0.3781603254073237
CRACKS35,slog,primary,30,1464,2038,70425,30,1494,104,2068,73957,2068,section_204,0.016844469399166635,0.008493771234404039,0.020080321285006156,0.014506769825848614,0.9796352710427215,0.020080321285006156,0.05029013539627519,0.028700735517284436
CRACKS35,slog,primary,342,764,1183,76034,342,1106,420,1525,78323,1525,section_213,0.25997719498190813,0.1494102228040655,0.3092224231436779,0.22426229508049667,0.990051824266128,0.3092224231436779,0.27540983606376784,0.29133833813413035
CRACKS35,slog,primary,0,1327,0,70739,0,1327,0,0,72066,0,section_223,0.0,0.0,0.0,0.0,0.9815863236476312,0.0,0.0,0.0
CRACKS35,slog,primary,0,582,0,73922,0,582,0,0,74504,0,section_231,0.0,0.0,0.0,0.0,0.9921883388810008,0.0,0.0,0.0
CRACKS35,slog,primary,0,1281,0,72812,0,1281,0,0,74093,0,section_239,0.0,0.0,0.0,0.0,0.9827109173604818,0.0,0.0,0.0
CRACKS35,slog,primary,0,1110,0,98045,0,1110,0,0,99155,0,section_250,0.0,0.0,0.0,0.0,0.9888054056778792,0.0,0.0,0.0
CRACKS35,slog,primary,0,920,0,82712,0,920,0,0,83632,0,section_251,0.0,0.0,0.0,0.0,0.9889994260568934,0.0,0.0,0.0
CRACKS35,slog,primary,0,1031,0,77851,0,1031,0,0,78882,0,section_256,0.0,0.0,0.0,0.0,0.9869298445778522,0.0,0.0,0.0
CRACKS35,slog,primary,0,733,0,75218,0,733,0,0,75951,0,section_261,0.0,0.0,0.0,0.0,0.9903490408288251,0.0,0.0,0.0
CRACKS35,slog,primary,0,744,0,75159,0,744,0,0,75903,0,section_262,0.0,0.0,0.0,0.0,0.9901980158885696,0.0,0.0,0.0
CRACKS35,slog,primary,0,944,0,77508,0,944,0,0,78452,0,section_267,0.0,0.0,0.0,0.0,0.9879671646355749,0.0,0.0,0.0
CRACKS35,slog,primary,0,971,0,86267,0,971,0,0,87238,0,section_277,0.0,0.0,0.0,0.0,0.988869529333434,0.0,0.0,0.0
CRACKS35,slog,primary,0,1696,0,107540,0,1696,0,0,109236,0,section_284,0.0,0.0,0.0,0.0,0.9844739829359384,0.0,0.0,0.0
CRACKS35,slog,primary,0,1106,0,77967,0,1106,0,0,79073,0,section_287,0.0,0.0,0.0,0.0,0.9860129247655981,0.0,0.0,0.0
CRACKS35,slog,primary,0,646,0,91142,0,646,0,0,91788,0,section_300,0.0,0.0,0.0,0.0,0.9929620429684716,0.0,0.0,0.0
CRACKS35,slog,inclusive_uncertain,715,2985,12615,66124,715,3700,1339,13330,82439,13330,section_010,0.08396946564880566,0.04382470119519226,0.19324324324272096,0.05363840960236036,0.9568073622826323,0.19324324324272096,0.10045011252805668,0.13218756561336914
CRACKS35,slog,inclusive_uncertain,1112,2917,10561,59684,1112,4029,1756,11673,74274,11673,section_013,0.14163800789699296,0.07621658670316914,0.27599900719713083,0.09526257174668443,0.9534033002666167,0.27599900719713083,0.15043262229062757,0.19472877037054884
CRACKS35,slog,inclusive_uncertain,597,3112,14156,63690,597,3709,1049,14753,81555,14753,section_017,0.06467338316538583,0.033417296389569875,0.16095982744631718,0.04046634582793976,0.9534145684259523,0.16095982744631718,0.07110418220018226,0.09863585845911615
CRACKS35,slog,inclusive_uncertain,387,2747,12921,72019,387,3134,772,13308,88074,13308,section_022,0.04707456513803243,0.02410464029895727,0.12348436502832329,0.029080252479689598,0.9632587004786984,0.12348436502832329,0.0580102194168485,0.07893739349914629
CRACKS35,slog,inclusive_uncertain,933,3072,8793,73940,933,4005,1482,9726,86738,9726,section_024,0.13589687568266265,0.07290201593993366,0.23295880149754566,0.09592843923494146,0.9601101127095829,0.23295880149754566,0.1523750771127366,0.1842408175948427
CRACKS35,slog,inclusive_uncertain,1268,1504,11457,54807,1268,2772,2037,12725,69036,12725,section_035,0.16364457636951432,0.08911378171333957,0.4574314574298073,0.09964636542231854,0.973291186446525,0.4574314574298073,0.16007858546156378,0.2371620682388029
CRACKS35,slog,inclusive_uncertain,1007,1994,13710,54266,1007,3001,1760,14717,70977,14717,section_041,0.11366971441465533,0.060259709173562166,0.335554815060528,0.06842427125088779,0.9645574120154703,0.335554815060528,0.11958959026967479,0.17633463794998758
CRACKS35,slog,inclusive_uncertain,443,1797,12534,59596,443,2240,868,12977,74370,12977,section_043,0.05822435434050192,0.029985108975206454,0.19776785714197426,0.03413731987359626,0.9707295620020245,0.19776785714197426,0.06688757031666263,0.09996553691081397
CRACKS35,slog,inclusive_uncertain,670,1481,10005,64200,670,2151,1196,10675,76356,10675,section_046,0.10447528457811907,0.055116814741646,0.31148303114685505,0.06276346604209576,0.9774516222345918,0.31148303114685505,0.11203747072589035,0.16479849266055407
CRACKS35,slog,inclusive_uncertain,704,2731,7970,67687,704,3435,1102,8674,79092,8674,section_051,0.11627714922775102,0.061727312582146664,0.20494905385675416,0.08116209361300303,0.9612173023941377,0.20494905385675416,0.12704634539989965,0.15685776103933266
CRACKS35,slog,inclusive_uncertain,924,2246,12127,59887,924,3170,1732,13051,75184,13051,section_067,0.113926391714374,0.06040400078442805,0.2914826498413518,0.07079917247715056,0.9638517374018696,0.2914826498413518,0.13271013715413937,0.1823826463461092
CRACKS35,slog,inclusive_uncertain,768,2357,10923,63285,768,3125,1139,11691,77333,11691,section_068,0.10367170626342895,0.05466970387239844,0.24575999999921358,0.06569155760836054,0.964093111117735,0.24575999999921358,0.09742536994260761,0.1395354249710616
CRACKS35,slog,inclusive_uncertain,1029,1523,12172,62643,1029,2552,1434,13201,77367,13201,section_106,0.13064178251753275,0.06988590057044967,0.40321316614262065,0.07794864025446711,0.9762646884641436,0.40321316614262065,0.10862813423217284,0.17114794389631205
CRACKS35,slog,inclusive_uncertain,1140,1955,8682,73308,1140,3095,1778,9822,85085,9822,section_108,0.17651157389473057,0.09679884520667674,0.3683360258469521,0.11606597434319275,0.9740244210301245,0.3683360258469521,0.18102219507210238,0.24274505111683478
CRACKS35,slog,inclusive_uncertain,1033,1876,11294,57224,1033,2909,1929,12327,71427,12327,section_116,0.1355998949854715,0.07273111314505898,0.35510484702524886,0.08379978908081138,0.9682571912011898,0.35510484702524886,0.15648576295923056,0.21723952999354354
CRACKS35,slog,inclusive_uncertain,1266,3286,9314,69684,1266,4552,1756,10580,83550,10580,section_124,0.16732751784287117,0.09130246646466803,0.2781195079080006,0.11965973534960334,0.9549677949841092,0.2781195079080006,0.16597353497148773,0.20788651194932278
CRACKS35,slog,inclusive_uncertain,1923,1808,8669,79766,1923,3731,2701,10592,92166,10592,section_131,0.26851916497921624,0.15508064516116524,0.5154114178490609,0.18155211480345396,0.9778360752199258,0.5154114178490609,0.25500377643480454,0.3411974666084094
CRACKS35,slog,inclusive_uncertain,1333,1943,8535,77241,1333,3276,2217,9868,89052,9868,section_133,0.20283018867909094,0.11286089238835588,0.40689865689741483,0.13508309687866327,0.9754622145886827,0.40689865689741483,0.2246655857314302,0.2894911315980165
CRACKS35,slog,inclusive_uncertain,628,2004,10543,74010,628,2632,1128,11171,87185,11171,section_136,0.09099471129458016,0.04766603415556154,0.23860182370730015,0.0562169904215771,0.9736364353933521,0.23860182370730015,0.10097574075722766,0.1418998055620238
CRACKS35,slog,inclusive_uncertain,1692,1116,10964,82501,1692,2808,2559,12656,96273,12656,section_167,0.218830832902083,0.12285797269813907,0.6025641025619567,0.13369152970912318,0.9866534317183125,0.6025641025619567,0.20219658659908168,0.30278915178681276
CRACKS35,slog,inclusive_uncertain,1110,1953,9855,64594,1110,3063,1735,10965,77512,10965,section_168,0.15825491873384784,0.08592661402687263,0.3623898139067503,0.10123119015038647,0.9706523209158985,0.3623898139067503,0.15823073415398245,0.22028022296307806
CRACKS35,slog,inclusive_uncertain,1442,1119,12451,83531,1442,2561,2254,13893,98543,13893,section_178,0.17527652850360076,0.09605648814275508,0.5630613041758569,0.10379327718987706,0.9867808623743666,0.5630613041758569,0.16223997696670103,0.2518982225343278
CRACKS35,slog,inclusive_uncertain,972,505,11813,72872,972,1477,1732,12785,86162,12785,section_193,0.13630626840545765,0.07313769751687499,0.6580907244369798,0.07602659366439106,0.9931177344398118,0.6580907244369798,0.1354712553772894,0.22468913011444339
CRACKS35,slog,inclusive_uncertain,889,643,12361,70684,889,1532,1846,13250,84577,13250,section_196,0.12028142335264491,0.06398905923841935,0.5802872062625308,0.06709433962259087,0.9909851809271397,0.5802872062625308,0.13932075471687597,0.2246947082006596
CRACKS35,slog,inclusive_uncertain,1344,600,8856,65026,1344,1944,2469,10200,75826,10200,section_197,0.2213438735176043,0.12444444444432921,0.6913580246878017,0.13176470588222375,0.9908572821745969,0.6913580246878017,0.24205882352917443,0.35857357539707574
CRACKS35,slog,inclusive_uncertain,1119,1464,12369,70425,1119,2583,1817,13488,85377,13488,section_204,0.13925704685449614,0.07483948635629023,0.4332171893130731,0.08296263345189578,0.9796352710427215,0.4332171893130731,0.1347123368919523,0.20551739690840531
CRACKS35,slog,inclusive_uncertain,1631,764,11846,76034,1631,2395,2656,13477,90275,13477,section_213,0.20551915322567696,0.11452847412392772,0.6810020876798288,0.12102099873850188,0.990051824266128,0.6810020876798288,0.1970765007047584,0.30568905485108677
CRACKS35,slog,inclusive_uncertain,1577,1327,12133,70739,1577,2904,2485,13710,85776,13710,section_223,0.1898398940651319,0.10487464254831091,0.5430440771331163,0.11502552881100289,0.9815863236476312,0.5430440771331163,0.18125455871613327,0.27179179507857093
CRACKS35,slog,inclusive_uncertain,1581,582,11326,73922,1581,2163,2427,12907,87411,12907,section_231,0.20982083609806912,0.11720661279552434,0.7309292649064683,0.12249167118608313,0.9921883388810008,0.7309292649064683,0.18803749903138758,0.2991231344587378
CRACKS35,slog,inclusive_uncertain,461,1281,9502,72812,461,1742,881,9963,84056,9963,section_239,0.07876975651424283,0.040999644254677156,0.2646383467263798,0.046271203452728824,0.9827109173604818,0.2646383467263798,0.08842718056801321,0.13256022125819478
CRACKS35,slog,inclusive_uncertain,1910,1110,9922,98045,1910,3020,2910,11832,110987,11832,section_250,0.2572044169133738,0.14758151753967888,0.6324503311237336,0.16142663962122936,0.9888054056778792,0.6324503311237336,0.24594320486794627,0.3541621225842618
CRACKS35,slog,inclusive_uncertain,1186,920,9634,82712,1186,2106,2287,10820,94452,10820,section_251,0.18350611171268488,0.10102214650758004,0.5631528964835558,0.10961182994444582,0.9889994260568934,0.5631528964835558,0.2113678373380671,0.3073704888343481
CRACKS35,slog,inclusive_uncertain,1713,1031,15301,77851,1713,2744,2880,17014,95896,17014,section_256,0.17339811721825418,0.09492934330834307,0.6242711370239641,0.10068179146579247,0.9869298445778522,0.6242711370239641,0.16927236393548295,0.26632906612259705
CRACKS35,slog,inclusive_uncertain,1811,733,11118,75218,1811,2544,2873,12929,88880,12929,section_261,0.23408518063708778,0.13255745864431814,0.7118710691795918,0.14007270477210915,0.9903490408288251,0.7118710691795918,0.22221362827734378,0.3387004452277944
CRACKS35,slog,inclusive_uncertain,1304,744,9877,75159,1304,2048,2449,11181,87084,11181,section_262,0.19714264116698377,0.10935010482171123,0.636718749996891,0.11662641981923205,0.9901980158885696,0.636718749996891,0.21903228691510684,0.3259405043950568
CRACKS35,slog,inclusive_uncertain,949,944,9086,77508,949,1893,1578,10035,88487,10035,section_267,0.15912139503675457,0.08643774478542085,0.501320655042254,0.09456900847025952,0.9879671646355749,0.501320655042254,0.15724962630776557,0.23940492518773665
CRACKS35,slog,inclusive_uncertain,1990,971,8487,86267,1990,2961,2716,10477,97715,10477,section_277,0.2961750260453221,0.17382948986707386,0.672070246536062,0.1899398682827241,0.988869529333434,0.672070246536062,0.2592345136964214,0.3741499219146451
CRACKS35,slog,inclusive_uncertain,1011,1696,9919,107540,1011,2707,1747,10930,120166,10930,section_284,0.14827308058946376,0.0800728655155393,0.373476172883733,0.09249771271720722,0.9844739829359384,0.373476172883733,0.15983531564486747,0.223864222479378
CRACKS35,slog,inclusive_uncertain,1410,1106,13654,77967,1410,2516,2452,15064,94137,15064,section_287,0.1604095563139019,0.0871985157698904,0.5604133545287742,0.09360063728087253,0.9860129247655981,0.5604133545287742,0.1627721720657443,0.2522719118550193
CRACKS35,slog,inclusive_uncertain,976,646,9206,91142,976,1622,1644,10182,101970,10182,section_300,0.16536767197546137,0.09013668267446422,0.6017262638680535,0.09585543115292097,0.9929620429684716,0.6017262638680535,0.1614614024747972,0.25460465225439544
CRACKS35,log,primary,933,5221,3030,63888,933,6154,1402,3963,73072,3963,section_010,0.18444202826906744,0.10158972125424477,0.15160870978200908,0.2354277062825248,0.9244526762070173,0.15160870978200908,0.3537723946496246,0.21225556229832915
CRACKS35,log,primary,907,4450,2422,58151,907,5357,1355,3329,65930,3329,section_013,0.2088418144137591,0.11659596349130145,0.16931118163119413,0.27245419044676344,0.9289148735641717,0.16931118163119413,0.40702913787802036,0.23914545196286516
CRACKS35,log,primary,666,5049,2644,61753,666,5715,1143,3310,70112,3310,section_017,0.14759002770066748,0.07967460222505122,0.11653543307066223,0.20120845921389363,0.9244184305857722,0.11653543307066223,0.3453172205427634,0.17426203208558708
CRACKS35,log,primary,551,7065,2644,67701,551,7616,830,3195,77961,3195,section_022,0.10193321616862275,0.05370370370365136,0.07234768907553527,0.17245696400572003,0.9055051761494657,0.07234768907553527,0.2597809076674185,0.11317632961516322
CRACKS35,log,primary,526,5718,2660,71294,526,6244,751,3186,80198,3186,section_024,0.11155885471886366,0.05907457322545027,0.08424087123625201,0.16509730069000284,0.9257518308833785,0.08424087123625201,0.23571876961633484,0.12412286653210587
CRACKS35,log,primary,690,3888,1992,52423,690,4578,1061,2682,58993,2682,section_035,0.19008264462783736,0.10502283105006846,0.15072083879390408,0.257270693511345,0.9309548756014046,0.15072083879390408,0.39560029828338705,0.21827897054094897
CRACKS35,log,primary,881,4432,2525,51828,881,5313,1531,3406,59666,3406,section_041,0.2020873953432709,0.11240112273524827,0.1658196875585059,0.25866118614134276,0.9212228937076216,0.1658196875585059,0.449500880797271,0.2422675211358853
CRACKS35,log,primary,691,4541,2437,56852,691,5232,1144,3128,64521,3128,section_043,0.16531100478449123,0.09010301212662655,0.13207186544317265,0.22090792838804058,0.9260339126609017,0.13207186544317265,0.36572890025458527,0.19406357105570357
CRACKS35,log,primary,503,4792,1804,60889,503,5295,902,2307,67988,2307,section_046,0.13233359642182013,0.07085505000694343,0.09499527856450427,0.21803207628860846,0.927041305704705,0.09499527856450427,0.39098396185352846,0.1528527415052421
CRACKS35,log,primary,740,5646,1907,64772,740,6386,1200,2647,73065,2647,section_051,0.16384368426861082,0.08923188231027464,0.11587848418397138,0.2795617680382336,0.9198216365132609,0.11587848418397138,0.45334340762956804,0.18457739143044707
CRACKS35,log,primary,424,5027,3046,57106,424,5451,728,3470,65603,3470,section_067,0.09505660800348048,0.04989996469336248,0.07778389286355204,0.1221902017287545,0.9190929135884444,0.07778389286355204,0.20979827089276715,0.11349052698870828
CRACKS35,log,primary,223,4707,2177,60935,223,4930,439,2400,68042,2400,section_068,0.06084583901765232,0.03137751512588803,0.04523326571998939,0.09291666666627951,0.928292861277699,0.04523326571998939,0.18291666666590453,0.0725305305921931
CRACKS35,log,primary,938,3815,1445,60351,938,4753,1148,2383,66549,2383,section_106,0.26289237668124593,0.15133914165835538,0.19734904270945225,0.3936214855207989,0.940544836829327,0.19734904270945225,0.4817456986970972,0.2799964283933985
CRACKS35,log,primary,732,5939,1643,69324,732,6671,1259,2375,77638,2375,section_108,0.16183948706592766,0.08804426268933359,0.10972867636020128,0.30821052631449175,0.9210900442447257,0.10972867636020128,0.5301052631556628,0.1818213894453715
CRACKS35,log,primary,989,6319,1335,52781,989,7308,1411,2324,61424,2324,section_116,0.20535714285692963,0.11442786069638501,0.1353311439516484,0.42555938037682634,0.8930795262265833,0.1353311439516484,0.6071428571402446,0.22132852105632092
CRACKS35,log,primary,1034,7364,1330,65606,1034,8398,1329,2364,75334,2364,section_124,0.19215759152556014,0.10629111842094335,0.12312455346496412,0.43739424703706686,0.899081814444169,0.12312455346496412,0.5621827411143732,0.20200718277154558
CRACKS35,log,primary,1284,6216,1459,75358,1284,7500,1527,2743,84317,2743,section_131,0.2507078004488424,0.14331956691579045,0.17119999999977173,0.468100619757681,0.92379924976084,0.17119999999977173,0.556689755739859,0.2618673614285378
CRACKS35,log,primary,1041,4612,1991,74572,1041,5653,1378,3032,82216,3032,section_133,0.23972366148504348,0.1361852433279223,0.1841500088445354,0.34333773086958,0.9417559102847871,0.1841500088445354,0.4544854881251501,0.26210101300218536
CRACKS35,log,primary,600,4081,1210,71933,600,4681,905,1810,77824,1810,section_136,0.1848713603448084,0.10185028008809735,0.1281777397989144,0.3314917127053509,0.9463125213775165,0.1281777397989144,0.4999999999972376,0.2040469275452701
CRACKS35,log,primary,724,3522,1773,80095,724,4246,1156,2497,86114,2497,section_167,0.21474121310957328,0.12028576175424442,0.1705134243990332,0.2899479375238689,0.9578793785951472,0.1705134243990332,0.46295554665413313,0.24923125824813588
CRACKS35,log,primary,947,3226,1120,63321,947,4173,1402,2067,68614,2067,section_168,0.3035256410251546,0.17891554883775002,0.22693505871021583,0.45815191097988317,0.9515229837556988,0.22693505871021583,0.6782776971423402,0.3400857673010298
CRACKS35,log,primary,819,6737,1830,77913,819,7556,1168,2649,87299,2649,section_178,0.1605095541399701,0.08725761772843889,0.10839068290086237,0.3091732729320152,0.9204134672178476,0.10839068290086237,0.44092110230109127,0.1740058735357966
CRACKS35,log,primary,728,5368,1319,68009,728,6096,972,2047,75424,2047,section_193,0.1788038806334535,0.09817936614956416,0.11942257217828178,0.3556424035156051,0.9268435613338067,0.11942257217828178,0.47484123106753867,0.19084709493132218
CRACKS35,log,primary,445,8479,1143,62848,445,8924,589,1588,72915,1588,section_196,0.0846651445965709,0.044203834310078266,0.04986553115189392,0.2802267002501245,0.8811249596925596,0.04986553115189392,0.370906801005221,0.08791197893453284
CRACKS35,log,primary,890,7970,1476,57656,890,8860,1241,2366,67992,2366,section_197,0.1585604845892049,0.08610681114542752,0.10045146726850963,0.37616229923763245,0.8785542315544329,0.10045146726850963,0.5245139475886538,0.16861155367153433
CRACKS35,log,primary,309,8310,1759,63579,309,8619,634,2068,73957,2068,section_204,0.057827266772660396,0.029774523029456757,0.035851026801211446,0.14941972920624072,0.8844051245669179,0.035851026801211446,0.3065764023196007,0.06419508228895883
CRACKS35,log,primary,252,8385,1273,68413,252,8637,412,1525,78323,1525,section_213,0.04959653611488919,0.025428859737613087,0.029176797499097858,0.1652459016382607,0.8908174692048112,0.029176797499097858,0.27016393442445796,0.052665857347777685
CRACKS35,log,primary,0,6463,0,65603,0,6463,0,0,72066,0,section_223,0.0,0.0,0.0,0.0,0.9103183193182763,0.0,0.0,0.0
CRACKS35,log,primary,0,5453,0,69051,0,5453,0,0,74504,0,section_231,0.0,0.0,0.0,0.0,0.9268092988294687,0.0,0.0,0.0
CRACKS35,log,primary,0,6157,0,67936,0,6157,0,0,74093,0,section_239,0.0,0.0,0.0,0.0,0.9169017316074506,0.0,0.0,0.0
CRACKS35,log,primary,0,8827,0,90328,0,8827,0,0,99155,0,section_250,0.0,0.0,0.0,0.0,0.9109777620895657,0.0,0.0,0.0
CRACKS35,log,primary,0,8153,0,75479,0,8153,0,0,83632,0,section_251,0.0,0.0,0.0,0.0,0.9025133920029531,0.0,0.0,0.0
CRACKS35,log,primary,0,9346,0,69536,0,9346,0,0,78882,0,section_256,0.0,0.0,0.0,0.0,0.8815192312567023,0.0,0.0,0.0
CRACKS35,log,primary,0,5972,0,69979,0,5972,0,0,75951,0,section_261,0.0,0.0,0.0,0.0,0.9213703572038655,0.0,0.0,0.0
CRACKS35,log,primary,0,6042,0,69861,0,6042,0,0,75903,0,section_262,0.0,0.0,0.0,0.0,0.9203984032250477,0.0,0.0,0.0
CRACKS35,log,primary,0,6486,0,71966,0,6486,0,0,78452,0,section_267,0.0,0.0,0.0,0.0,0.9173252434608529,0.0,0.0,0.0
CRACKS35,log,primary,0,8814,0,78424,0,8814,0,0,87238,0,section_277,0.0,0.0,0.0,0.0,0.8989660469060617,0.0,0.0,0.0
CRACKS35,log,primary,0,7877,0,101359,0,7877,0,0,109236,0,section_284,0.0,0.0,0.0,0.0,0.927890072869665,0.0,0.0,0.0
CRACKS35,log,primary,0,7061,0,72012,0,7061,0,0,79073,0,section_287,0.0,0.0,0.0,0.0,0.9107027683278855,0.0,0.0,0.0
CRACKS35,log,primary,0,8649,0,83139,0,8649,0,0,91788,0,section_300,0.0,0.0,0.0,0.0,0.9057719963392921,0.0,0.0,0.0
CRACKS35,log,inclusive_uncertain,1445,5221,11885,63888,1446,6666,2048,13330,82439,13330,section_010,0.14452890578108393,0.07789337502017254,0.2167716771673916,0.10840210052504995,0.9244526762070173,0.2169216921688915,0.15363840960228534,0.17987636949788566
CRACKS35,log,inclusive_uncertain,1401,4450,10272,58151,1402,5851,2218,11673,74274,11673,section_013,0.1598950011412007,0.08689449854240099,0.2394462485041199,0.12002056026718065,0.9289148735641717,0.23961715945951184,0.19001113681128243,0.2119503217262166
CRACKS35,log,inclusive_uncertain,1477,5049,13276,61753,1477,6526,2265,14753,81555,14753,section_017,0.13882231307855686,0.07458842541153692,0.22632546736097714,0.10011523080044728,0.9244184305857722,0.22632546736097714,0.15352809598037448,0.1829511186120862
CRACKS35,log,inclusive_uncertain,984,7065,12324,67701,984,8049,1612,13308,88074,13308,section_022,0.09214777356365962,0.04829921955527006,0.1222512113304482,0.07394048692510223,0.9055051761494657,0.1222512113304482,0.12113014727974065,0.12168809238065859
CRACKS35,log,inclusive_uncertain,971,5718,8755,71294,971,6689,1402,9726,86738,9726,section_024,0.11830642704835924,0.06287231287227216,0.14516370159942418,0.0998354924942424,0.9257518308833785,0.14516370159942418,0.14414970182999778,0.1446549197567744
CRACKS35,log,inclusive_uncertain,1549,3888,11176,52423,1549,5437,2370,12725,69036,12725,section_035,0.17057592776116584,0.09324023355198144,0.2848997608970298,0.12172888015707525,0.9309548756014046,0.2848997608970298,0.18624754420417583,0.2252453918793133
CRACKS35,log,inclusive_uncertain,1422,4432,13295,51828,1422,5854,2340,14717,70977,14717,section_041,0.1382528802682717,0.07425975246745299,0.24291083020115664,0.09662295304743043,0.9212228937076216,0.24291083020115664,0.15899979615399945,0.1921958216176838
CRACKS35,log,inclusive_uncertain,997,4541,11980,56852,997,5538,1693,12977,74370,12977,section_043,0.10769646232778411,0.056912889599236835,0.18002889129617186,0.07682823456879338,0.9260339126609017,0.18002889129617186,0.13046158588261503,0.1512887230561964
CRACKS35,log,inclusive_uncertain,788,4792,9887,60889,788,5580,1421,10675,76356,10675,section_046,0.09695478314358846,0.05094717786251313,0.14121863799257847,0.07381733021070368,0.927041305704705,0.14121863799257847,0.13311475409823595,0.13704699556962416
CRACKS35,log,inclusive_uncertain,1203,5646,7471,64772,1203,6849,1846,8674,79092,8674,section_051,0.15499581266497778,0.08400837988820949,0.17564607971941065,0.13869033894381058,0.9198216365132609,0.17564607971941065,0.21281992160455057,0.19245434002645725
CRACKS35,log,inclusive_uncertain,680,5027,12371,57106,680,5707,1204,13051,75184,13051,section_067,0.07250239897639807,0.0376147803960407,0.11915191869612905,0.05210328710439652,0.9190929135884444,0.11915191869612905,0.09225346716719618,0.10399145749759645
CRACKS35,log,inclusive_uncertain,511,4707,11180,60935,511,5218,951,11691,77333,11691,section_068,0.06044118516762644,0.03116233687033104,0.09793024147164062,0.04370883585660447,0.928292861277699,0.09793024147164062,0.0813446240697277,0.0888702184677301
CRACKS35,log,inclusive_uncertain,1036,3815,12165,60351,1036,4851,1532,13201,77367,13201,section_106,0.11477952581425062,0.06088387400090451,0.2135642135637733,0.07847890311334105,0.940544836829327,0.2135642135637733,0.1160518142564078,0.15038415368514188
CRACKS35,log,inclusive_uncertain,834,5939,8988,69324,834,6773,1529,9822,85085,9822,section_108,0.10051220247056311,0.052915424148180366,0.12313598110125036,0.08491142333528312,0.9210900442447257,0.12313598110125036,0.15567094278135238,0.13750514738926684
CRACKS35,log,inclusive_uncertain,1561,6319,10766,52781,1561,7880,2174,12327,71427,12327,section_116,0.1545009155242468,0.08371768743962044,0.19809644670025622,0.1266325951163084,0.8930795262265833,0.19809644670025622,0.17636083394161078,0.18659780655380778
CRACKS35,log,inclusive_uncertain,1553,7364,9027,65606,1553,8917,2220,10580,83550,10580,section_124,0.1593065599835055,0.08654703522063835,0.1741617135806054,0.14678638941384992,0.899081814444169,0.1741617135806054,0.2098298676746599,0.19033921651850416
CRACKS35,log,inclusive_uncertain,2303,6216,8289,75358,2303,8519,3078,10592,92166,10592,section_131,0.24101302914539216,0.13701808662533493,0.27033689400132604,0.21742824773393368,0.92379924976084,0.27033689400132604,0.2905966767368857,0.28010090924765174
CRACKS35,log,inclusive_uncertain,1854,4612,8014,74572,1854,6466,2538,9868,89052,9868,section_133,0.22701114240221193,0.12803867403306074,0.28673059078211144,0.1878800162138347,0.9417559102847871,0.28673059078211144,0.2571949736519485,0.27116087276515055
CRACKS35,log,inclusive_uncertain,1227,4081,9944,71933,1227,5308,2060,11171,87185,11171,section_136,0.14891680320398754,0.08044846577492758,0.23116051243362631,0.10983797332368647,0.9463125213775165,0.23116051243362631,0.1844060513828803,0.2051531572524905
CRACKS35,log,inclusive_uncertain,1427,3522,11229,80095,1427,4949,2247,12656,96273,12656,section_167,0.1621130360692064,0.08820620595865483,0.28834107900527717,0.11275284450054301,0.9578793785951472,0.28834107900527717,0.17754424778747033,0.21976780952431307
CRACKS35,log,inclusive_uncertain,1274,3226,9691,63321,1274,4500,1910,10965,77512,10965,section_168,0.16475913352721322,0.08977520963984935,0.283111111110482,0.11618787049693005,0.9515229837556988,0.283111111110482,0.17419060647498932,0.21567946574147037
CRACKS35,log,inclusive_uncertain,1579,6737,12314,77913,1579,8316,2396,13893,98543,13893,section_178,0.1421946057903813,0.0765390208433948,0.18987493987471152,0.11365435830985844,0.9204134672178476,0.18987493987471152,0.1724609515582146,0.18074947957600232
CRACKS35,log,inclusive_uncertain,1874,5368,10911,68009,1874,7242,2489,12785,86162,12785,section_193,0.18714735107595387,0.10323362529603744,0.25876829605045737,0.14657802111838358,0.9268435613338067,0.25876829605045737,0.19468126710974212,0.2221959959597716
CRACKS35,log,inclusive_uncertain,1250,8479,12000,62848,1250,9729,1870,13250,84577,13250,section_196,0.10879498672696428,0.05752680749226493,0.12848185836146728,0.09433962264143823,0.8811249596925596,0.12848185836146728,0.1411320754715916,0.13451018944501314
CRACKS35,log,inclusive_uncertain,1120,7970,9080,57656,1120,9090,1747,10200,75826,10200,section_197,0.11612234318293617,0.06164006604289397,0.12321232123198765,0.10980392156851979,0.8785542315544329,0.12321232123198765,0.17127450980375364,0.14332137793708796
CRACKS35,log,inclusive_uncertain,1740,8310,11748,63579,1740,10050,2889,13488,85377,13488,section_204,0.14784603619672534,0.07982383704923396,0.17313432835803666,0.12900355871876557,0.8844051245669179,0.17313432835803666,0.2141903914589159,0.19148640255172913
CRACKS35,log,inclusive_uncertain,1444,8385,12033,68413,1444,9829,2557,13477,90275,13477,section_213,0.12391658800303616,0.0660506815478611,0.14691219859584198,0.10714550716026774,0.8908174692048112,0.14691219859584198,0.18973065222216387,0.16559832691090476
CRACKS35,log,inclusive_uncertain,1150,6463,12560,65603,1150,7613,2093,13710,85776,13710,section_223,0.10786474698677115,0.057006890398028545,0.15105740181249042,0.0838803792851321,0.9103183193182763,0.15105740181249042,0.15266229029894043,0.15185560085161287
CRACKS35,log,inclusive_uncertain,2255,5453,10652,69051,2255,7708,3114,12907,87411,12907,section_231,0.21877273829725016,0.12282135076246033,0.2925531914889822,0.17471139691626658,0.9268092988294687,0.2925531914889822,0.24126443015399296,0.2644449147064815
CRACKS35,log,inclusive_uncertain,1116,6157,8847,67936,1116,7273,1946,9963,84056,9963,section_239,0.1294964028776227,0.06923076923072628,0.15344424584056998,0.11201445347775567,0.9169017316074506,0.15344424584056998,0.19532269396748436,0.17186917216716696
CRACKS35,log,inclusive_uncertain,955,8827,10877,90328,955,9782,1927,11832,110987,11832,section_250,0.08836864994906617,0.04622682608062044,0.09762829687170554,0.08071331981061468,0.9109777620895657,0.09762829687170554,0.16286342123042352,0.12207741530427096
CRACKS35,log,inclusive_uncertain,1207,8153,9613,75479,1207,9360,2292,10820,94452,10820,section_251,0.11962338949448978,0.06361671849466946,0.12895299145285366,0.11155268022170835,0.9025133920029531,0.12895299145285366,0.21182994454693915,0.16031380296029554
CRACKS35,log,inclusive_uncertain,1989,9346,15025,69536,1997,11335,3185,17014,95896,17014,section_256,0.14032240996150117,0.07545523520482722,0.17547419497117292,0.11690372634294292,0.8815192312567023,0.1761799735331485,0.18719877747726155,0.18152230785132137
CRACKS35,log,inclusive_uncertain,1931,5972,10998,69979,1931,7903,2773,12929,88880,12929,section_261,0.1853878648232597,0.10216390667155062,0.24433759331868363,0.1493541650551865,0.9213703572038655,0.24433759331868363,0.21447907804144598,0.2284367760583823
CRACKS35,log,inclusive_uncertain,2089,6042,9092,69861,2089,8131,3187,11181,87084,11181,section_262,0.2163421706709733,0.12129129652202213,0.25691796826926955,0.18683480905090166,0.9203984032250477,0.25691796826926955,0.2850371165367274,0.2702480613754964
CRACKS35,log,inclusive_uncertain,874,6486,9161,71966,874,7360,1795,10035,88487,10035,section_267,0.10048864616263266,0.05290236668479335,0.11874999999983865,0.08709516691570791,0.9173252434608529,0.11874999999983865,0.17887394120560152,0.14273905330605702
CRACKS35,log,inclusive_uncertain,1920,8814,8557,78424,1920,10734,2982,10477,97715,10477,section_277,0.1810381405873457,0.09952827743502175,0.1788708775850765,0.1832585663833318,0.8989660469060617,0.1788708775850765,0.2846234609141122,0.21968271414682883
CRACKS35,log,inclusive_uncertain,1803,7877,9127,101359,1803,9680,2620,10930,120166,10930,section_284,0.17496360989802281,0.09586855957882923,0.18626033057831998,0.1649588289111025,0.927890072869665,0.18626033057831998,0.2397072278131384,0.20963073626984186
CRACKS35,log,inclusive_uncertain,1197,7061,13867,72012,1197,8258,1892,15064,94137,15064,section_287,0.1026498585026573,0.05410169491522978,0.14495035117444302,0.07946096654269817,0.9107027683278855,0.14495035117444302,0.1255974508761779,0.13458171753915735
CRACKS35,log,inclusive_uncertain,1780,8649,8402,83139,1780,10429,2856,10182,101970,10182,section_300,0.17272330309049888,0.0945249853963706,0.17067791734569882,0.174818306815778,0.9057719963392921,0.17067791734569882,0.2804949911605966,0.21222151841776743
CRACKS35,canny,primary,994,3889,2969,65220,994,4883,1250,3963,73072,3963,section_010,0.22473434320571473,0.12659195109510113,0.20356338316566955,0.25082008579295784,0.9437265768567128,0.20356338316566955,0.3154176129187095,0.24743671018022906
CRACKS35,canny,primary,921,2218,2408,60383,921,3139,1146,3329,65930,3329,section_013,0.2847866419290588,0.16603569496995488,0.29340554316567885,0.2766596575539902,0.9645692560820172,0.29340554316567885,0.34424752177727774,0.3167996362898013
CRACKS35,canny,primary,926,2433,2384,64369,926,3359,1288,3310,70112,3310,section_017,0.2777028040181771,0.16123977015469051,0.2756772849054014,0.2797583081562545,0.9635789347622881,0.2756772849054014,0.3891238670683108,0.32272088949665234
CRACKS35,canny,primary,715,4456,2480,70310,715,5171,999,3195,77961,3195,section_022,0.1709299545778497,0.09345183636113782,0.1382711274412333,0.22378716744843885,0.9404007169032795,0.1382711274412333,0.31267605633704953,0.1917478207209304
CRACKS35,canny,primary,583,3682,2603,73330,583,4265,935,3186,80198,3186,section_024,0.1564890618706798,0.08488642981932894,0.13669402110167247,0.18298807281800694,0.9521892692046756,0.13669402110167247,0.293471437538313,0.18651330150897846
CRACKS35,canny,primary,882,4069,1800,52242,882,4951,1091,2682,58993,2682,section_035,0.23110179483789978,0.1306473115092125,0.1781458291250694,0.3288590604014584,0.9277405835447909,0.1781458291250694,0.40678598060996723,0.2477800774286594
CRACKS35,canny,primary,831,3635,2575,52625,831,4466,1307,3406,59666,3406,section_041,0.2111280487802196,0.11802300809527337,0.18607254814109703,0.24398120962934827,0.9353892641306549,0.18607254814109703,0.3837345860235357,0.2506197858784241
CRACKS35,canny,primary,857,3809,2271,57584,857,4666,1087,3128,64521,3128,section_043,0.21991275339976918,0.12354043534651357,0.18366909558468997,0.27397698209631083,0.9379570960857202,0.18366909558468997,0.34750639386078164,0.24032051605143342
CRACKS35,canny,primary,974,4335,1333,61346,974,5309,1387,2307,67988,2307,section_046,0.2557773109240339,0.1466425775366657,0.18346204558262674,0.42219332466223586,0.9339991778442878,0.18346204558262674,0.6012136974399601,0.2811349639382945
CRACKS35,canny,primary,1187,5009,1460,65409,1187,6196,1791,2647,73065,2647,section_051,0.26846092954849204,0.1550417972829741,0.19157520981247325,0.4484321873802477,0.9288676190745365,0.19157520981247325,0.6766150358871303,0.2986042900421609
CRACKS35,canny,primary,502,3453,2968,58680,502,3955,761,3470,65603,3470,section_067,0.1352188552186731,0.0725119167989708,0.12692793931699892,0.1446685878958367,0.9444256675195236,0.12692793931699892,0.21930835734807116,0.16079398571053988
CRACKS35,canny,primary,429,4096,1971,61546,429,4525,633,2400,68042,2400,section_068,0.12389891696733012,0.06604064039398701,0.09480662983404463,0.17874999999925523,0.9376009262361084,0.09480662983404463,0.26374999999890103,0.13947725876879716
CRACKS35,canny,primary,599,2585,1784,61581,599,3184,1123,2383,66549,2383,section_106,0.21519669480830753,0.12057165861489418,0.18812814070292674,0.2513638271076317,0.9597138671569119,0.18812814070292674,0.47125472093801407,0.26890681654170084
CRACKS35,canny,primary,419,4297,1956,70966,419,4716,607,2375,77638,2375,section_108,0.1181779720771144,0.0627997601917524,0.08884648006766573,0.17642105263083613,0.9429068732310774,0.08884648006766573,0.25557894736734493,0.13185605582498489
CRACKS35,canny,primary,377,4009,1947,55091,377,4386,683,2324,61424,2324,section_116,0.11236959761533179,0.059529448918270125,0.08595531235730516,0.16222030980997323,0.9321658206428203,0.08595531235730516,0.2938898450933998,0.13300889729982704
CRACKS35,canny,primary,653,4433,1711,68537,653,5086,937,2364,75334,2364,section_124,0.1753020134225835,0.09607179638061487,0.12839166338944477,0.2762267343473933,0.9392490064408745,0.12839166338944477,0.39636209813707124,0.1939560679528244
CRACKS35,canny,primary,743,3823,2000,77751,743,4566,940,2743,84317,2743,section_131,0.20331098645477724,0.1131586963141743,0.16272448532596864,0.27087130878501325,0.9531345771935968,0.16272448532596864,0.34269048486933035,0.22066671927658504
CRACKS35,canny,primary,481,2937,2551,76247,481,3418,675,3032,82216,3032,section_133,0.14914728682147418,0.08058301222971924,0.14072557050865792,0.15864116094934486,0.9629091735702967,0.14072557050865792,0.22262532981456917,0.1724452899813235
CRACKS35,canny,primary,462,3731,1348,72283,462,4193,584,1810,77824,1810,section_136,0.1539230384805032,0.08337845154289229,0.11018363939873556,0.25524861878312016,0.9509169363537044,0.11018363939873556,0.3226519336998749,0.1642700632863282
CRACKS35,canny,primary,221,2670,2276,80947,221,2891,473,2497,86114,2497,section_167,0.08203414996272822,0.042771434100942966,0.0764441369765602,0.08850620744858428,0.9680686941649463,0.0764441369765602,0.18942731277457178,0.10892938609052359
CRACKS35,canny,primary,667,2154,1400,64393,667,2821,963,2067,68614,2067,section_168,0.2729132569552518,0.15801942667576874,0.2364409783756241,0.32268988872606347,0.9676318992590248,0.2364409783756241,0.4658925979658157,0.3136859857573331
CRACKS35,canny,primary,238,3711,2411,80939,238,3949,411,2649,87299,2649,section_178,0.07214307365857511,0.037421383647739906,0.060268422385261415,0.08984522461272237,0.9561606615474358,0.060268422385261415,0.155152887881634,0.08681424632954865
CRACKS35,canny,primary,435,3778,1612,69599,435,4213,655,2047,75424,2047,section_193,0.1389776357825256,0.07467811158785463,0.10325183954402267,0.21250610649627502,0.948512476661495,0.10325183954402267,0.3199804592070348,0.15612499494078336
CRACKS35,canny,primary,431,2808,1157,68519,431,3239,608,1588,72915,1588,section_196,0.178578827428675,0.09804367606893075,0.1330657610369464,0.27141057934337903,0.9606320187305003,0.1330657610369464,0.38287153652151845,0.1974933451806939
CRACKS35,canny,primary,626,4227,1740,61399,626,4853,863,2366,67992,2366,section_197,0.1734312231608624,0.09494918853314888,0.1289923758497239,0.2645815722727617,0.9355895529209558,0.1289923758497239,0.36475063397986157,0.19058517884868376
CRACKS35,canny,primary,34,2835,2034,69054,34,2869,96,2068,73957,2068,section_204,0.013773546688244332,0.006934529879651367,0.011850819100690656,0.01644100580262843,0.960564203146384,0.011850819100690656,0.04642166344271557,0.01888145544496764
CRACKS35,canny,primary,0,3390,1525,73408,0,3390,0,1525,78323,1525,section_213,0.0,0.0,0.0,0.0,0.9558582254744973,0.0,0.0,0.0
CRACKS35,canny,primary,0,2990,0,69076,0,2990,0,0,72066,0,section_223,0.0,0.0,0.0,0.0,0.9585102544888078,0.0,0.0,0.0
CRACKS35,canny,primary,0,3534,0,70970,0,3534,0,0,74504,0,section_231,0.0,0.0,0.0,0.0,0.9525663051646955,0.0,0.0,0.0
CRACKS35,canny,primary,0,2783,0,71310,0,2783,0,0,74093,0,section_239,0.0,0.0,0.0,0.0,0.962439096810635,0.0,0.0,0.0
CRACKS35,canny,primary,0,5399,0,93756,0,5399,0,0,99155,0,section_250,0.0,0.0,0.0,0.0,0.9455498966263985,0.0,0.0,0.0
CRACKS35,canny,primary,0,5838,0,77794,0,5838,0,0,83632,0,section_251,0.0,0.0,0.0,0.0,0.9301941840442738,0.0,0.0,0.0
CRACKS35,canny,primary,0,3239,0,75643,0,3239,0,0,78882,0,section_256,0.0,0.0,0.0,0.0,0.9589386678835529,0.0,0.0,0.0
CRACKS35,canny,primary,0,2257,0,73694,0,2257,0,0,75951,0,section_261,0.0,0.0,0.0,0.0,0.9702834722385525,0.0,0.0,0.0
CRACKS35,canny,primary,0,2384,0,73519,0,2384,0,0,75903,0,section_262,0.0,0.0,0.0,0.0,0.9685914917722661,0.0,0.0,0.0
CRACKS35,canny,primary,0,3100,0,75352,0,3100,0,0,78452,0,section_267,0.0,0.0,0.0,0.0,0.9604853923416917,0.0,0.0,0.0
CRACKS35,canny,primary,0,3809,0,83429,0,3809,0,0,87238,0,section_277,0.0,0.0,0.0,0.0,0.9563378344298407,0.0,0.0,0.0
CRACKS35,canny,primary,0,3960,0,105276,0,3960,0,0,109236,0,section_284,0.0,0.0,0.0,0.0,0.9637482148741291,0.0,0.0,0.0
CRACKS35,canny,primary,0,2355,0,76718,0,2355,0,0,79073,0,section_287,0.0,0.0,0.0,0.0,0.9702173940534734,0.0,0.0,0.0
CRACKS35,canny,primary,0,3242,0,88546,0,3242,0,0,91788,0,section_300,0.0,0.0,0.0,0.0,0.9646794787988665,0.0,0.0,0.0
CRACKS35,canny,inclusive_uncertain,1651,3889,11679,65220,1652,5540,2047,13330,82439,13330,section_010,0.17498675145724696,0.09588245542708874,0.29801444043267505,0.12385596399090483,0.9437265768567128,0.2981949458478372,0.1535633908475967,0.20272708784672996
CRACKS35,canny,inclusive_uncertain,1717,2218,9956,60383,1717,3935,2241,11673,74274,11673,section_013,0.22001537672974114,0.12360521200768583,0.43634053367106396,0.14709157885706578,0.9645692560820172,0.43634053367106396,0.1919814957592804,0.26664450093306064
CRACKS35,canny,inclusive_uncertain,1874,2433,12879,64369,1874,4307,2630,14753,81555,14753,section_017,0.19664218258121896,0.1090422436866583,0.43510564197716484,0.12702501186190807,0.9635789347622881,0.43510564197716484,0.1782688266791986,0.25291489938310274
CRACKS35,canny,inclusive_uncertain,1165,4456,12143,70310,1165,5621,1683,13308,88074,13308,section_022,0.12309155264402605,0.06558207610894753,0.20725849492935908,0.08754132852413019,0.9404007169032795,0.20725849492935908,0.12646528403958035,0.1570820258983506
CRACKS35,canny,inclusive_uncertain,996,3682,8730,73330,996,4678,1474,9726,86738,9726,section_024,0.13829491807821556,0.07428400954648397,0.21291150064084458,0.10240592227009827,0.9521892692046756,0.21291150064084458,0.15155253958446271,0.17706700350233012
CRACKS35,canny,inclusive_uncertain,1830,4069,10895,52242,1830,5899,2188,12725,69036,12725,section_035,0.1965206185565955,0.10896748838864537,0.31022207153702286,0.14381139489183198,0.9277405835447909,0.31022207153702286,0.17194499017668216,0.22125580186734772
CRACKS35,canny,inclusive_uncertain,1973,3635,12744,52625,1973,5608,2759,14717,70977,14717,section_041,0.19414514145131898,0.10750871839575658,0.3518188302418834,0.13406264863753886,0.9353892641306549,0.3518188302418834,0.18747027247388226,0.2446019042911795
CRACKS35,canny,inclusive_uncertain,1284,3809,11693,57584,1284,5093,1789,12977,74370,12977,section_043,0.1421140011067282,0.07649231502437955,0.25211074023119556,0.09894428604446409,0.9379570960857202,0.25211074023119556,0.13785928951210769,0.17824860365951234
CRACKS35,canny,inclusive_uncertain,1621,4335,9054,61346,1621,5956,2333,10675,76356,10675,section_046,0.19493716553412604,0.10799467021978147,0.2721625251842308,0.15185011709587648,0.9339991778442878,0.2721625251842308,0.21854800936747676,0.24242632959020005
CRACKS35,canny,inclusive_uncertain,1951,5009,6723,65409,1951,6960,2919,8674,79092,8674,section_051,0.24958423947790098,0.14258569027249682,0.28031609195362023,0.2249250634076263,0.9288676190745365,0.28031609195362023,0.3365229421255055,0.3058587062373288
CRACKS35,canny,inclusive_uncertain,869,3453,12182,58680,869,4322,1327,13051,75184,13051,section_067,0.10004029240770158,0.05265390208431128,0.2010643220726491,0.06658493602017732,0.9444256675195236,0.2010643220726491,0.10167803233460908,0.13505757399408705
CRACKS35,canny,inclusive_uncertain,631,4096,11060,61546,631,4727,983,11691,77333,11691,section_068,0.0768668534534798,0.039969595236561746,0.13348847048839965,0.053973141732910804,0.9376009262361084,0.13348847048839965,0.08408177230340938,0.10317538392048561
CRACKS35,canny,inclusive_uncertain,1529,2585,11672,61581,1529,4114,2427,13201,77367,13201,section_106,0.176609875830103,0.09685797542119798,0.3716577540097918,0.11582455874546184,0.9597138671569119,0.3716577540097918,0.18384970835528833,0.24600630263988854
CRACKS35,canny,inclusive_uncertain,887,4297,8935,70966,887,5184,1438,9822,85085,9822,section_108,0.11821937891502184,0.06282314611511947,0.17110339506139835,0.09030747301965962,0.9429068732310774,0.17110339506139835,0.14640602728553612,0.1577941678194608
CRACKS35,canny,inclusive_uncertain,1260,4009,11067,55091,1260,5269,2096,12327,71427,12327,section_116,0.14321436690148714,0.07713026444657374,0.2391345606372383,0.10221465076652696,0.9321658206428203,0.2391345606372383,0.17003326032273056,0.19874890411397672
CRACKS35,canny,inclusive_uncertain,1573,4433,9007,68537,1573,6006,2476,10580,83550,10580,section_124,0.1896780417218198,0.10477586092046574,0.2619047619043258,0.1486767485820901,0.9392490064408745,0.2619047619043258,0.23402646502813418,0.2471820326609185
CRACKS35,canny,inclusive_uncertain,1615,3823,8977,77751,1615,5438,2346,10592,92166,10592,section_131,0.2014971927634426,0.11203607353443493,0.29698418536171944,0.15247356495453881,0.9531345771935968,0.29698418536171944,0.22148791540764587,0.2537394268987621
CRACKS35,canny,inclusive_uncertain,1093,2937,8775,76247,1093,4030,1834,9868,89052,9868,section_133,0.15728881853492782,0.08535728231153036,0.27121588089262727,0.11076205918107948,0.9629091735702967,0.27121588089262727,0.1858532630723694,0.2205633700006896
CRACKS35,canny,inclusive_uncertain,915,3731,10256,72283,915,4646,1248,11171,87185,11171,section_136,0.11569829929815027,0.06140115420744772,0.1969436074037948,0.08190851311424052,0.9509169363537044,0.1969436074037948,0.11171784083778379,0.14256470316249095
CRACKS35,canny,inclusive_uncertain,1011,2670,11645,80947,1011,3681,1693,12656,96273,12656,section_167,0.1237681336841992,0.06596633172382489,0.2746536267311202,0.07988305941839452,0.9680686941649463,0.2746536267311202,0.13377054361557064,0.17991375986907898
CRACKS35,canny,inclusive_uncertain,941,2154,10024,64393,941,3095,1390,10965,77512,10965,section_168,0.13385490753902285,0.07172802805086384,0.30403877221226483,0.08581851345181411,0.9676318992590248,0.30403877221226483,0.12676698586399746,0.17893018893988674
CRACKS35,canny,inclusive_uncertain,1797,3711,12096,80939,1797,5508,2661,13893,98543,13893,section_178,0.18524818308325072,0.10207907293791066,0.3262527233109545,0.12934571366866093,0.9561606615474358,0.3262527233109545,0.19153530554941944,0.24136870825841744
CRACKS35,canny,inclusive_uncertain,2231,3778,10554,69599,2231,6009,3419,12785,86162,12785,section_193,0.2374161966583817,0.1346978204430751,0.37127641870465755,0.1745013687914161,0.948512476661495,0.37127641870465755,0.2674227610478941,0.3109061874352467
CRACKS35,canny,inclusive_uncertain,1893,2808,11357,68519,1893,4701,2775,13250,84577,13250,section_196,0.21090747033579693,0.11788516627218963,0.4026802807904644,0.14286792452819405,0.9606320187305003,0.4026802807904644,0.20943396226399286,0.2755528933060843
CRACKS35,canny,inclusive_uncertain,1635,4227,8565,61399,1671,5862,2387,10200,75826,10200,section_197,0.20358610384746384,0.11332917446446708,0.2789150460588896,0.16029411764690166,0.9355895529209558,0.2850562947794523,0.23401960784290782,0.25702892658003934
CRACKS35,canny,inclusive_uncertain,1857,2835,11631,69054,1857,4692,2630,13488,85377,13488,section_204,0.2042904290427919,0.1137658518653962,0.3957800511500516,0.1376779359429584,0.960564203146384,0.3957800511500516,0.19498813760365138,0.26126123659747086
CRACKS35,canny,inclusive_uncertain,2007,3390,11470,73408,2007,5397,2678,13477,90275,13477,section_213,0.21267351912672847,0.11898974328563526,0.37187326292315753,0.14892038287441647,0.9558582254744973,0.37187326292315753,0.19870891147866832,0.2590145058978634
CRACKS35,canny,inclusive_uncertain,1306,2990,12404,69076,1306,4296,1986,13710,85776,13710,section_223,0.14506275685874426,0.07820359281432443,0.3040037243940782,0.09525893508381089,0.9585102544888078,0.3040037243940782,0.14485776805241074,0.19621776764246468
CRACKS35,canny,inclusive_uncertain,1698,3534,11209,70970,1698,5232,2735,12907,87411,12907,section_231,0.18722090523171772,0.1032783893923099,0.3245412844030494,0.13155651971788054,0.9525663051646955,0.3245412844030494,0.2119005190979996,0.2563948778895969
CRACKS35,canny,inclusive_uncertain,1348,2783,8615,71310,1348,4131,2163,9963,84056,9963,section_239,0.19128707251299043,0.10575866938639121,0.3263132413451312,0.1353006122652461,0.962439096810635,0.3263132413451312,0.21710328214371463,0.2607343403711002
CRACKS35,canny,inclusive_uncertain,1462,5399,10370,93756,1462,6861,2239,11832,110987,11832,section_250,0.1564221901245619,0.0848470779408712,0.21308847106804682,0.12356321839070016,0.9455498966263985,0.21308847106804682,0.18923258958739922,0.20045325056295438
CRACKS35,canny,inclusive_uncertain,1269,5838,9551,77794,1269,7107,2519,10820,94452,10820,section_251,0.14157416187865143,0.07617961339892172,0.17855635289126418,0.11728280961172154,0.9301941840442738,0.17855635289126418,0.23280961182972937,0.2021053648617475
CRACKS35,canny,inclusive_uncertain,2558,3239,14456,75643,2558,5797,4068,17014,95896,17014,section_256,0.2242777607293743,0.12630227620593182,0.4412627220968755,0.1503467732454741,0.9589386678835529,0.4412627220968755,0.2390972140588697,0.3101437352905089
CRACKS35,canny,inclusive_uncertain,2557,2257,10372,73694,2557,4814,3375,12929,88880,12929,section_261,0.28822634278290693,0.16837876991955197,0.5311591192344596,0.19777244953190673,0.9702834722385525,0.5311591192344596,0.26104107046155073,0.35004875061526974
CRACKS35,canny,inclusive_uncertain,2479,2384,8702,73519,2479,4863,3775,11181,87084,11181,section_262,0.3090251807527368,0.18274972355312735,0.5097676331472142,0.22171541007045725,0.9685914917722661,0.5097676331472142,0.3376263303815959,0.4062124128876731
CRACKS35,canny,inclusive_uncertain,1215,3100,8820,75352,1215,4315,1853,10035,88487,10035,section_267,0.16933797909395865,0.0925009516558108,0.2815758980294749,0.12107623318373584,0.9604853923416917,0.2815758980294749,0.18465371200778807,0.22304046138858954
CRACKS35,canny,inclusive_uncertain,2336,3809,8141,83429,2336,6145,3321,10477,97715,10477,section_277,0.28107327638053115,0.1635167296652922,0.38014646053640333,0.22296458909972036,0.9563378344298407,0.38014646053640333,0.3169800515411692,0.34570150708055747
CRACKS35,canny,inclusive_uncertain,1962,3960,8968,105276,1962,5922,2676,10930,120166,10930,section_284,0.2328507002134863,0.1317662860979639,0.33130699088089954,0.17950594693487693,0.9637482148741291,0.33130699088089954,0.24483074107937342,0.281578970425239
CRACKS35,canny,inclusive_uncertain,1694,2355,13370,76718,1694,4049,2469,15064,94137,15064,section_287,0.17726154973045713,0.09725012916924206,0.41837490738350613,0.11245353159843835,0.9702173940534734,0.41837490738350613,0.16390069038757044,0.23553085599268916
CRACKS35,canny,inclusive_uncertain,1461,3242,8721,88546,1461,4703,2281,10182,101970,10182,section_300,0.1963050050384976,0.10883492252673656,0.3106527748239195,0.14348850913362454,0.9646794787988665,0.3106527748239195,0.2240227853071852,0.2603197294478806
CRACKS39,real,primary,307,3723,3656,65386,307,4030,582,3963,73072,3963,section_010,0.07681721506308418,0.03994275305745519,0.07617866004943877,0.07746656573283506,0.9461285794902334,0.07617866004943877,0.14685844057495115,0.10031944180617015
CRACKS39,real,primary,222,2481,3107,60120,222,2703,471,3329,65930,3329,section_013,0.07360742705558089,0.038209982788230276,0.08213096559348083,0.06668669270031034,0.9603680452387405,0.08213096559348083,0.1414839291074152,0.10393056517493432
CRACKS39,real,primary,305,2206,3005,64596,305,2511,554,3310,70112,3310,section_017,0.10479299089485519,0.05529369108039287,0.12146555157259473,0.0921450151054618,0.9669770366155255,0.12146555157259473,0.16737160120795355,0.1407705550255568
CRACKS39,real,primary,217,1567,2978,73199,217,1784,630,3195,77961,3195,section_022,0.08716609760978677,0.04556908861813194,0.12163677129976662,0.06791862284798773,0.9790412754459275,0.12163677129976662,0.19718309859093214,0.15045934698744157
CRACKS39,real,primary,251,1785,2935,75227,251,2036,414,3186,80198,3186,section_024,0.09613175028706218,0.05049285857966105,0.12328094302493478,0.07878217200226371,0.9768217940060021,0.12328094302493478,0.1299435028244509,0.12652456899889472
CRACKS39,real,primary,0,1799,2682,54512,0,1799,0,2682,58993,2682,section_035,0.0,0.0,0.0,0.0,0.9680524231498343,0.0,0.0,0.0
CRACKS39,real,primary,126,2401,3280,53859,126,2527,324,3406,59666,3406,section_041,0.0424742963087098,0.021697950749058555,0.049861495844678035,0.03699354081022609,0.957323142552265,0.049861495844678035,0.09512624779772423,0.0654281053417037
CRACKS39,real,primary,103,2729,3025,58664,103,2832,302,3128,64521,3128,section_043,0.03456375838920375,0.017585794775452305,0.036370056497046714,0.032928388746697804,0.9555486781879114,0.036370056497046714,0.09654731457769647,0.0528362996236645
CRACKS39,real,primary,5,2934,2302,62747,5,2939,32,2307,67988,2307,section_046,0.00190621425847902,0.0009540164090804159,0.0017012589316036024,0.0021673168617157897,0.955329547357538,0.0017012589316036024,0.013870827914981055,0.0030307889954169767
CRACKS39,real,primary,286,2656,2361,67762,286,2942,505,2647,73065,2647,section_051,0.1023438897833202,0.053931736752679746,0.09721278042115156,0.10804684548504705,0.9622823709845548,0.09721278042115156,0.1907820173774432,0.12879711620764994
CRACKS39,real,primary,19,2361,3451,59772,19,2380,35,3470,65603,3470,section_067,0.006495726495715392,0.0032584462356315238,0.007983193277277381,0.005475504322750791,0.9620008691032202,0.007983193277277381,0.010086455331383037,0.008912412142027194
CRACKS39,real,primary,101,3028,2299,62614,101,3129,306,2400,68042,2400,section_068,0.036534635557901006,0.01860722181278812,0.032278683285291536,0.04208333333315799,0.9538709972272397,0.032278683285291536,0.12749999999946876,0.05151540589361001
CRACKS39,real,primary,413,2102,1970,62064,413,2515,746,2383,66549,2383,section_106,0.16864026133081128,0.09208472686713025,0.16421471172896934,0.17331095258005325,0.9672412180904268,0.16421471172896934,0.3130507763310405,0.2154253479486508
CRACKS39,real,primary,412,2603,1963,72660,412,3015,772,2375,77638,2375,section_108,0.15287569573255497,0.08276416231401615,0.1366500829182864,0.17347368420979592,0.9654146127578006,0.1366500829182864,0.32505263157757874,0.19241155272100255
CRACKS39,real,primary,140,3218,2184,55882,140,3358,350,2324,61424,2324,section_116,0.049278423090374376,0.02526163839764478,0.04169148302548633,0.06024096385516248,0.9455499153974712,0.04169148302548633,0.1506024096379062,0.06530459591334117
CRACKS39,real,primary,298,3915,2066,69055,298,4213,454,2364,75334,2364,section_124,0.09061882317152103,0.04745978659014579,0.07073344410142242,0.12605752961029587,0.9463478141700773,0.07073344410142242,0.19204737732575278,0.10338784876445993
CRACKS39,real,primary,298,3821,2445,77753,298,4119,462,2743,84317,2743,section_131,0.0868551442726802,0.04539914686160055,0.07234765719817347,0.10864017499048984,0.9531590948095039,0.07234765719817347,0.1684287276698198,0.1012177614708564
CRACKS39,real,primary,199,3049,2833,76135,199,3248,288,3032,82216,3032,section_133,0.06337579617824303,0.032724880776134314,0.06126847290621531,0.06563324538236928,0.9614947464132955,0.06126847290621531,0.09498680738754951,0.0744895948665899
CRACKS39,real,primary,193,2227,1617,73787,193,2420,362,1810,77824,1810,section_136,0.0912529550825266,0.047807778052891235,0.07975206611537293,0.10662983425355453,0.9707027652799524,0.07975206611537293,0.19999999999889503,0.11403249223052295
CRACKS39,real,primary,419,750,2078,82867,419,1169,643,2497,86114,2497,section_167,0.22858701582043484,0.1290421927929503,0.3584260051295259,0.16780136163328874,0.9910305320687192,0.3584260051295259,0.2575090108119443,0.2997002025955633
CRACKS39,real,primary,646,1077,1421,65470,646,1723,917,2067,68614,2067,section_168,0.3408970976244304,0.2054707379128325,0.37492745211622214,0.312530237057027,0.9838159496294373,0.37492745211622214,0.44363812288125964,0.40639898408141806
CRACKS39,real,primary,153,2010,2496,82640,153,2163,336,2649,87299,2649,section_178,0.06359102244375812,0.03283966516412784,0.07073509015223886,0.05775764439389295,0.9762551683401092,0.07073509015223886,0.12684031710031393,0.09082163550296991
CRACKS39,real,primary,186,1024,1861,72353,186,1210,360,2047,75424,2047,section_193,0.114215535768762,0.06056659068687539,0.15371900826319243,0.09086468001909691,0.9860446733988871,0.15371900826319243,0.17586712261760692,0.1640488862949924
CRACKS39,real,primary,205,1303,1383,70024,205,1508,298,1588,72915,1588,section_196,0.13242894056804771,0.07090971981988617,0.13594164456143276,0.1290931989916304,0.9817320229364783,0.13594164456143276,0.1876574307292969,0.15766706957527105
CRACKS39,real,primary,192,624,2174,65002,192,816,601,2366,67992,2366,section_197,0.12067881835285771,0.06421404682252771,0.23529411764417532,0.0811496196108151,0.9904915734615869,0.23529411764417532,0.2540152155526035,0.24429652465315235
CRACKS39,real,primary,102,1217,1966,70672,102,1319,212,2068,73957,2068,section_204,0.06023029229388772,0.03105022831040776,0.07733131159911046,0.049323017407885285,0.9830711235375394,0.07733131159911046,0.1025145067693302,0.08815974591489968
CRACKS39,real,primary,120,696,1405,76102,120,816,300,1525,78323,1525,section_213,0.10252029047371841,0.054029716343745926,0.14705882352760957,0.07868852458964795,0.9909372639911208,0.14705882352760957,0.19672131147411986,0.16830294040423407
CRACKS39,real,primary,0,1320,0,70746,0,1320,0,0,72066,0,section_223,0.0,0.0,0.0,0.0,0.9816834568311018,0.0,0.0,0.0
CRACKS39,real,primary,0,1145,0,73359,0,1145,0,0,74504,0,section_231,0.0,0.0,0.0,0.0,0.9846316976268409,0.0,0.0,0.0
CRACKS39,real,primary,0,339,0,73754,0,339,0,0,74093,0,section_239,0.0,0.0,0.0,0.0,0.9954246689969369,0.0,0.0,0.0
CRACKS39,real,primary,0,1875,0,97280,0,1875,0,0,99155,0,section_250,0.0,0.0,0.0,0.0,0.9810902122937843,0.0,0.0,0.0
CRACKS39,real,primary,0,1232,0,82400,0,1232,0,0,83632,0,section_251,0.0,0.0,0.0,0.0,0.98526879663275,0.0,0.0,0.0
CRACKS39,real,primary,0,1184,0,77698,0,1184,0,0,78882,0,section_256,0.0,0.0,0.0,0.0,0.9849902385840895,0.0,0.0,0.0
CRACKS39,real,primary,0,544,0,75407,0,544,0,0,75951,0,section_261,0.0,0.0,0.0,0.0,0.9928374873272251,0.0,0.0,0.0
CRACKS39,real,primary,0,315,0,75588,0,315,0,0,75903,0,section_262,0.0,0.0,0.0,0.0,0.9958499664043587,0.0,0.0,0.0
CRACKS39,real,primary,0,1364,0,77088,0,1364,0,0,78452,0,section_267,0.0,0.0,0.0,0.0,0.9826135726302729,0.0,0.0,0.0
CRACKS39,real,primary,0,955,0,86283,0,955,0,0,87238,0,section_277,0.0,0.0,0.0,0.0,0.9890529356471963,0.0,0.0,0.0
CRACKS39,real,primary,0,822,0,108414,0,822,0,0,109236,0,section_284,0.0,0.0,0.0,0.0,0.9924750082389513,0.0,0.0,0.0
CRACKS39,real,primary,0,924,0,78149,0,924,0,0,79073,0,section_287,0.0,0.0,0.0,0.0,0.9883145953737701,0.0,0.0,0.0
CRACKS39,real,primary,0,1060,0,90728,0,1060,0,0,91788,0,section_300,0.0,0.0,0.0,0.0,0.9884516494529799,0.0,0.0,0.0
CRACKS39,real,inclusive_uncertain,691,3723,12639,65386,692,4414,1149,13330,82439,13330,section_010,0.07788548241654762,0.04052072949038848,0.1565473493426449,0.05183795948983358,0.9461285794902334,0.15677390122302498,0.08619654913721965,0.11123466828163593
CRACKS39,real,inclusive_uncertain,463,2481,11210,60120,463,2944,891,11673,74274,11673,section_013,0.06335089279601604,0.03271160096083601,0.15726902173859625,0.0396641823010026,0.9603680452387405,0.15726902173859625,0.07632999228983438,0.10277734050186643
CRACKS39,real,inclusive_uncertain,526,2206,14227,64596,526,2732,973,14753,81555,14753,section_017,0.060165856448349916,0.031015979715766837,0.1925329428982704,0.03565376533583972,0.9669770366155255,0.1925329428982704,0.06595268758892024,0.09824967460174489
CRACKS39,real,inclusive_uncertain,288,1567,13020,73199,288,1855,718,13308,88074,13308,section_022,0.0379872056980558,0.019361344537802107,0.15525606468919,0.021641118124420166,0.9790412754459275,0.15525606468919,0.05395250976851972,0.0800775395376637
CRACKS39,real,inclusive_uncertain,943,1785,8783,75227,943,2728,1457,9726,86738,9726,section_024,0.15143728922422398,0.08192164017020075,0.34567448680225193,0.09695661114528381,0.9768217940060021,0.34567448680225193,0.1498046473368807,0.20902451778768516
CRACKS39,real,inclusive_uncertain,941,1799,11784,54512,941,2740,1295,12725,69036,12725,section_035,0.12169414807622263,0.06478931423845717,0.3434306569330532,0.07394891944984365,0.9680524231498343,0.3434306569330532,0.10176817288793573,0.1570098901597927
CRACKS39,real,inclusive_uncertain,1034,2401,13683,53859,1034,3435,1576,14717,70977,14717,section_041,0.11392684001756614,0.06040425283323963,0.3010189228521077,0.07025888428343395,0.957323142552265,0.3010189228521077,0.10708704219602698,0.1579747813761571
CRACKS39,real,inclusive_uncertain,768,2729,12209,58664,768,3497,1232,12977,74370,12977,section_043,0.09323782930672984,0.04889851012348854,0.21961681441172543,0.05918162903594114,0.9555486781879114,0.21961681441172543,0.09493719657848891,0.13256740203868592
CRACKS39,real,inclusive_uncertain,259,2934,10416,62747,259,3193,406,10675,76356,10675,section_046,0.0373521776751966,0.019031523256654397,0.08111493892865294,0.024262295081944482,0.955329547357538,0.08111493892865294,0.03803278688521027,0.05178490660199943
CRACKS39,real,inclusive_uncertain,616,2656,8058,67762,616,3272,1035,8674,79092,8674,section_051,0.10313075506437039,0.05436893203878696,0.18826405867913124,0.07101683191137766,0.9622823709845548,0.18826405867913124,0.1193221120588894,0.1460668034725908
CRACKS39,real,inclusive_uncertain,322,2361,12729,59772,322,2683,526,13051,75184,13051,section_067,0.040930469047895685,0.02089281079676817,0.1200149086838613,0.024672438893552466,0.9620008691032202,0.1200149086838613,0.04030342502487142,0.06034258790490882
CRACKS39,real,inclusive_uncertain,137,3028,11554,62614,137,3165,451,11691,77333,11691,section_068,0.01844372644048301,0.009307697533793527,0.04328593996826766,0.011718415875449731,0.9538709972272397,0.04328593996826766,0.0385766829184513,0.04079585329960442
CRACKS39,real,inclusive_uncertain,622,2102,12579,62064,622,2724,1098,13201,77367,13201,section_106,0.07811616954469192,0.0406456250408151,0.2283406754764011,0.047117642602797424,0.9672412180904268,0.2283406754764011,0.08317551700622439,0.1219349336242595
CRACKS39,real,inclusive_uncertain,575,2603,9247,72660,575,3178,1086,9822,85085,9822,section_108,0.08846153846147041,0.046277665995938605,0.18093140339779443,0.0585420484625753,0.9654146127578006,0.18093140339779443,0.11056811240062046,0.13725747026788557
CRACKS39,real,inclusive_uncertain,621,3218,11706,55882,621,3839,1042,12327,71427,12327,section_116,0.07682791042924852,0.039948536506889704,0.16176087522750257,0.050377220734931144,0.9455499153974712,0.16176087522750257,0.08452989372914373,0.11103647201441505
CRACKS39,real,inclusive_uncertain,657,3915,9923,69055,657,4572,1016,10580,83550,10580,section_124,0.0867212249207453,0.045325974473925265,0.1437007874012605,0.06209829867668988,0.9463478141700773,0.1437007874012605,0.0960302457466011,0.11512586561108633
CRACKS39,real,inclusive_uncertain,444,3821,10148,77753,444,4265,779,10592,92166,10592,section_131,0.0597698054788586,0.030805522791902584,0.10410316529870081,0.041918429002981566,0.9531590948095039,0.10410316529870081,0.07354607250748343,0.08619658161085952
CRACKS39,real,inclusive_uncertain,249,3049,9619,76135,249,3298,437,9868,89052,9868,section_133,0.03782469998478063,0.019276921885871892,0.07550030321384021,0.025233076611243174,0.9614947464132955,0.07550030321384021,0.04428455614101714,0.055825037575190924
CRACKS39,real,inclusive_uncertain,316,2227,10855,73787,316,2543,607,11171,87185,11171,section_136,0.04608429342274604,0.023585609792488738,0.12426268187131631,0.02828753021213115,0.9707027652799524,0.12426268187131631,0.054337122907479773,0.07561123874644018
CRACKS39,real,inclusive_uncertain,819,750,11837,82867,819,1569,1250,12656,96273,12656,section_167,0.11514938488568355,0.06109204833652014,0.5219885277213385,0.06471238938047984,0.9910305320687192,0.5219885277213385,0.09876738305934041,0.16610535363141474
CRACKS39,real,inclusive_uncertain,1152,1077,9813,65470,1152,2229,1429,10965,77512,10965,section_168,0.1746248294678076,0.09566517189827631,0.5168236877500367,0.10506155950742811,0.9838159496294373,0.5168236877500367,0.13032375740982186,0.20815782977728745
CRACKS39,real,inclusive_uncertain,403,2010,13490,82640,403,2413,789,13893,98543,13893,section_178,0.04942965779464649,0.025341130604272562,0.16701201823387066,0.029007413805492686,0.9762551683401092,0.16701201823387066,0.056791189807776005,0.08476027566265383
CRACKS39,real,inclusive_uncertain,186,1024,12599,72353,186,1210,360,12785,86162,12785,section_193,0.026580921757751636,0.013469476428406495,0.15371900826319243,0.014548298787630387,0.9860446733988871,0.15371900826319243,0.028157997653478168,0.04759721234873446
CRACKS39,real,inclusive_uncertain,548,1303,12702,70024,548,1851,1133,13250,84577,13250,section_196,0.07257797496849706,0.037655466226868925,0.2960561858438895,0.04135849056600652,0.9817320229364783,0.2960561858438895,0.08550943396219961,0.13269327683095616
CRACKS39,real,inclusive_uncertain,385,624,9815,65002,385,1009,922,10200,75826,10200,section_197,0.0686947988223136,0.03556910569102405,0.3815659068346723,0.03774509803917868,0.9904915734615869,0.3815659068346723,0.09039215686265648,0.14615944604503409
CRACKS39,real,inclusive_uncertain,654,1217,12834,70672,654,1871,1204,13488,85377,13488,section_204,0.08516179438759999,0.04447466848007856,0.34954569748610614,0.04848754448394981,0.9830711235375394,0.34954569748610614,0.08926453143528376,0.14221196377738288
CRACKS39,real,inclusive_uncertain,475,696,13002,76102,475,1171,1061,13477,90275,13477,section_213,0.06485527034402999,0.033514428843552165,0.4056362083654515,0.03524523261850913,0.9909372639911208,0.4056362083654515,0.07872671959629092,0.13186148456557545
CRACKS39,real,inclusive_uncertain,310,1320,13400,70746,310,1630,603,13710,85776,13710,section_223,0.040417209908708986,0.02062541583498295,0.19018404907858785,0.022611232676861697,0.9816834568311018,0.19018404907858785,0.0439824945295084,0.071442900527956
CRACKS39,real,inclusive_uncertain,416,1145,12491,73359,416,1561,557,12907,87411,12907,section_231,0.057506220624787455,0.02960432678620153,0.26649583600085525,0.03223057255750195,0.9846316976268409,0.26649583600085525,0.043154877198386024,0.07428108003544498
CRACKS39,real,inclusive_uncertain,243,339,9720,73754,243,582,573,9963,84056,9963,section_239,0.0460881934565708,0.023587652882912456,0.4175257731887023,0.02439024390241454,0.9954246689969369,0.4175257731887023,0.05751279735013799,0.10109947345591712
CRACKS39,real,inclusive_uncertain,659,1875,11173,97280,659,2534,947,11832,110987,11832,section_250,0.09174439649165268,0.048077624571351806,0.2600631412775846,0.05569641649758646,0.9810902122937843,0.2600631412775846,0.08003718728864094,0.12240342031446236
CRACKS39,real,inclusive_uncertain,502,1232,10318,82400,502,1734,979,10820,94452,10820,section_251,0.07997451011623388,0.0416528377032512,0.28950403690721166,0.04639556377075194,0.98526879663275,0.28950403690721166,0.09048059149714373,0.13787134453735958
CRACKS39,real,inclusive_uncertain,175,1184,16839,77698,175,1359,361,17014,95896,17014,section_256,0.019049692483525255,0.009616441367177922,0.12877115526027394,0.01028564711413525,0.9849902385840895,0.12877115526027394,0.021217820618301856,0.03643258546112031
CRACKS39,real,inclusive_uncertain,537,544,12392,75407,537,1081,664,12929,88880,12929,section_261,0.07665952890786819,0.0398574927632748,0.49676225716469236,0.041534534766771186,0.9928374873272251,0.49676225716469236,0.051357413566361386,0.09309070840637985
CRACKS39,real,inclusive_uncertain,525,315,10656,75588,525,840,817,11181,87084,11181,section_262,0.08734714250055124,0.04566805845507509,0.6249999999925595,0.04695465521863254,0.9958499664043587,0.6249999999925595,0.0730703872640434,0.13084351440473999
CRACKS39,real,inclusive_uncertain,424,1364,9611,77088,424,1788,725,10035,88487,10035,section_267,0.0717246045842242,0.03719624528464146,0.23713646532305854,0.04225211758839835,0.9826135726302729,0.23713646532305854,0.07224713502733209,0.11075202213004126
CRACKS39,real,inclusive_uncertain,671,955,9806,86283,671,1626,1279,10477,97715,10477,section_277,0.1108815996033125,0.05869489153248889,0.412669126688729,0.06404505106417481,0.9890529356471963,0.412669126688729,0.12207693041889654,0.1884160851796132
CRACKS39,real,inclusive_uncertain,463,822,10467,108414,463,1285,924,10930,120166,10930,section_284,0.07580843225536159,0.03939754935326804,0.3603112840438887,0.04236047575476454,0.9924750082389513,0.3603112840438887,0.08453796889287782,0.13694519317023074
CRACKS39,real,inclusive_uncertain,445,924,14619,78149,445,1369,689,15064,94137,15064,section_287,0.05415931357630733,0.027833375031256043,0.3250547845118696,0.029540626659566156,0.9883145953737701,0.3250547845118696,0.0457381837493058,0.08019254049693861
CRACKS39,real,inclusive_uncertain,774,1060,9408,90728,774,1834,1234,10182,101970,10182,section_300,0.12882822902785548,0.06884895925985692,0.42202835332376215,0.07601649970528775,0.9884516494529799,0.42202835332376215,0.12119426438801689,0.18831106519773708
CRACKS39,slog,primary,514,2849,3449,66260,514,3363,951,3963,73072,3963,section_010,0.14032214032194879,0.0754550792717624,0.15283972643427643,0.12969972243217337,0.9587752680546733,0.15283972643427643,0.2399697199085542,0.18674146332833197
CRACKS39,slog,primary,668,2517,2661,60084,668,3185,980,3329,65930,3329,section_013,0.20509671476787675,0.11426616489888083,0.2097331240181798,0.20066085911624915,0.9597929745529689,0.2097331240181798,0.2943826975058745,0.24495085829043167
CRACKS39,slog,primary,475,2135,2835,64667,475,2610,733,3310,70112,3310,section_017,0.1604729729727019,0.08723599632674521,0.18199233716405366,0.14350453172162084,0.9680398790453927,0.18199233716405366,0.2214501510567328,0.19979169638242664
CRACKS39,slog,primary,449,2613,2746,72153,449,3062,669,3195,77961,3195,section_022,0.1435192584303284,0.07730716253430216,0.14663618549919452,0.14053208137671194,0.9650509589919262,0.14663618549919452,0.209389671360847,0.17248242641512745
CRACKS39,slog,primary,526,3210,2660,73802,526,3736,718,3186,80198,3186,section_024,0.1519791967637215,0.08223889931194146,0.1407922912201799,0.16509730069000284,0.9583181841789645,0.1407922912201799,0.22536095417380617,0.17331040826363914
CRACKS39,slog,primary,361,2007,2321,54304,361,2368,484,2682,58993,2682,section_035,0.14297029702941985,0.07698869695014504,0.15244932432368055,0.1346010439965153,0.9643586510626762,0.15244932432368055,0.18046234153549418,0.16527724335263605
CRACKS39,slog,primary,426,2264,2980,53996,426,2690,582,3406,59666,3406,section_041,0.1397637795273298,0.07513227513214263,0.1583643122670693,0.125073399882193,0.9597582651971277,0.1583643122670693,0.17087492659961576,0.16438192182604194
CRACKS39,slog,primary,422,2114,2706,59279,422,2536,525,3128,64521,3128,section_043,0.14901129943476515,0.08050362457062094,0.16640378548830284,0.13491048593307253,0.9655661068849926,0.16640378548830284,0.16783887467977035,0.16711824426705663
CRACKS39,slog,primary,292,2369,2015,63312,292,2661,380,2307,67988,2307,section_046,0.11755233494340267,0.06244653550029417,0.10973318301349218,0.1265713047242021,0.9639317306373284,0.10973318301349218,0.1647160814904,0.13171701727486274
CRACKS39,slog,primary,470,3342,2177,67076,470,3812,706,2647,73065,2647,section_051,0.14553336429765362,0.07847720821492991,0.12329485834175422,0.17755950132158083,0.9525405436108734,0.12329485834175422,0.2667170381553959,0.16863505389901265
CRACKS39,slog,primary,69,2056,3401,60077,69,2125,195,3470,65603,3470,section_067,0.024664879356524283,0.012486427795851454,0.03247058823514132,0.01988472622472656,0.9669096937213773,0.03247058823514132,0.05619596541770549,0.04115905654579792
CRACKS39,slog,primary,241,1852,2159,63790,241,2093,313,2400,68042,2400,section_068,0.10727798798106548,0.056679209783497934,0.11514572384082587,0.10041666666624827,0.9717863562961258,0.11514572384082587,0.13041666666612328,0.12230635840973145
CRACKS39,slog,primary,614,2249,1769,61917,614,2863,852,2383,66549,2383,section_106,0.23408311094122364,0.1325561312605083,0.21446035626889814,0.2576584137630816,0.9649502851976179,0.21446035626889814,0.357532522029553,0.2681031656888984
CRACKS39,slog,primary,407,3357,1968,71906,407,3764,740,2375,77638,2375,section_108,0.1325948851602336,0.0710048848568196,0.10812964930895821,0.17136842105191002,0.9553964099224114,0.10812964930895821,0.31157894736710917,0.16054434803078813
CRACKS39,slog,primary,76,2965,2248,56135,76,3041,196,2324,61424,2324,section_116,0.028331780055865178,0.014369446020014427,0.02499177901997701,0.03270223752137392,0.9498307952621067,0.02499177901997701,0.08433734939722747,0.038557706203132716
CRACKS39,slog,primary,398,3860,1966,69110,398,4258,672,2364,75334,2364,section_124,0.12020537601914799,0.06394601542406178,0.09347111319846531,0.16835871404328107,0.9471015485814791,0.09347111319846531,0.2842639593896605,0.14068308691002243
CRACKS39,slog,primary,345,3318,2398,78256,345,3663,487,2743,84317,2743,section_131,0.10771152044941038,0.05692130011539858,0.09418509418483706,0.12577469923395634,0.959325275210121,0.09418509418483706,0.17754283630996157,0.1230781695047435
CRACKS39,slog,primary,488,3128,2544,76056,488,3616,698,3032,82216,3032,section_133,0.1468110709985758,0.07922077922065061,0.13495575221201617,0.1609498680733478,0.9604970701150535,0.13495575221201617,0.230211081793436,0.17015953239451975
CRACKS39,slog,primary,567,3461,1243,72553,567,4028,763,1810,77824,1810,section_136,0.19424460431621404,0.10756972111533378,0.14076464746737646,0.3132596685065566,0.9544689136210495,0.14076464746737646,0.4215469613236379,0.21105347077567405
CRACKS39,slog,primary,385,1479,2112,82138,385,1864,518,2497,86114,2497,section_167,0.1765650080252773,0.09683098591524943,0.20654506437657433,0.15418502202581424,0.9823122092396305,0.20654506437657433,0.207448938725641,0.20699600983534253
CRACKS39,slog,primary,555,969,1512,65578,555,1524,828,2067,68614,2067,section_168,0.309106098578922,0.1828063241100698,0.3641732283440671,0.26850507982453553,0.9854388627585038,0.3641732283440671,0.4005805515220098,0.3815102706066059
CRACKS39,slog,primary,372,1718,2277,82932,372,2090,522,2649,87299,2649,section_178,0.15699514665508124,0.08518433707331077,0.17799043062115794,0.14043035107534757,0.9797046662727726,0.17799043062115794,0.19705549263798772,0.18703838053172417
CRACKS39,slog,primary,72,1555,1975,71822,72,1627,142,2047,75424,2047,section_193,0.03919433859542952,0.01998889505824545,0.04425322679751535,0.03517342452352138,0.9788080733743573,0.04425322679751535,0.06936980947694495,0.05403547981398734
CRACKS39,slog,primary,50,1736,1538,69591,50,1786,130,1588,72915,1588,section_196,0.029638411381062126,0.01504211793015932,0.027995520716528582,0.03148614609551961,0.9756613904971504,0.027995520716528582,0.08186397984835099,0.04172282821938314
CRACKS39,slog,primary,208,1406,2158,64220,208,1614,456,2366,67992,2366,section_197,0.10452261306506401,0.05514316012710726,0.12887236678978395,0.08791208791171636,0.9785755645626767,0.12887236678978395,0.19273034657568586,0.15446147753667164
CRACKS39,slog,primary,69,1915,1999,69974,69,1984,141,2068,73957,2068,section_204,0.03405725567612523,0.017323625407940437,0.03477822580627632,0.03336557059945181,0.9733617104145317,0.03477822580627632,0.06818181818148848,0.04606141074634767
CRACKS39,slog,primary,272,1284,1253,75514,272,1556,358,1525,78323,1525,section_213,0.17656604998319844,0.09683161267320459,0.1748071979423213,0.17836065573653534,0.983280814604419,0.1748071979423213,0.23475409835911637,0.20039347227508914
CRACKS39,slog,primary,0,1921,0,70145,0,1921,0,0,72066,0,section_223,0.0,0.0,0.0,0.0,0.9733438792216894,0.0,0.0,0.0
CRACKS39,slog,primary,0,830,0,73674,0,830,0,0,74504,0,section_231,0.0,0.0,0.0,0.0,0.9888596585416906,0.0,0.0,0.0
CRACKS39,slog,primary,0,730,0,73363,0,730,0,0,74093,0,section_239,0.0,0.0,0.0,0.0,0.9901475173091938,0.0,0.0,0.0
CRACKS39,slog,primary,0,740,0,98415,0,740,0,0,99155,0,section_250,0.0,0.0,0.0,0.0,0.9925369371185525,0.0,0.0,0.0
CRACKS39,slog,primary,0,739,0,82893,0,739,0,0,83632,0,section_251,0.0,0.0,0.0,0.0,0.9911636694087202,0.0,0.0,0.0
CRACKS39,slog,primary,0,982,0,77900,0,982,0,0,78882,0,section_256,0.0,0.0,0.0,0.0,0.9875510255823905,0.0,0.0,0.0
CRACKS39,slog,primary,0,799,0,75152,0,799,0,0,75951,0,section_261,0.0,0.0,0.0,0.0,0.9894800595119236,0.0,0.0,0.0
CRACKS39,slog,primary,0,925,0,74978,0,925,0,0,75903,0,section_262,0.0,0.0,0.0,0.0,0.9878133934098801,0.0,0.0,0.0
CRACKS39,slog,primary,0,1077,0,77375,0,1077,0,0,78452,0,section_267,0.0,0.0,0.0,0.0,0.9862718605005626,0.0,0.0,0.0
CRACKS39,slog,primary,0,1089,0,86149,0,1089,0,0,87238,0,section_277,0.0,0.0,0.0,0.0,0.9875169077694368,0.0,0.0,0.0
CRACKS39,slog,primary,0,1126,0,108110,0,1126,0,0,109236,0,section_284,0.0,0.0,0.0,0.0,0.9896920429161642,0.0,0.0,0.0
CRACKS39,slog,primary,0,1504,0,77569,0,1504,0,0,79073,0,section_287,0.0,0.0,0.0,0.0,0.9809796011279475,0.0,0.0,0.0
CRACKS39,slog,primary,0,1687,0,90101,0,1687,0,0,91788,0,section_300,0.0,0.0,0.0,0.0,0.9816206911577786,0.0,0.0,0.0
CRACKS39,slog,inclusive_uncertain,989,2849,12341,66260,989,3838,1777,13330,82439,13330,section_010,0.11521435228325068,0.061128623524283866,0.2576862949446126,0.0741935483870411,0.9587752680546733,0.2576862949446126,0.13330832708167042,0.17571458059624234
CRACKS39,slog,inclusive_uncertain,1220,2517,10453,60084,1220,3737,1771,11673,74274,11673,section_013,0.15833874107711982,0.08597603946435096,0.32646507893945287,0.1045146920242401,0.9597929745529689,0.32646507893945287,0.15171763899584362,0.20716143891331656
CRACKS39,slog,inclusive_uncertain,630,2135,14123,64667,630,2765,1027,14753,81555,14753,section_017,0.07192601895189409,0.037304594978660996,0.22784810126499874,0.042703179014408794,0.9680398790453927,0.22784810126499874,0.06961296007586958,0.10664374134891291
CRACKS39,slog,inclusive_uncertain,586,2613,12722,72153,586,3199,1116,13308,88074,13308,section_022,0.07100018174103653,0.03680673324537604,0.18318224445081843,0.04403366396149381,0.9650509589919262,0.18318224445081843,0.08385933273212814,0.11504980141909682
CRACKS39,slog,inclusive_uncertain,891,3210,8835,73802,891,4101,1264,9726,86738,9726,section_024,0.12887828162281847,0.06887755102035491,0.2172640819307065,0.09161011721150358,0.9583181841789645,0.2172640819307065,0.1299609294672733,0.16263713895897663
CRACKS39,slog,inclusive_uncertain,1318,2007,11407,54304,1318,3325,1846,12725,69036,12725,section_035,0.16423676012450825,0.08946510996464195,0.39639097744241686,0.10357563850679483,0.9643586510626762,0.39639097744241686,0.14506876227886437,0.21240340950802367
CRACKS39,slog,inclusive_uncertain,1051,2264,13666,53996,1051,3315,1397,14717,70977,14717,section_041,0.1165705412599176,0.061892703609880514,0.317043740572196,0.07141401100762966,0.9597582651971277,0.317043740572196,0.09492423727655437,0.14610424180905332
CRACKS39,slog,inclusive_uncertain,720,2114,12257,59279,720,2834,1038,12977,74370,12977,section_043,0.0910758332805698,0.047710555960474646,0.2540578687358714,0.055482777221194816,0.9655661068849926,0.2540578687358714,0.07998767049388919,0.12166901871724843
CRACKS39,slog,inclusive_uncertain,544,2369,10131,63312,544,2913,801,10675,76356,10675,section_046,0.08007065057397698,0.04170499846669602,0.18674905595541796,0.05096018735358224,0.9639317306373284,0.18674905595541796,0.07503512880555031,0.10705565689880216
CRACKS39,slog,inclusive_uncertain,680,3342,7994,67076,680,4022,1093,8674,79092,8674,section_051,0.10712035286696035,0.05659121171766262,0.16907011437053937,0.0783952040580143,0.9525405436108734,0.16907011437053937,0.12600876181677886,0.14439742570079192
CRACKS39,slog,inclusive_uncertain,334,2056,12717,60077,334,2390,688,13051,75184,13051,section_067,0.04326144679745919,0.022108956113045534,0.13974895397431067,0.025591908665982994,0.9669096937213773,0.13974895397431067,0.052716266952683534,0.07655453536813107
CRACKS39,slog,inclusive_uncertain,322,1852,11369,63790,322,2174,453,11691,77333,11691,section_068,0.04644789037140537,0.023776120505040407,0.14811407543630123,0.027542554101421996,0.9717863562961258,0.14811407543630123,0.03874775468305641,0.061426001760955376
CRACKS39,slog,inclusive_uncertain,730,2249,12471,61917,730,2979,1079,13201,77367,13201,section_106,0.09023485784914076,0.04724919093848074,0.24504867405087263,0.05529884099685228,0.9649502851976179,0.24504867405087263,0.08173623210356659,0.12258433182654885
CRACKS39,slog,inclusive_uncertain,698,3357,9124,71906,698,4055,1207,9822,85085,9822,section_108,0.10059811198378568,0.05296304727213524,0.1721331689268258,0.07106495622065662,0.9553964099224114,0.1721331689268258,0.12288739564231023,0.1434001466776915
CRACKS39,slog,inclusive_uncertain,432,2965,11895,56135,432,3397,771,12327,71427,12327,section_116,0.054947850419705575,0.02825006539365142,0.12717103326427093,0.0350450231199521,0.9498307952621067,0.12717103326427093,0.06254563154047006,0.08385127556504256
CRACKS39,slog,inclusive_uncertain,673,3860,9907,69110,673,4533,1048,10580,83550,10580,section_124,0.08906239661212925,0.0466066481994137,0.14846679902901286,0.06361058601128203,0.9471015485814791,0.14846679902901286,0.09905482041578538,0.1188288243618334
CRACKS39,slog,inclusive_uncertain,365,3318,10227,78256,365,3683,546,10592,92166,10592,section_131,0.051138353765288164,0.02624011502514289,0.09910399131116182,0.0344599697884871,0.959325275210121,0.09910399131116182,0.05154833836853139,0.06782033506603909
CRACKS39,slog,inclusive_uncertain,563,3128,9305,76056,563,3691,805,9868,89052,9868,section_133,0.08304447230615603,0.04332102185284447,0.1525331888373001,0.05705310093224862,0.9604970701150535,0.1525331888373001,0.08157681394397893,0.10630191693413356
CRACKS39,slog,inclusive_uncertain,736,3461,10435,72553,736,4197,1067,11171,87185,11171,section_136,0.09578344612174923,0.050300710770878686,0.175363354776804,0.06588488049407762,0.9544689136210495,0.175363354776804,0.0955151732162783,0.1236706409551122
CRACKS39,slog,inclusive_uncertain,956,1479,11700,82138,956,2435,1240,12656,96273,12656,section_167,0.12669803193948267,0.06763353378134584,0.392607802873131,0.07553729456378355,0.9823122092396305,0.392607802873131,0.09797724399486568,0.15681941370969732
CRACKS39,slog,inclusive_uncertain,903,969,10062,65578,903,1872,1315,10965,77512,10965,section_168,0.14068707641961464,0.0756661639013946,0.4823717948692181,0.08235294117639548,0.9854388627585038,0.4823717948692181,0.11992704058356594,0.1920954099659925
CRACKS39,slog,inclusive_uncertain,656,1718,13237,82932,656,2374,1038,13893,98543,13893,section_178,0.08065408495722588,0.04202165139962717,0.27632687447229853,0.04721802346502035,0.9797046662727726,0.27632687447229853,0.07471388469007793,0.11762425364640906
CRACKS39,slog,inclusive_uncertain,397,1555,12388,71822,397,1952,744,12785,86162,12785,section_193,0.053877994164311674,0.02768479776846047,0.20338114753994171,0.031052014078974538,0.9788080733743573,0.20338114753994171,0.05819319515052155,0.09049357237813287
CRACKS39,slog,inclusive_uncertain,371,1736,12879,69591,371,2107,828,13250,84577,13250,section_196,0.04831672852767577,0.02475643934337064,0.17607973421843343,0.027999999999978865,0.9756613904971504,0.17607973421843343,0.06249056603768868,0.09224385253355995
CRACKS39,slog,inclusive_uncertain,450,1406,9750,64220,450,1856,1003,10200,75826,10200,section_197,0.07465162574645433,0.038773048423195955,0.2424568965504178,0.044117647058780275,0.9785755645626767,0.2424568965504178,0.09833333333323692,0.13991946973348687
CRACKS39,slog,inclusive_uncertain,547,1915,12941,69974,547,2462,1045,13488,85377,13488,section_204,0.06858934169274697,0.03551256248780399,0.22217709179438597,0.04055456702250848,0.9733617104145317,0.22217709179438597,0.07747627520753449,0.11488910073962677
CRACKS39,slog,inclusive_uncertain,714,1284,12763,75514,714,1998,1136,13477,90275,13477,section_213,0.09227786752821177,0.04837070659166156,0.3573573573555688,0.05297914966234846,0.983280814604419,0.3573573573555688,0.0842917563255292,0.1364081922603387
CRACKS39,slog,inclusive_uncertain,596,1921,13114,70145,596,2517,1223,13710,85776,13710,section_223,0.07345781721817128,0.03812935832637827,0.2367898291607597,0.04347191830777281,0.9733438792216894,0.2367898291607597,0.0892049598832318,0.1295899644594787
CRACKS39,slog,inclusive_uncertain,628,830,12279,73674,628,1458,1233,12907,87411,12907,section_231,0.08743473720843199,0.04571594962506681,0.43072702331666174,0.048655768187767366,0.9888596585416906,0.43072702331666174,0.09552955760432669,0.15637680437848228
CRACKS39,slog,inclusive_uncertain,296,730,9667,73363,296,1026,577,9963,84056,9963,section_239,0.053872053872004846,0.02768166089962809,0.2884990253383187,0.029709926728867096,0.9901475173091938,0.2884990253383187,0.057914282846474034,0.09646404036615325
CRACKS39,slog,inclusive_uncertain,727,740,11105,98415,727,1467,1031,11832,110987,11832,section_250,0.10933152868628518,0.05782691695827408,0.49556918881734446,0.06144354293436321,0.9925369371185525,0.49556918881734446,0.08713657876936516,0.14821271838385777
CRACKS39,slog,inclusive_uncertain,383,739,10437,82893,383,1122,667,10820,94452,10820,section_251,0.06414335957120738,0.03313435418285913,0.34135472370462255,0.0353974121995976,0.9911636694087202,0.34135472370462255,0.061645101663528976,0.10443104338677497
CRACKS39,slog,inclusive_uncertain,882,982,16132,77900,882,1864,1547,17014,95896,17014,section_256,0.09344210191752651,0.04901089130915258,0.4731759656626976,0.05183966145524166,0.9875510255823905,0.4731759656626976,0.09092512048895561,0.15253855021331925
CRACKS39,slog,inclusive_uncertain,681,799,12248,75152,681,1480,1305,12929,88880,12929,section_261,0.09452425567347177,0.04960664335660722,0.46013513513202614,0.052672287106464016,0.9894800595119236,0.46013513513202614,0.10093588057846628,0.1655553144660419
CRACKS39,slog,inclusive_uncertain,500,925,10681,74978,500,1425,839,11181,87084,11181,section_262,0.07932730445813158,0.04130183380138666,0.35087719297999387,0.04471871925584051,0.9878133934098801,0.35087719297999387,0.07503801091130038,0.1236355301554416
CRACKS39,slog,inclusive_uncertain,689,1077,9346,77375,689,1766,1017,10035,88487,10035,section_267,0.11676976527403035,0.062005039596776446,0.3901472253658542,0.06865969108114732,0.9862718605005626,0.3901472253658542,0.10134529147971963,0.16089597344835982
CRACKS39,slog,inclusive_uncertain,959,1089,9518,86149,959,2048,1398,10477,97715,10477,section_277,0.15313373253480786,0.0829154418121365,0.4682617187477136,0.09153383602167459,0.9875169077694368,0.4682617187477136,0.13343514364786346,0.20768786600844527
CRACKS39,slog,inclusive_uncertain,438,1126,10492,108110,438,1564,872,10930,120166,10930,section_284,0.07011365455412989,0.03633045786327444,0.2800511508933501,0.0400731930466239,0.9896920429161642,0.2800511508933501,0.0797804208599453,0.12418364486918135
CRACKS39,slog,inclusive_uncertain,588,1504,14476,77569,588,2092,1083,15064,94137,15064,section_287,0.06854744695729276,0.035490101400268294,0.2810707456965532,0.039033457249044716,0.9809796011279475,0.2810707456965532,0.07189325544339359,0.11449944062436158
CRACKS39,slog,inclusive_uncertain,961,1687,9221,90101,961,2648,1443,10182,101970,10182,section_300,0.1498051441931802,0.08096722554547058,0.36291540785361437,0.09438224317413633,0.9816206911577786,0.36291540785361437,0.14172068355908296,0.20384042889977627
CRACKS39,log,primary,1270,2845,2693,66264,1270,4115,1723,3963,73072,3963,section_010,0.31443426590701357,0.18654524089279298,0.3086269744828466,0.3204642947254089,0.9588331476362039,0.3086269744828466,0.4347716376471492,0.3609967818706237
CRACKS39,log,primary,1467,1948,1862,60653,1467,3415,1922,3329,65930,3329,section_013,0.43505338078227307,0.27799886298980864,0.42957540263417404,0.4406728747358346,0.9688822862253049,0.42957540263417404,0.5773505557207049,0.4926193289860132
CRACKS39,log,primary,1117,1538,2193,65264,1117,2655,1717,3310,70112,3310,section_017,0.3745180217931693,0.23040429042856767,0.4207156308835378,0.33746223564852734,0.9769767372232903,0.4207156308835378,0.5187311178232062,0.46461023463286616
CRACKS39,log,primary,903,2083,2292,72683,903,2986,1579,3195,77961,3195,section_022,0.29218573046385343,0.17108753315617453,0.3024112525107086,0.2826291079803361,0.9721397426636477,0.3024112525107086,0.4942097026588601,0.3752212952422056
CRACKS39,log,primary,1390,3123,1796,73889,1390,4513,1796,3186,80198,3186,section_024,0.36108585530541487,0.2203201775238226,0.30799911367093286,0.4362837413671178,0.9594478782526152,0.30799911367093286,0.5637162586297435,0.3983504514090772
CRACKS39,log,primary,843,2144,1839,54167,843,2987,1243,2682,58993,2682,section_035,0.2974069500788545,0.17467882304149465,0.2822229661858647,0.31431767337690414,0.9619257338706537,0.2822229661858647,0.4634601043979737,0.3508168249428335
CRACKS39,log,primary,759,1788,2647,54472,759,2547,1442,3406,59666,3406,section_041,0.2549974802616244,0.14613015017299552,0.29799764428622694,0.22284204345207623,0.9682189832916872,0.29799764428622694,0.42337052260592084,0.34978925447013715
CRACKS39,log,primary,649,2409,2479,58984,649,3058,1057,3128,64521,3128,section_043,0.20982864532782117,0.1172114863642456,0.21223021582664411,0.20748081841365895,0.9607609988107829,0.21223021582664411,0.33791560102193763,0.2607159681529841
CRACKS39,log,primary,644,2574,1663,63107,644,3218,1008,2307,67988,2307,section_046,0.23312217194527943,0.13194017619313267,0.20012430080733337,0.27915041178899375,0.9608105844915636,0.20012430080733337,0.4369310793219032,0.2745146751919036
CRACKS39,log,primary,1143,2742,1504,67676,1143,3885,1660,2647,73065,2647,section_051,0.34996938150589413,0.212098719613635,0.2942084942077369,0.43180959576716355,0.9610610923342099,0.2942084942077369,0.6271250472209025,0.40051839105765646
CRACKS39,log,primary,775,2433,2695,59700,775,3208,1209,3470,65603,3470,section_067,0.2321054207843185,0.13128917499554246,0.24158354114637912,0.2233429394806244,0.9608420646031963,0.24158354114637912,0.348414985589774,0.2853272364805325
CRACKS39,log,primary,721,2875,1679,62767,721,3596,948,2400,68042,2400,section_068,0.24049366244122666,0.13668246445471718,0.20050055617296858,0.30041666666541494,0.956201822004059,0.20050055617296858,0.39499999999835417,0.2659870508509568
CRACKS39,log,primary,1196,2576,1187,61590,1196,3772,1667,2383,66549,2383,section_106,0.3886271324120412,0.24117765678515593,0.3170731707308667,0.5018883759945368,0.9598541283544307,0.3170731707308667,0.6995383969756629,0.4363610693426329
CRACKS39,log,primary,882,4148,1493,71115,882,5030,1345,2375,77638,2375,section_108,0.23821742066139337,0.13521385865378627,0.1753479125245023,0.37136842105106793,0.9448865976640654,0.1753479125245023,0.5663157894712998,0.2677825270599729
CRACKS39,log,primary,462,4034,1862,55066,462,4496,723,2324,61424,2324,section_116,0.13548387096754327,0.07266435986147741,0.10275800711720917,0.19879518072203617,0.9317428087984887,0.10275800711720917,0.31110154905201765,0.15448803316335702
CRACKS39,log,primary,781,5288,1583,67682,781,6069,1077,2364,75334,2364,section_124,0.18522471243900718,0.10206481965485878,0.1286867688249651,0.33037225042161433,0.9275318624090821,0.1286867688249651,0.4555837563432505,0.20068649026113836
CRACKS39,log,primary,523,4613,2220,76961,523,5136,720,2743,84317,2743,section_131,0.13275796420848743,0.07109842305591205,0.10183021806833756,0.1906671527517657,0.9434501189103215,0.10183021806833756,0.2624863288360828,0.14673524767828833
CRACKS39,log,primary,487,5583,2545,73601,487,6070,737,3032,82216,3032,section_133,0.10700944847274553,0.056529309344101525,0.08023064250398644,0.1606200527699188,0.9294933319861425,0.08023064250398644,0.24307387862716665,0.1206415102811061
CRACKS39,log,primary,513,4904,1297,71110,513,5417,722,1810,77824,1810,section_136,0.14196762141947977,0.07640750670229907,0.09470186450047129,0.283425414363075,0.9354855684477944,0.09470186450047129,0.3988950276221056,0.15306458648072838
CRACKS39,log,primary,479,2930,2018,80687,479,3409,671,2497,86114,2497,section_167,0.1622079241446627,0.08826239174481618,0.14051041361061745,0.19183019623471434,0.9649592786154771,0.14051041361061745,0.26872246695927626,0.1845321128823812
CRACKS39,log,primary,600,1646,1467,64901,600,2246,866,2067,68614,2067,section_168,0.2782286111748708,0.16159439806043202,0.26714158503888186,0.29027576197247085,0.975265601755004,0.26714158503888186,0.41896468311359963,0.3262552554501066
CRACKS39,log,primary,365,2337,2284,82313,365,2702,505,2649,87299,2649,section_178,0.1364230984860093,0.07320497392684877,0.13508512213125431,0.13778784446909104,0.9723922031894894,0.13508512213125431,0.19063797659422183,0.1581242083305185
CRACKS39,log,primary,539,2302,1508,71075,539,2841,731,2047,75424,2047,section_193,0.2205400981992215,0.12393653713468858,0.18972192889760747,0.26331216414136144,0.968627771644934,0.18972192889760747,0.3571079628707518,0.24779629395334007
CRACKS39,log,primary,513,2329,1075,68998,513,2842,699,1588,72915,1588,section_196,0.23160270880308895,0.13096757722713565,0.18050668543215867,0.3230478589400312,0.9673475682419046,0.18050668543215867,0.44017632241536414,0.256023660001065
CRACKS39,log,primary,860,2251,1506,63375,860,3111,1218,2366,67992,2366,section_197,0.3140405331380061,0.1862681394841103,0.2764384442292625,0.36348267117344263,0.9656995702921151,0.2764384442292625,0.5147928994061083,0.35971412800629976
CRACKS39,log,primary,49,3025,2019,68864,49,3074,210,2068,73957,2068,section_204,0.01905873201085364,0.009621048497919456,0.015940143135927325,0.023694390715552738,0.9579212396888317,0.015940143135927325,0.1015473887809403,0.027554920050897002
CRACKS39,log,primary,314,2902,1211,73896,314,3216,498,1525,78323,1525,section_213,0.13246150601111062,0.07092839394607878,0.09763681592009442,0.20590163934291214,0.9622125576185627,0.09763681592009442,0.32655737704703897,0.1503274787211601
CRACKS39,log,primary,0,3551,0,68515,0,3551,0,0,72066,0,section_223,0.0,0.0,0.0,0.0,0.950725723642085,0.0,0.0,0.0
CRACKS39,log,primary,0,2343,0,72161,0,2343,0,0,74504,0,section_231,0.0,0.0,0.0,0.0,0.9685520240522699,0.0,0.0,0.0
CRACKS39,log,primary,0,2595,0,71498,0,2595,0,0,74093,0,section_239,0.0,0.0,0.0,0.0,0.9649764485172736,0.0,0.0,0.0
CRACKS39,log,primary,0,2845,0,96310,0,2845,0,0,99155,0,section_250,0.0,0.0,0.0,0.0,0.9713075487871543,0.0,0.0,0.0
CRACKS39,log,primary,0,2392,0,81240,0,2392,0,0,83632,0,section_251,0.0,0.0,0.0,0.0,0.9713985077481142,0.0,0.0,0.0
CRACKS39,log,primary,0,3720,0,75162,0,3720,0,0,78882,0,section_256,0.0,0.0,0.0,0.0,0.9528409523083907,0.0,0.0,0.0
CRACKS39,log,primary,0,3896,0,72055,0,3896,0,0,75951,0,section_261,0.0,0.0,0.0,0.0,0.9487037695354967,0.0,0.0,0.0
CRACKS39,log,primary,0,2552,0,73351,0,2552,0,0,75903,0,section_262,0.0,0.0,0.0,0.0,0.9663781405213278,0.0,0.0,0.0
CRACKS39,log,primary,0,3395,0,75057,0,3395,0,0,78452,0,section_267,0.0,0.0,0.0,0.0,0.9567251312903486,0.0,0.0,0.0
CRACKS39,log,primary,0,4369,0,82869,0,4369,0,0,87238,0,section_277,0.0,0.0,0.0,0.0,0.9499186134481591,0.0,0.0,0.0
CRACKS39,log,primary,0,3333,0,105903,0,3333,0,0,109236,0,section_284,0.0,0.0,0.0,0.0,0.9694880808523775,0.0,0.0,0.0
CRACKS39,log,primary,0,3093,0,75980,0,3093,0,0,79073,0,section_287,0.0,0.0,0.0,0.0,0.9608842462027544,0.0,0.0,0.0
CRACKS39,log,primary,0,3532,0,88256,0,3532,0,0,91788,0,section_300,0.0,0.0,0.0,0.0,0.9615200244039568,0.0,0.0,0.0
CRACKS39,log,inclusive_uncertain,2322,2845,11008,66264,2323,5167,2994,13330,82439,13330,section_010,0.25106774071457477,0.14355486862433164,0.44939036191126497,0.17419354838696607,0.9588331476362039,0.4495838978121742,0.22460615153771596,0.29955739536797915
CRACKS39,log,inclusive_uncertain,1973,1948,9700,60653,1973,3921,2751,11673,74274,11673,section_013,0.25304604334984415,0.14484986418020346,0.5031879622532436,0.16902253062608666,0.9688822862253049,0.5031879622532436,0.23567206373662666,0.32100083841393623
CRACKS39,log,inclusive_uncertain,1797,1538,12956,65264,1797,3335,2721,14753,81555,14753,section_017,0.19869526758060663,0.11030630409421747,0.5388305847060305,0.12180573442681365,0.9769767372232903,0.5388305847060305,0.18443706364794654,0.2748092762036604
CRACKS39,log,inclusive_uncertain,1171,2083,12137,72683,1171,3254,1969,13308,88074,13308,section_022,0.1414080425068582,0.0760834253784185,0.35986478180590087,0.08799218515172227,0.9721397426636477,0.35986478180590087,0.14795611662146982,0.20969674442795702
CRACKS39,log,inclusive_uncertain,2181,3123,7545,73889,2181,5304,2767,9726,86738,9726,section_024,0.2902195608780504,0.16974083586258093,0.4111990950218492,0.224244293645667,0.9594478782526152,0.4111990950218492,0.2844951675917288,0.33630909454615227
CRACKS39,log,inclusive_uncertain,1571,2144,11154,54167,1571,3715,2178,12725,69036,12725,section_035,0.19111922141107596,0.10565606294969018,0.42288021534206494,0.12345776031424482,0.9619257338706537,0.42288021534206494,0.1711591355597869,0.2436869233493202
CRACKS39,log,inclusive_uncertain,2005,1788,12712,54472,2005,3793,3222,14717,70977,14717,section_041,0.21663965424083378,0.1214783398969273,0.5286053255983955,0.1362370048242602,0.9682189832916872,0.5286053255983955,0.21893048855050692,0.30962481915944823
CRACKS39,log,inclusive_uncertain,1249,2409,11728,58984,1249,3658,2102,12977,74370,12977,section_043,0.15016531409669362,0.08117769400748656,0.3414434116994493,0.09624720659621157,0.9607609988107829,0.3414434116994493,0.16197888572076596,0.2197225770434847
CRACKS39,log,inclusive_uncertain,1079,2574,9596,63107,1079,3653,1740,10675,76356,10675,section_046,0.15061418202111207,0.08144010868738663,0.29537366547961846,0.10107728337227065,0.9608105844915636,0.29537366547961846,0.16299765807947258,0.2100707972189134
CRACKS39,log,inclusive_uncertain,1709,2742,6965,67676,1709,4451,2323,8674,79092,8674,section_051,0.2604190476188492,0.14970217238949746,0.3839586609741992,0.1970255937281565,0.9610610923342099,0.3839586609741992,0.2678118515099518,0.31553645447745027
CRACKS39,log,inclusive_uncertain,1318,2433,11733,59700,1331,3751,2167,13051,75184,13051,section_067,0.1568860849897888,0.0851201239989117,0.3513729672078076,0.10098843000528619,0.9608420646031963,0.3548387096764734,0.16604091640474594,0.22622402739266367
CRACKS39,log,inclusive_uncertain,1408,2875,10283,62767,1408,4283,2102,11691,77333,11691,section_068,0.17628646550633761,0.0966634628586457,0.3287415363055598,0.12043452228199432,0.956201822004059,0.3287415363055598,0.17979642459996595,0.23245679271497366
CRACKS39,log,inclusive_uncertain,1538,2576,11663,61590,1538,4114,2367,13201,77367,13201,section_106,0.17764943690431553,0.09748367877283547,0.3738454059300587,0.11650632527829974,0.9598541283544307,0.3738454059300587,0.17930459813636898,0.24236535685007513
CRACKS39,log,inclusive_uncertain,1301,4148,8521,71115,1301,5449,2020,9822,85085,9822,section_108,0.17038831772629795,0.0931281317107422,0.23875940539504725,0.13245774791271384,0.9448865976640654,0.23875940539504725,0.2056607615554819,0.22097755092494564
CRACKS39,log,inclusive_uncertain,1124,4034,11203,55066,1124,5158,1703,12327,71427,12327,section_116,0.12856734343715837,0.06869995721528714,0.21791392012365662,0.09118195830283833,0.9317428087984887,0.21791392012365662,0.13815202401221857,0.16909928498264615
CRACKS39,log,inclusive_uncertain,1077,5288,9503,67682,1077,6365,1534,10580,83550,10580,section_124,0.12711714370013152,0.06787244769342836,0.16920659858575143,0.10179584120973365,0.9275318624090821,0.16920659858575143,0.14499054820402174,0.15616536915450846
CRACKS39,log,inclusive_uncertain,631,4613,9961,76961,631,5244,1050,10592,92166,10592,section_131,0.07969184137403404,0.04149950674117626,0.1203279938975585,0.05957326283982291,0.9434501189103215,0.1203279938975585,0.09913141993948345,0.1087060622412983
CRACKS39,log,inclusive_uncertain,616,5583,9252,73601,616,6199,1015,9868,89052,9868,section_133,0.07667890707656894,0.03986796971067253,0.09937086626859272,0.06242399675713171,0.9294933319861425,0.09937086626859272,0.10285772192936475,0.10108422865622411
CRACKS39,log,inclusive_uncertain,993,4904,10178,71110,993,5897,1624,11171,87185,11171,section_136,0.11635809702360185,0.06177293934677339,0.16839070713893778,0.088890878166602,0.9354855684477944,0.16839070713893778,0.145376421090193,0.156039529740867
CRACKS39,log,inclusive_uncertain,916,2930,11740,80687,916,3846,1401,12656,96273,12656,section_167,0.11101684644278813,0.05877069164631158,0.23816952678045197,0.07237673830588465,0.9649592786154771,0.23816952678045197,0.11069848293290874,0.15114601399753985
CRACKS39,log,inclusive_uncertain,962,1646,10003,64901,962,2608,1484,10965,77512,10965,section_168,0.14175200766216625,0.07628261041941457,0.3688650306734323,0.08773369813033494,0.975265601755004,0.3688650306734323,0.1353397172821383,0.1980230776442162
CRACKS39,log,inclusive_uncertain,1620,2337,12273,82313,1620,3957,2285,13893,98543,13893,section_178,0.1815126050419151,0.09981515711638951,0.4094010614091246,0.11660548477642221,0.9723922031894894,0.4094010614091246,0.16447131649020047,0.23466796089954656
CRACKS39,log,inclusive_uncertain,778,2302,12007,71075,778,3080,1297,12785,86162,12785,section_193,0.09807752915216005,0.05156757473317984,0.2525974025965825,0.060852561595572265,0.968627771644934,0.2525974025965825,0.10144700821266996,0.14475726360631255
CRACKS39,log,inclusive_uncertain,1271,2329,11979,68998,1271,3600,2013,13250,84577,13250,section_196,0.15086053412453954,0.0815841838371644,0.35305555555457485,0.09592452830181439,0.9673475682419046,0.35305555555457485,0.1519245283017721,0.21243529950789453
CRACKS39,log,inclusive_uncertain,1704,2251,8496,63375,1704,3955,2423,10200,75826,10200,section_197,0.24076298127853,0.13685647739126428,0.43084702907602823,0.16705882352924797,0.9656995702921151,0.43084702907602823,0.23754901960761024,0.3062474352689279
CRACKS39,log,inclusive_uncertain,784,3025,12704,68864,785,3809,1235,13488,85377,13488,section_204,0.09065155807360198,0.04747774480709291,0.20582830139090094,0.058125741399719655,0.9579212396888317,0.20609083748961385,0.09156287069981349,0.12679343513840277
CRACKS39,log,inclusive_uncertain,802,2902,12675,73896,802,3704,1493,13477,90275,13477,section_213,0.09335894301839627,0.048965138286800804,0.21652267818516058,0.059508792757988045,0.9622125576185627,0.21652267818516058,0.11078133115670342,0.14657119434829116
CRACKS39,log,inclusive_uncertain,1125,3551,12585,68515,1125,4676,1822,13710,85776,13710,section_223,0.12237572065695508,0.0651758299055297,0.2405902480747635,0.08205689277893358,0.950725723642085,0.2405902480747635,0.13289569657174843,0.1712161231686845
CRACKS39,log,inclusive_uncertain,950,2343,11957,72161,950,3293,1658,12907,87411,12907,section_231,0.11728395061721154,0.06229508196717226,0.2884907379280641,0.07360347098467994,0.9685520240522699,0.2884907379280641,0.12845742620273615,0.17776203363798174
CRACKS39,log,inclusive_uncertain,475,2595,9488,71498,475,3070,930,9963,84056,9963,section_239,0.07289188981809798,0.03782449434620336,0.15472312703532665,0.047676402689904966,0.9649764485172736,0.15472312703532665,0.09334537789812973,0.11644112729555466
CRACKS39,log,inclusive_uncertain,987,2845,10845,96310,987,3832,1557,11832,110987,11832,section_250,0.12602145045957225,0.06724807521968573,0.25756784968617547,0.08341784989850962,0.9713075487871543,0.25756784968617547,0.13159229208913828,0.17419020706027236
CRACKS39,log,inclusive_uncertain,1148,2392,9672,81240,1148,3540,1899,10820,94452,10820,section_251,0.1598885793870753,0.08689070541925001,0.3242937853098184,0.10609981515701838,0.9713985077481142,0.3242937853098184,0.17550831792959748,0.22775516656322795
CRACKS39,log,inclusive_uncertain,1406,3720,15608,75162,1406,5126,2157,17014,95896,17014,section_256,0.12700993676597697,0.0678113243946813,0.27428794381530575,0.08263782767128092,0.9528409523083907,0.27428794381530575,0.12677794757251276,0.17340622795635813
CRACKS39,log,inclusive_uncertain,766,3896,12163,72055,766,4662,1440,12929,88880,12929,section_261,0.08708998919897272,0.04552748885584218,0.16430716430681186,0.05924665480697714,0.9487037695354967,0.16430716430681186,0.11137752339692832,0.13276126813923347
CRACKS39,log,inclusive_uncertain,1052,2552,10129,73351,1052,3604,2045,11181,87084,11181,section_262,0.14230639161302513,0.07660380106307682,0.29189789123115456,0.09408818531428843,0.9663781405213278,0.29189789123115456,0.1828995617563877,0.22488745431730617
CRACKS39,log,inclusive_uncertain,852,3395,9183,75057,852,4247,1548,10035,88487,10035,section_267,0.11931102086534147,0.06344005956808381,0.2006121968443593,0.08490284005970612,0.9567251312903486,0.2006121968443593,0.15426008968594493,0.1744089678449309
CRACKS39,log,inclusive_uncertain,1163,4369,9314,82869,1163,5532,1831,10477,97715,10477,section_277,0.14529327253410876,0.0783375993533084,0.21023138105529604,0.11100505869990358,0.9499186134481591,0.21023138105529604,0.17476376825410445,0.19086384579168902
CRACKS39,log,inclusive_uncertain,947,3333,9983,105903,947,4280,1701,10930,120166,10930,section_284,0.12452333990787341,0.06639556895459132,0.2212616822424737,0.08664226898436721,0.9694880808523775,0.2212616822424737,0.15562671546188872,0.18272904213057714
CRACKS39,log,inclusive_uncertain,1401,3093,13663,75980,1401,4494,2170,15064,94137,15064,section_287,0.14326618263618812,0.07716032384200189,0.3117489986641928,0.09300318640461165,0.9608842462027544,0.3117489986641928,0.1440520446095698,0.19705123689387524
CRACKS39,log,inclusive_uncertain,1597,3532,8585,88256,1597,5129,2506,10182,101970,10182,section_300,0.2086081901899232,0.11645034271538832,0.31136673815497884,0.15684541347460532,0.9615200244039568,0.31136673815497884,0.24612060498895488,0.2749255908173233
CRACKS39,canny,primary,1154,5587,2809,63522,1154,6741,1827,3963,73072,3963,section_010,0.21562032884882695,0.12083769633495199,0.17119121791993594,0.29119354024655264,0.9191566944969658,0.17119121791993594,0.46101438304198583,0.24967071580235917
CRACKS39,canny,primary,1424,3511,1905,59090,1424,4935,1822,3329,65930,3329,section_013,0.3446272991283342,0.2081871345026196,0.2885511651463251,0.4277560829064952,0.9439146339513835,0.2885511651463251,0.5473115049547993,0.3778787502119119
CRACKS39,canny,primary,1718,3003,1592,63799,1718,4721,2316,3310,70112,3310,section_017,0.42784211181617754,0.2721368604462662,0.36390595212801546,0.5190332326268308,0.9550462560999738,0.36390595212801546,0.6996978851942608,0.4787952314287261
CRACKS39,canny,primary,1379,3917,1816,70849,1379,5296,1863,3195,77961,3195,section_022,0.324814509480244,0.19389763779500296,0.2603851963741307,0.4316118935823737,0.9476098761467849,0.2603851963741307,0.5830985915474708,0.3600074871377179
CRACKS39,canny,primary,922,6207,2264,70805,922,7129,1264,3186,80198,3186,section_024,0.17876878332508117,0.0981582029169614,0.12933090194960117,0.2893910860003472,0.9194021710901004,0.12933090194960117,0.3967357187683718,0.1950710626671339
CRACKS39,canny,primary,914,3667,1768,52644,914,4581,1273,2682,58993,2682,section_035,0.25168663086844045,0.14395967868933066,0.19951975551146142,0.34079045488314397,0.9348795084440101,0.19951975551146142,0.47464578672455393,0.2809434893483694
CRACKS39,canny,primary,1229,3268,2177,52992,1229,4497,1732,3406,59666,3406,section_041,0.3110211312156004,0.18414743781812384,0.2732933066482693,0.36083382266482433,0.9419125488800317,0.2732933066482693,0.5085143863754888,0.3555185695747736
CRACKS39,canny,primary,1162,4940,1966,56453,1162,6102,1515,3128,64521,3128,section_043,0.25178764897047473,0.14402578086248882,0.1904293674202058,0.3714833759578917,0.9195348003842589,0.1904293674202058,0.484335038361623,0.27337427053790037
CRACKS39,canny,primary,1032,5272,1275,60409,1032,6304,1308,2307,67988,2307,section_046,0.23969341539862998,0.13616572107120178,0.1637055837560855,0.447334200258139,0.9197332561926708,0.1637055837560855,0.5669700910248506,0.25405572309770047
CRACKS39,canny,primary,971,5732,1676,64686,971,6703,1544,2647,73065,2647,section_051,0.20770053475913614,0.11588495047127832,0.1448605102190887,0.3668303740069255,0.9186003578629159,0.1448605102190887,0.5833018511500442,0.23208396119249458
CRACKS39,canny,primary,423,2513,3047,59620,423,2936,834,3470,65603,3470,section_067,0.13206369029014664,0.07070031756632007,0.1440735694817981,0.12190201729071498,0.9595545040476141,0.1440735694817981,0.24034582132495577,0.18015469726892347
CRACKS39,canny,primary,609,3278,1791,62364,609,3887,903,2400,68042,2400,section_068,0.19373310004740937,0.10725607608293897,0.15667609981950945,0.2537499999989427,0.9500624600102145,0.15667609981950945,0.3762499999984323,0.22122910276241897
CRACKS39,canny,primary,860,3581,1523,60585,860,4441,1192,2383,66549,2383,section_106,0.2520515826491031,0.14419852447997283,0.19365007881064253,0.36088963491245957,0.9441916279648188,0.19365007881064253,0.5002098195530835,0.2792081508405419
CRACKS39,canny,primary,855,5236,1520,70027,855,6091,1265,2375,77638,2375,section_108,0.20198440822088118,0.11233740638534709,0.14037103923798988,0.3599999999984842,0.9304306232809043,0.14037103923798988,0.5326315789451258,0.22218649715928254
CRACKS39,canny,primary,347,4396,1977,54704,347,4743,569,2324,61424,2324,section_116,0.0982029149567027,0.051636904761827924,0.07316044697433448,0.14931153184100984,0.9256175972925677,0.07316044697433448,0.24483648881133893,0.11265735218184726
CRACKS39,canny,primary,394,5640,1970,67330,394,6034,696,2364,75334,2364,section_124,0.09383186472958581,0.049225387306285326,0.06529665230350465,0.16666666666596167,0.9227079621761104,0.06529665230350465,0.29441624365357694,0.10688743593005942
CRACKS39,canny,primary,570,4302,2173,77272,570,4872,716,2743,84317,2743,section_131,0.14970453053164845,0.08090844570605975,0.11699507389138548,0.20780167699523222,0.9472626081838641,0.11699507389138548,0.26102807145366014,0.16157210517737702
CRACKS39,canny,primary,496,5298,2536,73886,496,5794,713,3032,82216,3032,section_133,0.11239519601165601,0.05954381752693932,0.08560579910237211,0.16358839050077972,0.9330925439481546,0.08560579910237211,0.23515831134487086,0.12551849708236354
CRACKS39,canny,primary,356,5478,1454,70536,356,5834,658,1810,77824,1810,section_136,0.09314495028768557,0.048847420417057016,0.06102159753160607,0.19668508287184153,0.9279343278868462,0.06102159753160607,0.3635359116002015,0.10450193948427489
CRACKS39,canny,primary,84,2555,2413,81062,84,2639,363,2497,86114,2497,section_167,0.03271028037376809,0.01662707838476519,0.03183023872666984,0.03364036844199583,0.9694440125810577,0.03183023872666984,0.14537444933862487,0.05222551634044798
CRACKS39,canny,primary,619,1441,1448,65106,619,2060,779,2067,68614,2067,section_168,0.2999757693232373,0.1764538198398619,0.30048543689174523,0.29946782776826575,0.9783461313055467,0.30048543689174523,0.37687469762759135,0.33437266448687064
CRACKS39,canny,primary,251,3009,2398,81641,251,3260,494,2649,87299,2649,section_178,0.08495515315605863,0.04436196535870562,0.07699386503043867,0.09475273688148451,0.9644536326047296,0.07699386503043867,0.18648546621296155,0.10898946951954888
CRACKS39,canny,primary,336,2236,1711,71141,336,2572,506,2047,75424,2047,section_193,0.14548603593819986,0.0784496848001904,0.130637636080363,0.16414264777643311,0.9695272360547625,0.130637636080363,0.2471910112347475,0.1709370040774321
CRACKS39,canny,primary,304,1536,1284,69791,304,1840,442,1588,72915,1588,section_196,0.17736289381511855,0.0973111395643492,0.16521739130344992,0.19143576826075923,0.9784653777670478,0.16521739130344992,0.2783375314843934,0.2073529001905565
CRACKS39,canny,primary,347,363,2019,65263,347,710,764,2366,67992,2366,section_197,0.2256176853048582,0.12715280322415848,0.48873239435931365,0.14666103127579602,0.994468655715571,0.48873239435931365,0.32290786136803507,0.3888804903054414
CRACKS39,canny,primary,37,2644,2031,69245,37,2681,67,2068,73957,2068,section_204,0.01558222783740665,0.00785229202035685,0.013800820589280862,0.01789168278521329,0.9632210769379234,0.013800820589280862,0.032398452611061904,0.01935637095998347
CRACKS39,canny,primary,361,1866,1164,74932,361,2227,482,1525,78323,1525,section_213,0.1924307036242206,0.10645827189588188,0.1621014818133718,0.23672131147385758,0.9757024922522753,0.1621014818133718,0.31606557376841926,0.21429622216125038
CRACKS39,canny,primary,0,2604,0,69462,0,2604,0,0,72066,0,section_223,0.0,0.0,0.0,0.0,0.9638664557487632,0.0,0.0,0.0
CRACKS39,canny,primary,0,2795,0,71709,0,2795,0,0,74504,0,section_231,0.0,0.0,0.0,0.0,0.9624852356919142,0.0,0.0,0.0
CRACKS39,canny,primary,0,2601,0,71492,0,2601,0,0,74093,0,section_239,0.0,0.0,0.0,0.0,0.9648954692074873,0.0,0.0,0.0
CRACKS39,canny,primary,0,3490,0,95665,0,3490,0,0,99155,0,section_250,0.0,0.0,0.0,0.0,0.9648025818162509,0.0,0.0,0.0
CRACKS39,canny,primary,0,3974,0,79658,0,3974,0,0,83632,0,section_251,0.0,0.0,0.0,0.0,0.9524823034244126,0.0,0.0,0.0
CRACKS39,canny,primary,0,3241,0,75641,0,3241,0,0,78882,0,section_256,0.0,0.0,0.0,0.0,0.958913313556837,0.0,0.0,0.0
CRACKS39,canny,primary,0,2622,0,73329,0,2622,0,0,75951,0,section_261,0.0,0.0,0.0,0.0,0.965477742228415,0.0,0.0,0.0
CRACKS39,canny,primary,0,2307,0,73596,0,2307,0,0,75903,0,section_262,0.0,0.0,0.0,0.0,0.9696059444289462,0.0,0.0,0.0
CRACKS39,canny,primary,0,1310,0,77142,0,1310,0,0,78452,0,section_267,0.0,0.0,0.0,0.0,0.9833018916023832,0.0,0.0,0.0
CRACKS39,canny,primary,0,5572,0,81666,0,5572,0,0,87238,0,section_277,0.0,0.0,0.0,0.0,0.9361287512321539,0.0,0.0,0.0
CRACKS39,canny,primary,0,4227,0,105009,0,4227,0,0,109236,0,section_284,0.0,0.0,0.0,0.0,0.961303965725497,0.0,0.0,0.0
CRACKS39,canny,primary,0,2097,0,76976,0,2097,0,0,79073,0,section_287,0.0,0.0,0.0,0.0,0.9734802018386841,0.0,0.0,0.0
CRACKS39,canny,primary,0,4584,0,87204,0,4584,0,0,91788,0,section_300,0.0,0.0,0.0,0.0,0.9500588312196638,0.0,0.0,0.0
CRACKS39,canny,inclusive_uncertain,1687,5587,11643,63522,1688,7274,2580,13330,82439,13330,section_010,0.1637546107551137,0.08917904530311932,0.23192191366478979,0.126556639159695,0.9191566944969658,0.23205938960649977,0.19354838709662897,0.21106155466227552
CRACKS39,canny,inclusive_uncertain,2300,3511,9373,59090,2300,5811,3038,11673,74274,11673,section_013,0.2630976893157955,0.15147523709157568,0.39580106694132544,0.1970358947997969,0.9439146339513835,0.39580106694132544,0.2602587166964274,0.31402832104082284
CRACKS39,canny,inclusive_uncertain,2715,3003,12038,63799,2728,5718,3490,14753,81555,14753,section_017,0.2652532851349395,0.15290605992332004,0.47481636935908567,0.18403036670495218,0.9550462560999738,0.4770898915696448,0.23656205517505824,0.3162924565295772
CRACKS39,canny,inclusive_uncertain,1855,3917,11453,70849,1855,5772,2592,13308,88074,13308,section_022,0.19444444444434253,0.10769230769224516,0.32137907137851457,0.13938984069722016,0.9476098761467849,0.32137907137851457,0.19477006311978148,0.24254625890589526
CRACKS39,canny,inclusive_uncertain,1540,6207,8186,70805,1540,7747,2120,9726,86738,9726,section_024,0.17627196245626034,0.09665474173093788,0.1987866270811943,0.15833847419272223,0.9194021710901004,0.1987866270811943,0.21797244499257867,0.2079379142554392
CRACKS39,canny,inclusive_uncertain,1376,3667,11349,52644,1376,5043,1967,12725,69036,12725,section_035,0.15488518685268185,0.08394338701800637,0.27285346024137846,0.10813359528478732,0.9348795084440101,0.27285346024137846,0.154577603143297,0.19735127612263728
CRACKS39,canny,inclusive_uncertain,2274,3268,12443,52992,2274,5542,2950,14717,70977,14717,section_041,0.22449281800670096,0.12643869891569282,0.41032118368745885,0.15451518651888665,0.9419125488800317,0.41032118368745885,0.20044846096337537,0.26932657555765893
CRACKS39,canny,inclusive_uncertain,1534,4940,11443,56453,1534,6474,2064,12977,74370,12977,section_043,0.15772967970790308,0.08561701177647729,0.23694779116429263,0.11820913924626784,0.9195348003842589,0.23694779116429263,0.1590506280340918,0.19033759842058146
CRACKS39,canny,inclusive_uncertain,1364,5272,9311,60409,1364,6636,1895,10675,76356,10675,section_046,0.15758766102469088,0.08553332915276507,0.20554550934266796,0.1277751756439084,0.9197332561926708,0.20554550934266796,0.177517564402644,0.1905061580753688
CRACKS39,canny,inclusive_uncertain,1439,5732,7235,64686,1439,7171,2421,8674,79092,8674,section_051,0.18163458504248556,0.09988893516583375,0.20066936271063915,0.1658980862345332,0.9186003578629159,0.20066936271063915,0.27910998385948915,0.2334774175681891
CRACKS39,canny,inclusive_uncertain,746,2513,12305,59620,746,3259,1353,13051,75184,13051,section_067,0.09147762109129891,0.04793112310456956,0.22890457195388492,0.05716037085276441,0.9595545040476141,0.22890457195388492,0.10367021684154189,0.14270826711122345
CRACKS39,canny,inclusive_uncertain,782,3278,10909,62364,782,4060,1152,11691,77333,11691,section_068,0.09929528283912177,0.05224129868391192,0.19261083743794924,0.06688905996059627,0.9500624600102145,0.19261083743794924,0.09853733641254081,0.13037593870117123
CRACKS39,canny,inclusive_uncertain,1237,3581,11964,60585,1237,4818,1762,13201,77367,13201,section_106,0.1372995171762377,0.07370992730301888,0.2567455375669225,0.09370502234672091,0.9441916279648188,0.2567455375669225,0.13347473676226537,0.1756394755364491
CRACKS39,canny,inclusive_uncertain,1467,5236,8355,70027,1467,6703,2273,9822,85085,9822,section_108,0.1775491679272753,0.09742329658646737,0.21885722810649133,0.14935858277321384,0.9304306232809043,0.21885722810649133,0.23141926287901504,0.22496300958765308
CRACKS39,canny,inclusive_uncertain,825,4396,11502,54704,825,5221,1268,12327,71427,12327,section_116,0.09402780943691928,0.049333253602792955,0.15801570580318328,0.06692625943046408,0.9256175972925677,0.15801570580318328,0.1028636326761557,0.12460985979570102
CRACKS39,canny,inclusive_uncertain,1256,5640,9324,67330,1256,6896,1789,10580,83550,10580,section_124,0.14373998626679804,0.07743526510476113,0.18213457076539713,0.11871455576548325,0.9227079621761104,0.18213457076539713,0.16909262759908403,0.17537145422624845
CRACKS39,canny,inclusive_uncertain,1516,4302,9076,77272,1516,5818,2072,10592,92166,10592,section_131,0.18476538695905864,0.10178595407539828,0.26057064283214065,0.14312688821738753,0.9472626081838641,0.26057064283214065,0.19561933534724732,0.2234711733383518
CRACKS39,canny,inclusive_uncertain,877,5298,8991,73886,877,6175,1477,9868,89052,9868,section_133,0.10933117247390803,0.057826717657880895,0.1420242914977457,0.08887312525325407,0.9330925439481546,0.1420242914977457,0.14967571949721353,0.14574965022970923
CRACKS39,canny,inclusive_uncertain,1105,5478,10066,70536,1105,6583,1753,11171,87185,11171,section_136,0.12447899064992425,0.06637035257368828,0.16785660033393915,0.09891683824178774,0.9279343278868462,0.16785660033393915,0.15692417867679084,0.16220638679470356
CRACKS39,canny,inclusive_uncertain,978,2555,11678,81062,978,3533,1605,12656,96273,12656,section_167,0.12082278090053689,0.06429557557026869,0.27681856778863057,0.07727560050562794,0.9694440125810577,0.27681856778863057,0.12681731984819308,0.1739458212547586
CRACKS39,canny,inclusive_uncertain,1106,1441,9859,65106,1106,2547,1530,10965,77512,10965,section_168,0.1637063351094111,0.08915041109133552,0.43423635649613573,0.10086639306876345,0.9783461313055467,0.43423635649613573,0.13953488372080297,0.21120305169742953
CRACKS39,canny,inclusive_uncertain,713,3009,13180,81641,713,3722,1199,13893,98543,13893,section_178,0.08095373261420326,0.04218435688081754,0.19156367544279537,0.05132080904048706,0.9644536326047296,0.19156367544279537,0.08630245447341373,0.11899553780570042
CRACKS39,canny,inclusive_uncertain,1135,2236,11650,71141,1135,3371,1670,12785,86162,12785,section_193,0.14050507551365404,0.07556088143261064,0.33669534262730144,0.08877590926860479,0.9695272360547625,0.33669534262730144,0.1306218224480793,0.1882223107107691
CRACKS39,canny,inclusive_uncertain,1173,1536,12077,69791,1173,2709,1680,13250,84577,13250,section_196,0.1470016918352359,0.07933180035163037,0.4330011074181137,0.08852830188672563,0.9784653777670478,0.4330011074181137,0.12679245283009297,0.19614827824244763
CRACKS39,canny,inclusive_uncertain,822,363,9378,65263,822,1185,1594,10200,75826,10200,section_197,0.1444005270090958,0.07781880147677948,0.6936708860700956,0.08058823529403863,0.994468655715571,0.6936708860700956,0.15627450980376834,0.2550824486763268
CRACKS39,canny,inclusive_uncertain,1264,2644,12224,69245,1268,3908,1712,13488,85377,13488,section_204,0.1453207633938001,0.07835358294069034,0.3234390992826934,0.09371293001179291,0.9632210769379234,0.3244626407361196,0.12692763938306129,0.18247303036029555
CRACKS39,canny,inclusive_uncertain,584,1866,12893,74932,584,2450,978,13477,90275,13477,section_213,0.07333458906255205,0.038062960307607335,0.2383673469378026,0.043333085998335436,0.9757024922522753,0.2383673469378026,0.07256807894926721,0.11126335859507712
CRACKS39,canny,inclusive_uncertain,815,2604,12895,69462,815,3419,1286,13710,85776,13710,section_223,0.0951602545390302,0.04995709206813169,0.23837379350617616,0.05944566010207188,0.9638664557487632,0.23837379350617616,0.09380014587885208,0.13462522660774598
CRACKS39,canny,inclusive_uncertain,1006,2795,11901,71709,1006,3801,1190,12907,87411,12907,section_231,0.12042135503942995,0.06406827155772253,0.2646671928432921,0.07794220190588212,0.9624852356919142,0.2646671928432921,0.09219803207554644,0.13675635476602452
CRACKS39,canny,inclusive_uncertain,441,2601,9522,71492,441,3042,845,9963,84056,9963,section_239,0.0678200692041001,0.03510028653292335,0.1449704142007069,0.044263775971048615,0.9648954692074873,0.1449704142007069,0.08481381110098883,0.10701772738332085
CRACKS39,canny,inclusive_uncertain,1061,3490,10771,95665,1061,4551,1547,11832,110987,11832,section_250,0.12952450711095065,0.06924683461684555,0.23313557459847697,0.08967207572676666,0.9648025818162509,0.23313557459847697,0.1307471264366711,0.16753643701400667
CRACKS39,canny,inclusive_uncertain,852,3974,9968,79658,852,4826,1245,10820,94452,10820,section_251,0.10890962546330761,0.05759091523586752,0.17654372150812983,0.07874306839179414,0.9524823034244126,0.17654372150812983,0.1150646950091358,0.13932347369878223
CRACKS39,canny,inclusive_uncertain,1115,3241,15899,75641,1115,4356,2070,17014,95896,17014,section_256,0.10435189518011026,0.05504813626262402,0.2559687786954638,0.06553426589863316,0.958913313556837,0.2559687786954638,0.12166451157862838,0.16493416452817078
CRACKS39,canny,inclusive_uncertain,982,2622,11947,73329,982,3604,1665,12929,88880,12929,section_261,0.11879271759504095,0.06314706449741936,0.2724750277461918,0.07595328331651639,0.965477742228415,0.2724750277461918,0.12878026142769836,0.17489815276167808
CRACKS39,canny,inclusive_uncertain,1028,2307,10153,73596,1028,3335,1624,11181,87084,11181,section_262,0.14163681454936508,0.0762158956108569,0.308245877060545,0.0919416867900081,0.9696059444289462,0.308245877060545,0.14524640014297,0.19745254887593877
CRACKS39,canny,inclusive_uncertain,462,1310,9573,77142,462,1772,1037,10035,88487,10035,section_267,0.07825866011681352,0.040722785367967626,0.2607223476283255,0.046038863976037826,0.9833018916023832,0.2607223476283255,0.10333831589426672,0.14801163805592293
CRACKS39,canny,inclusive_uncertain,1747,5572,8730,81666,1747,7319,2284,10477,97715,10477,section_277,0.19633625533816793,0.10885413421390189,0.23869381062954134,0.16674620597483367,0.9361287512321539,0.23869381062954134,0.2180013362601718,0.22787878911901152
CRACKS39,canny,inclusive_uncertain,1047,4227,9883,105009,1047,5274,1742,10930,120166,10930,section_284,0.1292273512712113,0.06907699412808004,0.19852104664353712,0.09579139981692973,0.961303965725497,0.19852104664353712,0.15937785910323934,0.1768089145224869
CRACKS39,canny,inclusive_uncertain,1268,2097,13796,76976,1268,3365,2022,15064,94137,15064,section_287,0.13760920288667988,0.07388846803795006,0.3768202080226543,0.08417419012208963,0.9734802018386841,0.3768202080226543,0.13422729686661297,0.1979446390168051
CRACKS39,canny,inclusive_uncertain,1282,4584,8900,87204,1282,5866,2249,10182,101970,10182,section_300,0.15977068793609187,0.08682107544352781,0.21854756222260732,0.12590846592012775,0.9500588312196638,0.21854756222260732,0.22087998428577793,0.21970757816369868
CRACKS42,real,primary,369,4616,3594,64493,369,4985,654,3963,73072,3963,section_010,0.082476531068303,0.04301200606126237,0.0740220661984473,0.09311127933360305,0.9332069629135231,0.0740220661984473,0.16502649507906883,0.10220184189312088
CRACKS42,real,primary,13,3727,3316,58874,13,3740,100,3329,65930,3329,section_013,0.0036780308388687536,0.0018424036281153027,0.0034759358288677113,0.003905076599567723,0.9404642098367534,0.0034759358288677113,0.030039050765905562,0.006230871158057687
CRACKS42,real,primary,30,3614,3280,63188,30,3644,120,3310,70112,3310,section_017,0.008628127696277499,0.004332755632576065,0.008232711306234269,0.009063444108733948,0.9458998233584405,0.008232711306234269,0.03625377643493579,0.01341831298503721
CRACKS42,real,primary,0,3398,3195,71368,0,3398,0,3195,77961,3195,section_022,0.0,0.0,0.0,0.0,0.9545515341196594,0.0,0.0,0.0
CRACKS42,real,primary,0,3814,3186,73198,0,3814,0,3186,80198,3186,section_024,0.0,0.0,0.0,0.0,0.9504752506101711,0.0,0.0,0.0
CRACKS42,real,primary,526,2726,2156,53585,526,3252,717,2682,58993,2682,section_035,0.17728345129730824,0.09726331360928761,0.16174661746567728,0.19612229679270649,0.9515902754344708,0.16174661746567728,0.2673378076052672,0.2015500100519496
CRACKS42,real,primary,804,2468,2602,53792,804,3272,1247,3406,59666,3406,section_041,0.24079065588463494,0.13687436159322972,0.24572127139289207,0.23605402231287126,0.9561322431566023,0.24572127139289207,0.3661186142091424,0.2940740936010813
CRACKS42,real,primary,432,3146,2696,58247,432,3578,805,3128,64521,3128,section_043,0.12883984491480938,0.06885559451694477,0.12073784236970168,0.13810741687935388,0.948756372876232,0.12073784236970168,0.25735294117564783,0.1643639008169479
CRACKS42,real,primary,166,3389,2141,62292,166,3555,344,2307,67988,2307,section_046,0.05663596042296719,0.029143258426915127,0.04669479606175332,0.07195491980896422,0.9484021254242554,0.04669479606175332,0.14911140008604634,0.07111854679667091
CRACKS42,real,primary,123,3441,2524,66977,123,3564,279,2647,73065,2647,section_051,0.039607148607245846,0.0202036793692178,0.034511784511687675,0.046467699282030726,0.9511346530715228,0.034511784511687675,0.10540234227387457,0.05199793254856395
CRACKS42,real,primary,262,3892,3208,58241,262,4154,359,3470,65603,3470,section_067,0.06873032528847228,0.03558815539250803,0.06307173808362285,0.07550432276635302,0.9373601789707664,0.06307173808362285,0.103458213256186,0.07836775168377938
CRACKS42,real,primary,147,3538,2253,62104,147,3685,272,2400,68042,2400,section_068,0.04831552999170367,0.02475581003700782,0.03989145183164209,0.06124999999974479,0.9461015813045084,0.03989145183164209,0.11333333333286112,0.059011744185573305
CRACKS42,real,primary,960,3124,1423,61042,960,4084,1178,2383,66549,2383,section_106,0.2968919127875415,0.17432358816020643,0.2350636630748407,0.4028535459487921,0.9513137798832791,0.2350636630748407,0.4943348720079969,0.31861913238841316
CRACKS42,real,primary,714,2021,1661,73242,714,2735,1040,2375,77638,2375,section_108,0.27945205479397367,0.16242038216523563,0.2610603290666872,0.3006315789461026,0.9731474961134989,0.2610603290666872,0.43789473684026153,0.32710813051254806
CRACKS42,real,primary,401,3070,1923,56030,401,3471,577,2324,61424,2324,section_116,0.13839516824825127,0.07434186132726299,0.115528666090131,0.17254733218514395,0.948054145515914,0.115528666090131,0.2482788296030625,0.15768405848476358
CRACKS42,real,primary,656,4846,1708,68124,656,5502,950,2364,75334,2364,section_124,0.1667937960842019,0.09098474341180168,0.11922937113755139,0.2774957698803829,0.9335891462243479,0.11922937113755139,0.4018612521133593,0.1838976228573039
CRACKS42,real,primary,485,4422,2258,77152,485,4907,823,2743,84317,2743,section_131,0.1267973856207493,0.06769016050234795,0.09883839413063208,0.17681370761875023,0.9457915512294425,0.09883839413063208,0.3000364564334669,0.14869386098983622
CRACKS42,real,primary,197,3031,2835,76153,197,3228,443,3032,82216,3032,section_133,0.0629392971245001,0.03249216559453655,0.06102850061938963,0.0649736147755113,0.9617220650635278,0.06102850061938963,0.1461081794190432,0.08609544853225687
CRACKS42,real,primary,398,2061,1412,73953,398,2459,501,1810,77824,1810,section_136,0.1864605293975487,0.1028158098679855,0.1618544123620909,0.2198895027612161,0.9728865735258014,0.1618544123620909,0.276795580108968,0.20426575041871525
CRACKS42,real,primary,377,942,2120,82675,377,1319,708,2497,86114,2497,section_167,0.19758909853197698,0.10962489095635468,0.28582259287122197,0.15098117741229083,0.988734348278342,0.28582259287122197,0.28354024829682206,0.28467684108750757
CRACKS42,real,primary,710,1708,1357,64839,710,2418,1156,2067,68614,2067,section_168,0.31661092530587154,0.18807947019817728,0.2936311000814986,0.3434929850007572,0.9743339294031325,0.2936311000814986,0.5592646347336272,0.38508221182205177
CRACKS42,real,primary,122,2067,2527,82583,122,2189,281,2649,87299,2649,section_178,0.05043406366256628,0.02586938083115804,0.05573321151185138,0.04605511513761399,0.9755818074422947,0.05573321151185138,0.10607776519401255,0.07307358597360508
CRACKS42,real,primary,355,1868,1692,71509,355,2223,478,2047,75424,2047,section_193,0.16627634660382606,0.09067688378010044,0.15969410706180975,0.17342452369236236,0.9745424315519885,0.15969410706180975,0.23351245725337808,0.18967416002050735
CRACKS42,real,primary,272,1882,1316,69445,272,2154,445,1588,72915,1588,section_196,0.145376803847821,0.07838616714674818,0.12627669452123363,0.17128463475962669,0.9736144797901253,0.12627669452123363,0.2802267002501245,0.17409990179089171
CRACKS42,real,primary,642,3238,1724,62388,642,3880,930,2366,67992,2366,section_197,0.20557156580178423,0.11456102783705467,0.16546391752534675,0.27134404057366296,0.9506597994695776,0.16546391752534675,0.3930684699898856,0.23289123133970727
CRACKS42,real,primary,133,2074,1935,69815,133,2207,247,2068,73957,2068,section_204,0.06222222222207668,0.032110091743041747,0.060262800180968454,0.06431334622792885,0.9711499673105801,0.060262800180968454,0.11943907156615359,0.08010748505928517
CRACKS42,real,primary,320,2219,1205,74579,320,2539,386,1525,78323,1525,section_213,0.15748031496024242,0.08547008546985718,0.1260338716024969,0.20983606557239454,0.971106018385769,0.1260338716024969,0.2531147540967009,0.16827718427466662
CRACKS42,real,primary,0,1653,0,70413,0,1653,0,0,72066,0,section_223,0.0,0.0,0.0,0.0,0.9770626925317103,0.0,0.0,0.0
CRACKS42,real,primary,0,1446,0,73058,0,1446,0,0,74504,0,section_231,0.0,0.0,0.0,0.0,0.9805916460859846,0.0,0.0,0.0
CRACKS42,real,primary,0,772,0,73321,0,772,0,0,74093,0,section_239,0.0,0.0,0.0,0.0,0.9895806621406895,0.0,0.0,0.0
CRACKS42,real,primary,0,3402,0,95753,0,3402,0,0,99155,0,section_250,0.0,0.0,0.0,0.0,0.9656900811859245,0.0,0.0,0.0
CRACKS42,real,primary,0,3537,0,80095,0,3537,0,0,83632,0,section_251,0.0,0.0,0.0,0.0,0.9577075760473315,0.0,0.0,0.0
CRACKS42,real,primary,0,2513,0,76369,0,2513,0,0,78882,0,section_256,0.0,0.0,0.0,0.0,0.9681422884814067,0.0,0.0,0.0
CRACKS42,real,primary,0,1638,0,74313,0,1638,0,0,75951,0,section_261,0.0,0.0,0.0,0.0,0.9784334636804021,0.0,0.0,0.0
CRACKS42,real,primary,0,1424,0,74479,0,1424,0,0,75903,0,section_262,0.0,0.0,0.0,0.0,0.9812392132061999,0.0,0.0,0.0
CRACKS42,real,primary,0,2104,0,76348,0,2104,0,0,78452,0,section_267,0.0,0.0,0.0,0.0,0.9731810533828362,0.0,0.0,0.0
CRACKS42,real,primary,0,1920,0,85318,0,1920,0,0,87238,0,section_277,0.0,0.0,0.0,0.0,0.9779912423484057,0.0,0.0,0.0
CRACKS42,real,primary,0,1741,0,107495,0,1741,0,0,109236,0,section_284,0.0,0.0,0.0,0.0,0.9840620308322363,0.0,0.0,0.0
CRACKS42,real,primary,0,1502,0,77571,0,1502,0,0,79073,0,section_287,0.0,0.0,0.0,0.0,0.9810048942115538,0.0,0.0,0.0
CRACKS42,real,primary,0,1234,0,90554,0,1234,0,0,91788,0,section_300,0.0,0.0,0.0,0.0,0.9865559768160341,0.0,0.0,0.0
CRACKS42,real,inclusive_uncertain,936,4616,12394,64493,937,5552,1344,13330,82439,13330,section_010,0.09914204003807904,0.052156469408195606,0.16858789625329865,0.07021755438854446,0.9332069629135231,0.16876801152707355,0.10082520630149976,0.1262351411151256
CRACKS42,real,inclusive_uncertain,603,3727,11070,58874,603,4330,988,11673,74274,11673,section_013,0.07536086983685848,0.03915584415581873,0.1392609699765837,0.05165767154968589,0.9404642098367534,0.1392609699765837,0.08463976698356494,0.1052878671353536
CRACKS42,real,inclusive_uncertain,737,3614,14016,63188,737,4351,1087,14753,81555,14753,section_017,0.07715661641537,0.040126313497010874,0.16938634796559554,0.04995594116447505,0.9458998233584405,0.16938634796559554,0.07367992950581327,0.10269111613283902
CRACKS42,real,inclusive_uncertain,190,3398,13118,71368,190,3588,281,13308,88074,13308,section_022,0.02249053030301699,0.011373159343941473,0.05295429208457928,0.014277126540416081,0.9545515341196594,0.05295429208457928,0.02111511872556273,0.030191573044970176
CRACKS42,real,inclusive_uncertain,815,3814,8911,73198,815,4629,1122,9726,86738,9726,section_024,0.11354928596299996,0.06019202363363353,0.17606394469609837,0.0837960106929017,0.9504752506101711,0.17606394469609837,0.11536088834041192,0.13939026510731944
CRACKS42,real,inclusive_uncertain,1165,2726,11560,53585,1165,3891,1733,12725,69036,12725,section_035,0.140226287915178,0.07539965050800893,0.29940889231483064,0.0915520628682974,0.9515902754344708,0.29940889231483064,0.13618860510794797,0.18721906671378852
CRACKS42,real,inclusive_uncertain,1899,2468,12818,53792,1899,4367,2553,14717,70977,14717,section_041,0.19901488157608518,0.11050334594116351,0.43485230135004616,0.1290344499557457,0.9561322431566023,0.43485230135004616,0.1734728545218635,0.24800903938430152
CRACKS42,real,inclusive_uncertain,778,3146,12199,58247,778,3924,1299,12977,74370,12977,section_043,0.09206555825093658,0.048254047013553146,0.19826707441335814,0.05995222316401329,0.948756372876232,0.19826707441335814,0.10010017723657232,0.13303449701019468
CRACKS42,real,inclusive_uncertain,514,3389,10161,62292,514,3903,813,10675,76356,10675,section_046,0.07051721772529118,0.036547212741726,0.13169356904911173,0.04814988290393615,0.9484021254242554,0.13169356904911173,0.07615925058540875,0.09650754857014839
CRACKS42,real,inclusive_uncertain,633,3441,8041,66977,633,4074,966,8674,79092,8674,section_051,0.09930969563845363,0.05224927775480623,0.1553755522823874,0.07297671201282802,0.9511346530715228,0.1553755522823874,0.11136730458829677,0.12974109980602597
CRACKS42,real,inclusive_uncertain,454,3892,12597,58241,454,4346,652,13051,75184,13051,section_067,0.05219290682298546,0.026795726848830314,0.10446387482718715,0.034786606390288265,0.9373601789707664,0.10446387482718715,0.049957857635391956,0.06759140653943452
CRACKS42,real,inclusive_uncertain,408,3538,11283,62104,408,3946,718,11691,77333,11691,section_068,0.05218392274729668,0.026790990872659536,0.1033958438922874,0.03489863997944154,0.9461015813045084,0.1033958438922874,0.061414763493232896,0.07705852207293476
CRACKS42,real,inclusive_uncertain,975,3124,12226,61042,975,4099,1253,13201,77367,13201,section_106,0.11271676300571519,0.05972434915769695,0.23786289338805108,0.07385804105743969,0.9513137798832791,0.23786289338805108,0.09491705173843275,0.13568872890667794
CRACKS42,real,inclusive_uncertain,902,2021,8920,73242,902,2923,1331,9822,85085,9822,section_108,0.14154570419761353,0.0761631343408966,0.3085870680796833,0.09183465689259637,0.9731474961134989,0.3085870680796833,0.13551211565858734,0.18832408187168825
CRACKS42,real,inclusive_uncertain,645,3070,11682,56030,645,3715,989,12327,71427,12327,section_116,0.08041391347707243,0.041891277521567905,0.1736204576038395,0.05232416646381737,0.948054145515914,0.1736204576038395,0.0802303885778533,0.10974662042227395
CRACKS42,real,inclusive_uncertain,883,4846,9697,68124,883,5729,1305,10580,83550,10580,section_124,0.10828376969764651,0.05724102165171967,0.15412812009049726,0.0834593572778039,0.9335891462243479,0.15412812009049726,0.12334593572767169,0.13702957887940023
CRACKS42,real,inclusive_uncertain,817,4422,9775,77152,817,5239,1459,10592,92166,10592,section_131,0.10321521066255876,0.05441587851335126,0.15594579118122553,0.0771336858005314,0.9457915512294425,0.15594579118122553,0.13774546827781556,0.1462816792053679
CRACKS42,real,inclusive_uncertain,445,3031,9423,76153,445,3476,842,9868,89052,9868,section_133,0.06669664268580133,0.034498798356435,0.12802071346338315,0.04509525739760326,0.9617220650635278,0.12802071346338315,0.08532630725568977,0.10240156326762229
CRACKS42,real,inclusive_uncertain,643,2061,10528,73953,643,2704,908,11171,87185,11171,section_136,0.09268468468461788,0.048594316807702084,0.23779585798728628,0.05755975293164662,0.9728865735258014,0.23779585798728628,0.08128189060954141,0.12115226709203049
CRACKS42,real,inclusive_uncertain,1085,942,11571,82675,1085,2027,1771,12656,96273,12656,section_167,0.14778996117949478,0.07979114575667025,0.5352738036480746,0.08573008849550748,0.988734348278342,0.5352738036480746,0.1399336283184735,0.2218660542903677
CRACKS42,real,inclusive_uncertain,1175,1708,9790,64839,1175,2883,1839,10965,77512,10965,section_168,0.16969959560935174,0.09271679949491618,0.407561567809894,0.10715914272676044,0.9743339294031325,0.407561567809894,0.1677154582761808,0.23763985291694384
CRACKS42,real,inclusive_uncertain,394,2067,13499,82583,394,2461,825,13893,98543,13893,section_178,0.04818393053684225,0.02468671679196448,0.16009752133214103,0.028359605556734786,0.9755818074422947,0.16009752133214103,0.05938242280280761,0.08663186338722563
CRACKS42,real,inclusive_uncertain,1008,1868,11777,71509,1008,2876,1393,12785,86162,12785,section_193,0.12872741204257152,0.06879137378006633,0.35048678720323195,0.07884239342973888,0.9745424315519885,0.35048678720323195,0.10895580758693081,0.16623434809977183
CRACKS42,real,inclusive_uncertain,856,1882,12394,69445,856,2738,1537,13250,84577,13250,section_196,0.10708031023260753,0.056568860692534646,0.3126369612844681,0.0646037735848569,0.9736144797901253,0.3126369612844681,0.11599999999991245,0.16921492982886077
CRACKS42,real,inclusive_uncertain,979,3238,9221,62388,979,4217,1486,10200,75826,10200,section_197,0.1358118887423626,0.07285310314029404,0.2321555608246807,0.09598039215676864,0.9506597994695776,0.2321555608246807,0.14568627450966107,0.1790266439828585
CRACKS42,real,inclusive_uncertain,792,2074,12696,69815,792,2866,1302,13488,85377,13488,section_204,0.09685703803344939,0.050893201387963695,0.2763433356584915,0.058718861209920876,0.9711499673105801,0.2763433356584915,0.09653024911024871,0.1430806117961539
CRACKS42,real,inclusive_uncertain,828,2219,12649,74579,828,3047,1268,13477,90275,13477,section_213,0.10021786492368662,0.05275229357794804,0.2717426977345857,0.06143800549079065,0.971106018385769,0.2717426977345857,0.09408622096898858,0.13977704604373736
CRACKS42,real,inclusive_uncertain,699,1653,13011,70413,699,2352,1229,13710,85776,13710,section_223,0.08703772880084233,0.04549892599098776,0.29719387754975685,0.05098468271331073,0.9770626925317103,0.29719387754975685,0.08964259664471944,0.13773897746976477
CRACKS42,real,inclusive_uncertain,952,1446,11955,73058,952,2398,1331,12907,87411,12907,section_231,0.12440378961115686,0.0663275970179988,0.3969974979132736,0.07375842566043715,0.9805916460859846,0.3969974979132736,0.10312233671643052,0.16371799717607716
CRACKS42,real,inclusive_uncertain,587,772,9376,73321,587,1359,954,9963,84056,9963,section_239,0.1036919272212474,0.05468095016296722,0.43193524650160464,0.05891799658731414,0.9895806621406895,0.43193524650160464,0.09575429087614598,0.15675752320167463
CRACKS42,real,inclusive_uncertain,776,3402,11056,95753,776,4178,1384,11832,110987,11832,section_250,0.0969394128668976,0.05093868977284302,0.1857348013399097,0.06558485463145235,0.9656900811859245,0.1857348013399097,0.11697092630145624,0.14354251708889518
CRACKS42,real,inclusive_uncertain,807,3537,10013,80095,807,4344,1450,10820,94452,10820,section_251,0.10643629649162065,0.056209514522493405,0.18577348066255578,0.07458410351194585,0.9577075760473315,0.18577348066255578,0.13401109057288907,0.15570298384574638
CRACKS42,real,inclusive_uncertain,834,2513,16180,76369,834,3347,1597,17014,95896,17014,section_256,0.08192132017087475,0.042710093716370814,0.24917836868763318,0.04901845538965027,0.9681422884814067,0.24917836868763318,0.09386387680727996,0.13636132183069682
CRACKS42,real,inclusive_uncertain,1004,1638,11925,74313,1004,2642,1793,12929,88880,12929,section_261,0.12895767773416675,0.06892290794256269,0.3800151400439818,0.0776548843684139,0.9784334636804021,0.3800151400439818,0.13868048572964756,0.20320465633884457
CRACKS42,real,inclusive_uncertain,1134,1424,10047,74479,1134,2558,1978,11181,87084,11181,section_262,0.16507751655858136,0.08996429988092823,0.44331508991226226,0.10142205527224628,0.9812392132061999,0.44331508991226226,0.17690725337610508,0.2528952867330662
CRACKS42,real,inclusive_uncertain,1136,2104,8899,76348,1136,3240,1858,10035,88487,10035,section_267,0.17114877589440966,0.09358266743546124,0.3506172839495351,0.11320378674627482,0.9731810533828362,0.3506172839495351,0.18515196811142484,0.24233372376540852
CRACKS42,real,inclusive_uncertain,1597,1920,8880,85318,1597,3517,2411,10477,97715,10477,section_277,0.22824067457465466,0.12882148906983235,0.4540801819719816,0.15242913047613588,0.9779912423484057,0.4540801819719816,0.23012312684906924,0.3054482445236914
CRACKS42,real,inclusive_uncertain,1070,1741,9860,107495,1070,2811,1792,10930,120166,10930,section_284,0.15573830143355233,0.0844447952015749,0.3806474564198483,0.09789569990841912,0.9840620308322363,0.3806474564198483,0.1639524245195206,0.2291887104845956
CRACKS42,real,inclusive_uncertain,1346,1502,13718,77571,1346,2848,2310,15064,94137,15064,section_287,0.15029030817320774,0.08125075455747842,0.47261235954890235,0.08935209771635066,0.9810048942115538,0.47261235954890235,0.15334572490696138,0.23155890311799768
CRACKS42,real,inclusive_uncertain,1064,1234,9118,90554,1064,2298,1509,10182,101970,10182,section_300,0.17051282051268388,0.0932025227749709,0.4630113141842341,0.1044981339617909,0.9865559768160341,0.4630113141842341,0.1482027106657354,0.22453519689825682
CRACKS42,slog,primary,594,2991,3369,66118,594,3585,930,3963,73072,3963,section_010,0.15739268680424298,0.08541846419314723,0.1656903765685755,0.14988644965897077,0.9567205429103364,0.1656903765685755,0.23467070401151988,0.19423804276755843
CRACKS42,slog,primary,441,1924,2888,60677,441,2365,759,3329,65930,3329,section_013,0.15489989462565,0.0839520274127471,0.18646934460809106,0.13247221387764352,0.969265666682486,0.18646934460809106,0.22799639531322322,0.20515248082687296
CRACKS42,slog,primary,302,1825,3008,64977,302,2127,446,3310,70112,3310,section_017,0.1110906750043938,0.05881207400183289,0.14198401504399633,0.09123867069458841,0.9726804586687565,0.14198401504399633,0.13474320241651136,0.13826887259738455
CRACKS42,slog,primary,148,2136,3047,72630,148,2284,312,3195,77961,3195,section_022,0.05402445701760536,0.02776214593879617,0.0647985989489282,0.04632237871659993,0.9714308642964755,0.0647985989489282,0.09765258215931877,0.07790340550291877
CRACKS42,slog,primary,249,3200,2937,73812,249,3449,486,3186,80198,3186,section_024,0.0750565184625847,0.03899154400244442,0.07219483908358308,0.07815442561180742,0.9584480340724877,0.07219483908358308,0.15254237288087716,0.09800576840185739
CRACKS42,slog,primary,553,2733,2129,53578,553,3286,813,2682,58993,2682,section_035,0.18532171581738385,0.10212373037838943,0.1682897139374063,0.20618941088662868,0.9514659657969222,0.1682897139374063,0.3031319910503239,0.21642616127881667
CRACKS42,slog,primary,537,2832,2869,53428,537,3369,956,3406,59666,3406,section_041,0.15852398523961841,0.08608528374465199,0.15939447907343607,0.15766294773882072,0.9496622822607627,0.15939447907343607,0.2806811509093345,0.2033242550606866
CRACKS42,slog,primary,453,3119,2675,58274,453,3572,729,3128,64521,3128,section_043,0.1352238805968131,0.07251480710729548,0.1268197088462295,0.1448209718665447,0.9491961624287868,0.1268197088462295,0.2330562659839097,0.16425729441668235
CRACKS42,slog,primary,266,3331,2041,62350,266,3597,647,2307,67988,2307,section_046,0.09010840108385822,0.047179851010913126,0.07395051431728121,0.11530125704328002,0.9492851814069595,0.07395051431728121,0.2804508019060232,0.1170395227504123
CRACKS42,slog,primary,290,2868,2357,67550,290,3158,560,2647,73065,2647,section_051,0.0999138673555557,0.05258386219392097,0.09183027232396508,0.10955799017714561,0.9592717771023093,0.09183027232396508,0.21156025689379843,0.12807015046399334
CRACKS42,slog,primary,157,2088,3313,60045,157,2245,360,3470,65603,3470,section_067,0.0549431321083903,0.028247571068678937,0.06993318485492235,0.04524495677220391,0.9663946694991444,0.06993318485492235,0.10374639769422551,0.08354828453353785
CRACKS42,slog,primary,48,2675,2352,62967,48,2723,159,2400,68042,2400,section_068,0.01873902010537041,0.009458128078799097,0.01762761659927423,0.019999999999916668,0.959248651777679,0.01762761659927423,0.06624999999972396,0.02784603349067581
CRACKS42,slog,primary,658,1228,1725,62938,658,1886,965,2383,66549,2383,section_106,0.30826891543614837,0.18222099141461584,0.34888653234173445,0.2761225346190679,0.9808621388272636,0.34888653234173445,0.4049517415006087,0.3748342632262529
CRACKS42,slog,primary,537,1483,1838,73780,537,2020,725,2375,77638,2375,section_108,0.24436860068203783,0.1391912908239005,0.2658415841570998,0.22610526315694274,0.9802957628581136,0.2658415841570998,0.30526315789345154,0.2841917920935489
CRACKS42,slog,primary,460,1179,1864,57921,460,1639,732,2324,61424,2324,section_116,0.23214736310817022,0.1313160148440442,0.28065893837534683,0.19793459552410528,0.980050761421154,0.28065893837534683,0.31497418244270664,0.29682808120025905
CRACKS42,slog,primary,533,3174,1831,69796,533,3707,711,2364,75334,2364,section_124,0.17558886509607052,0.09624413145522527,0.14378203398936126,0.22546531302781106,0.956502672330964,0.14378203398936126,0.30076142131852474,0.19455505379100935
CRACKS42,slog,primary,672,2610,2071,78964,672,3282,957,2743,84317,2743,section_131,0.2230705394187169,0.12553708200985328,0.20475319926811472,0.24498724024701063,0.9680045112412082,0.20475319926811472,0.34888807874462674,0.2580586089086052
CRACKS42,slog,primary,507,1494,2525,77690,507,2001,758,3032,82216,3032,section_133,0.20147029604569547,0.11201944321672112,0.2533733133420621,0.16721635883849864,0.9811325520305894,0.2533733133420621,0.24999999999917547,0.2516753486849602
CRACKS42,slog,primary,485,2215,1325,73799,485,2700,665,1810,77824,1810,section_136,0.21507760532103087,0.12049689440963852,0.17962962962896434,0.267955801103492,0.9708606309362787,0.17962962962896434,0.36740331491509726,0.2412890149832349
CRACKS42,slog,primary,446,831,2051,82786,446,1277,633,2497,86114,2497,section_167,0.23635400105925716,0.1340144230765204,0.3492560689087764,0.17861433720393027,0.9900618295321538,0.3492560689087764,0.25350420504504007,0.29377477071020447
CRACKS42,slog,primary,758,1343,1309,65204,758,2101,1173,2067,68614,2067,section_168,0.36372360844442486,0.22228739002867365,0.3607805806741515,0.36671504595855486,0.9798187747004403,0.3607805806741515,0.5674891146561806,0.44111975460635966
CRACKS42,slog,primary,327,106,2322,84544,327,433,675,2649,87299,2649,section_178,0.21219987021345815,0.1186932849360483,0.7551963048324435,0.12344280860655553,0.9987477849969287,0.7551963048324435,0.2548131370318807,0.38105373995072134
CRACKS42,slog,primary,118,329,1929,73048,118,447,224,2047,75424,2047,section_193,0.09462710505174568,0.049663299663090646,0.2639821029023718,0.05764533463577116,0.9955163061993547,0.2639821029023718,0.10942843185095541,0.15472057746203588
CRACKS42,slog,primary,130,161,1458,71166,130,291,203,1588,72915,1588,section_196,0.13837147418766169,0.07432818753530973,0.4467353951736517,0.08186397984835099,0.9977427902475924,0.4467353951736517,0.12783375314780962,0.19878499011625306
CRACKS42,slog,primary,255,390,2111,65236,255,645,483,2366,67992,2366,section_197,0.16937894387190508,0.09252539912883699,0.3953488372031729,0.10777683854561379,0.9940572334134347,0.3953488372031729,0.20414201183345673,0.2692528360895063
CRACKS42,slog,primary,101,593,1967,71296,101,694,176,2068,73957,2068,section_204,0.07313540912355852,0.037955655768365446,0.14553314120827762,0.048839458413690334,0.9917511719455004,0.14553314120827762,0.08510638297831187,0.10740395652800955
CRACKS42,slog,primary,49,590,1476,76208,49,639,79,1525,78323,1525,section_213,0.04528650646929165,0.023167848699654055,0.0766823161177358,0.03213114754077291,0.9923175082683153,0.0766823161177358,0.0518032786881849,0.06183409259430921
CRACKS42,slog,primary,0,394,0,71672,0,394,0,0,72066,0,section_223,0.0,0.0,0.0,0.0,0.9945327893873679,0.0,0.0,0.0
CRACKS42,slog,primary,0,161,0,74343,0,161,0,0,74504,0,section_231,0.0,0.0,0.0,0.0,0.9978390421989427,0.0,0.0,0.0
CRACKS42,slog,primary,0,28,0,74065,0,28,0,0,74093,0,section_239,0.0,0.0,0.0,0.0,0.9996220965541955,0.0,0.0,0.0
CRACKS42,slog,primary,0,99,0,99056,0,99,0,0,99155,0,section_250,0.0,0.0,0.0,0.0,0.9990015632090163,0.0,0.0,0.0
CRACKS42,slog,primary,0,208,0,83424,0,208,0,0,83632,0,section_251,0.0,0.0,0.0,0.0,0.9975129137171181,0.0,0.0,0.0
CRACKS42,slog,primary,0,46,0,78836,0,46,0,0,78882,0,section_256,0.0,0.0,0.0,0.0,0.9994168504854087,0.0,0.0,0.0
CRACKS42,slog,primary,0,451,0,75500,0,451,0,0,75951,0,section_261,0.0,0.0,0.0,0.0,0.9940619610010409,0.0,0.0,0.0
CRACKS42,slog,primary,0,387,0,75516,0,387,0,0,75903,0,section_262,0.0,0.0,0.0,0.0,0.9949013872968138,0.0,0.0,0.0
CRACKS42,slog,primary,0,595,0,77857,0,595,0,0,78452,0,section_267,0.0,0.0,0.0,0.0,0.9924157446590282,0.0,0.0,0.0
CRACKS42,slog,primary,0,218,0,87020,0,218,0,0,87238,0,section_277,0.0,0.0,0.0,0.0,0.9975010889748737,0.0,0.0,0.0
CRACKS42,slog,primary,0,327,0,108909,0,327,0,0,109236,0,section_284,0.0,0.0,0.0,0.0,0.9970064813796736,0.0,0.0,0.0
CRACKS42,slog,primary,0,390,0,78683,0,390,0,0,79073,0,section_287,0.0,0.0,0.0,0.0,0.9950678486966481,0.0,0.0,0.0
CRACKS42,slog,primary,0,385,0,91403,0,385,0,0,91788,0,section_300,0.0,0.0,0.0,0.0,0.9958055519238903,0.0,0.0,0.0
CRACKS42,slog,inclusive_uncertain,976,2991,12354,66118,976,3967,1446,13330,82439,13330,section_010,0.11285193964264736,0.05980025733713632,0.24602974539892608,0.0732183045760891,0.9567205429103364,0.24602974539892608,0.10847711927973858,0.15056744985379672
CRACKS42,slog,inclusive_uncertain,1022,1924,10651,60677,1022,2946,1667,11673,74274,11673,section_013,0.13981804500982295,0.07516363903796781,0.34691106585082515,0.08755247151538803,0.969265666682486,0.34691106585082515,0.1428081898396789,0.2023271078774332
CRACKS42,slog,inclusive_uncertain,787,1825,13966,64977,787,2612,989,14753,81555,14753,section_017,0.09064209617040561,0.04747255398718333,0.3013016845317714,0.053345082356094795,0.9726804586687565,0.3013016845317714,0.06703721277023857,0.10967304693352138
CRACKS42,slog,inclusive_uncertain,273,2136,13035,72630,273,2409,488,13308,88074,13308,section_022,0.0347394540942707,0.01767676767675623,0.11332503113277989,0.02051397655543995,0.9714308642964755,0.11332503113277989,0.03666967237748973,0.055409843007878316
CRACKS42,slog,inclusive_uncertain,430,3200,9296,73812,430,3630,748,9726,86738,9726,section_024,0.06439053608860108,0.03326628500693697,0.11845730027515577,0.04421139214472115,0.9584480340724877,0.11845730027515577,0.07690725889360794,0.09326385330627156
CRACKS42,slog,inclusive_uncertain,1061,2733,11664,53578,1061,3794,1745,12725,69036,12725,section_035,0.12845813911245932,0.06863759865437402,0.279652082234371,0.08337917485258672,0.9514659657969222,0.279652082234371,0.13713163064822229,0.1840242022204542
CRACKS42,slog,inclusive_uncertain,1083,2832,13634,53428,1083,3915,1823,14717,70977,14717,section_041,0.11625161013304194,0.06171291811495714,0.2766283524897149,0.07358836719435102,0.9496622822607627,0.2766283524897149,0.12387035401228248,0.17111691269334972
CRACKS42,slog,inclusive_uncertain,973,3119,12004,58274,973,4092,1509,12977,74370,12977,section_043,0.11400785048912414,0.06044980119280538,0.23778103616755186,0.07497880866142022,0.9491961624287868,0.23778103616755186,0.11628265392608747,0.15618551086454424
CRACKS42,slog,inclusive_uncertain,360,3331,10315,62350,360,3691,861,10675,76356,10675,section_046,0.05011833495750374,0.025703270027112875,0.09753454348388639,0.03372365339575295,0.9492851814069595,0.09753454348388639,0.08065573770484247,0.0882957259221931
CRACKS42,slog,inclusive_uncertain,619,2868,8055,67550,619,3487,982,8674,79092,8674,section_051,0.10180083874672986,0.053630220065800004,0.17751648981881987,0.07136269310575125,0.9592717771023093,0.17751648981881987,0.11321189762495594,0.13825260173283443
CRACKS42,slog,inclusive_uncertain,434,2088,12617,60045,434,2522,896,13051,75184,13051,section_067,0.05573749438126518,0.028667679503250762,0.1720856463117681,0.03325415676957072,0.9663946694991444,0.1720856463117681,0.068653743008146,0.09815031333179494
CRACKS42,slog,inclusive_uncertain,203,2675,11488,62967,203,2878,377,11691,77333,11691,section_068,0.027867389662963916,0.014130586106073971,0.07053509381490433,0.017363784107418213,0.959248651777679,0.07053509381490433,0.0322470276280624,0.04425958261547296
CRACKS42,slog,inclusive_uncertain,739,1228,12462,62938,739,1967,1153,13201,77367,13201,section_106,0.09744198312229863,0.051216300505890065,0.3756990340601134,0.05598060752969019,0.9808621388272636,0.3756990340601134,0.0873418680402338,0.14173371984292585
CRACKS42,slog,inclusive_uncertain,676,1483,9146,73780,676,2159,1003,9822,85085,9822,section_108,0.11284533845245567,0.059796550198974084,0.3131079203320375,0.06882508654034938,0.9802957628581136,0.3131079203320375,0.10211769497037047,0.15400715732795908
CRACKS42,slog,inclusive_uncertain,470,1179,11857,57921,470,1649,758,12327,71427,12327,section_116,0.06725815684024952,0.03479934843770561,0.2850212249831109,0.038127687190688625,0.980050761421154,0.2850212249831109,0.06149103593732336,0.10115803600133258
CRACKS42,slog,inclusive_uncertain,964,3174,9616,69796,964,4138,1293,10580,83550,10580,section_124,0.13099605924709132,0.0700887014686127,0.2329627839530378,0.09111531190917663,0.956502672330964,0.2329627839530378,0.12221172022672758,0.16031996350559233
CRACKS42,slog,inclusive_uncertain,844,2610,9748,78964,844,3454,1197,10592,92166,10592,section_131,0.1201765627223977,0.06392970762000914,0.24435437174219932,0.07968277945611812,0.9680045112412082,0.24435437174219932,0.11300981873101112,0.15454510116094378
CRACKS42,slog,inclusive_uncertain,700,1494,9168,77690,700,2194,1078,9868,89052,9868,section_133,0.11606698723253517,0.061608871677467335,0.3190519598891566,0.07093635995128604,0.9811325520305894,0.3190519598891566,0.1092419943249805,0.1627567759706229
CRACKS42,slog,inclusive_uncertain,646,2215,10525,73799,646,2861,920,11171,87185,11171,section_136,0.0920752565563768,0.04825937546686967,0.22579517651092,0.05782830543366052,0.9708606309362787,0.22579517651092,0.08235610061759703,0.12069143341235473
CRACKS42,slog,inclusive_uncertain,1059,831,11597,82786,1059,1890,1708,12656,96273,12656,section_167,0.1456070397359098,0.07852005635050158,0.5603174603144957,0.0836757269278732,0.9900618295321538,0.5603174603144957,0.13495575221228273,0.21752042760860452
CRACKS42,slog,inclusive_uncertain,839,1343,10126,65204,839,2182,1456,10965,77512,10965,section_168,0.12763368068751224,0.06816704582379901,0.3845096241962213,0.07651618787042724,0.9798187747004403,0.3845096241962213,0.1327861377107772,0.19740176000826837
CRACKS42,slog,inclusive_uncertain,635,106,13258,84544,635,741,1241,13893,98543,13893,section_178,0.08678420117528578,0.045360382884459344,0.8569500674648185,0.04570647088458525,0.9987477849969287,0.8569500674648185,0.08932555963428393,0.1617869917682675
CRACKS42,slog,inclusive_uncertain,420,329,12365,73048,420,749,821,12785,86162,12785,section_193,0.06206590808329979,0.03202684154336432,0.5607476635439153,0.0328509972623912,0.9955163061993547,0.5607476635439153,0.06421587798195993,0.11523521156677989
CRACKS42,slog,inclusive_uncertain,795,161,12455,71166,795,956,1224,13250,84577,13250,section_196,0.11192453892713505,0.059279695772083155,0.8315899581502971,0.059999999999954715,0.9977427902475924,0.8315899581502971,0.09237735849049632,0.1662831173055361
CRACKS42,slog,inclusive_uncertain,707,390,9493,65236,707,1097,1164,10200,75826,10200,section_197,0.12516597326712828,0.06676109537293035,0.6444849589731588,0.06931372549012813,0.9940572334134347,0.6444849589731588,0.11411764705871164,0.1939015382453079
CRACKS42,slog,inclusive_uncertain,672,593,12816,71296,672,1265,1151,13488,85377,13488,section_204,0.09110011523073876,0.04772388324689459,0.5312252964384884,0.04982206405690256,0.9917511719455004,0.5312252964384884,0.08533511269270067,0.1470485912821664
CRACKS42,slog,inclusive_uncertain,743,590,12734,76208,743,1333,1197,13477,90275,13477,section_213,0.10033760972309227,0.052818653586370355,0.5573893473326528,0.05513096386432059,0.9923175082683153,0.5573893473326528,0.088817986198643,0.15322078851078422
CRACKS42,slog,inclusive_uncertain,745,394,12965,71672,745,1139,1383,13710,85776,13710,section_223,0.10034345747181604,0.05282189449797729,0.654082528528059,0.054339897884716014,0.9945327893873679,0.654082528528059,0.10087527352290235,0.17479322133927577
CRACKS42,slog,inclusive_uncertain,979,161,11928,74343,979,1140,1647,12907,87411,12907,section_231,0.13938919342198378,0.07491582491576758,0.8587719298170284,0.07585031378315964,0.9978390421989427,0.8587719298170284,0.12760517548607142,0.22219441450269367
CRACKS42,slog,inclusive_uncertain,137,28,9826,74065,137,165,436,9963,84056,9963,section_239,0.02705371248022605,0.013712341106982572,0.8303030302527089,0.013750878249509433,0.9996220965541955,0.8303030302527089,0.04376191910062856,0.0831417703000201
CRACKS42,slog,inclusive_uncertain,488,99,11344,99056,488,587,862,11832,110987,11832,section_250,0.0785892583943324,0.040901852317457965,0.8313458262209311,0.04124408384039786,0.9990015632090163,0.8313458262209311,0.07285327924267,0.13396666417628192
CRACKS42,slog,inclusive_uncertain,583,208,10237,83424,583,791,1017,10820,94452,10820,section_251,0.10042201360769923,0.05286543344209932,0.7370417193332864,0.05388170055447885,0.9975129137171181,0.7370417193332864,0.09399260628457116,0.16672348944304763
CRACKS42,slog,inclusive_uncertain,1134,46,15880,78836,1134,1180,1687,17014,95896,17014,section_256,0.12465648015822542,0.06647127784286842,0.9610169491443983,0.06665099329959642,0.9994168504854087,0.9610169491443983,0.0991536381802638,0.1797603651733495
CRACKS42,slog,inclusive_uncertain,850,451,12079,75500,850,1301,1592,12929,88880,12929,section_261,0.11946591707651477,0.06352765321370439,0.6533435818550858,0.0657436770051313,0.9940619610010409,0.6533435818550858,0.12313403975549296,0.2072148154874015
CRACKS42,slog,inclusive_uncertain,662,387,10519,75516,662,1049,1168,11181,87084,11181,section_262,0.10825838103016495,0.057226832641720925,0.6310772163905523,0.059207584294732836,0.9949013872968138,0.6310772163905523,0.10446292818164343,0.17925377295334877
CRACKS42,slog,inclusive_uncertain,203,595,9832,77857,203,798,528,10035,88487,10035,section_267,0.03747807624846535,0.019096895578533304,0.25438596490909293,0.020229197807652984,0.9924157446590282,0.25438596490909293,0.05261584454404323,0.08719643686598053
CRACKS42,slog,inclusive_uncertain,1304,218,9173,87020,1304,1522,1934,10477,97715,10477,section_277,0.21735144595364833,0.12192613370722587,0.8567674112952907,0.12446310966867952,0.9975010889748737,0.8567674112952907,0.18459482676321026,0.30374604448985865
CRACKS42,slog,inclusive_uncertain,364,327,10566,108909,364,691,925,10930,120166,10930,section_284,0.06264521125543185,0.03233543572885108,0.5267727930459223,0.03330283623052763,0.9970064813796736,0.5267727930459223,0.08462946020120345,0.14583033071350424
CRACKS42,slog,inclusive_uncertain,911,390,14153,78683,911,1301,1535,15064,94137,15064,section_287,0.11133516651383359,0.05894913938135178,0.7002305918470391,0.06047530536374105,0.9950678486966481,0.7002305918470391,0.10189856611782933,0.17790773882985728
CRACKS42,slog,inclusive_uncertain,897,385,9285,91403,897,1282,1351,10182,101970,10182,section_300,0.15648988136762343,0.08488691208471194,0.699687987514043,0.08809664113132185,0.9958055519238903,0.699687987514043,0.13268513062253712,0.2230686909034563
CRACKS42,log,primary,562,3191,3401,65918,562,3753,902,3963,73072,3963,section_010,0.1456713322963379,0.07855745037730143,0.1497468691709306,0.1418117587682518,0.9538265638338055,0.1497468691709306,0.22760534948214078,0.18064389662233235
CRACKS42,log,primary,770,1906,2559,60695,770,2676,1137,3329,65930,3329,section_013,0.2564529558696812,0.14708691499494347,0.2877428998494479,0.23130069089747282,0.9695532020253719,0.2877428998494479,0.3415440072083462,0.3123435761856287
CRACKS42,log,primary,735,3523,2575,63279,735,4258,1154,3310,70112,3310,section_017,0.19423890063399282,0.10756622274241538,0.17261625176098494,0.22205438066398173,0.9472620580220732,0.17261625176098494,0.34864048338263254,0.2309073753551786
CRACKS42,log,primary,574,2825,2621,71941,574,3399,1093,3195,77961,3195,section_022,0.1740976645432604,0.09534883720914394,0.16887319799891476,0.17965571204951594,0.9622154455232376,0.16887319799891476,0.3420970266029981,0.22612283454583768
CRACKS42,log,primary,412,2746,2774,74266,412,3158,949,3186,80198,3186,section_024,0.12988650693548254,0.06945380984479188,0.1304623179223228,0.12931575643399462,0.964343219238435,0.1304623179223228,0.297865662271507,0.18145087698715784
CRACKS42,log,primary,435,2371,2247,53940,435,2806,571,2682,58993,2682,section_035,0.15852769679271406,0.08608747278827214,0.1550249465425694,0.16219239373541317,0.9578945499101494,0.1550249465425694,0.2129008202825768,0.17941085056870576
CRACKS42,log,primary,866,2009,2540,54251,866,2875,1298,3406,59666,3406,section_041,0.27575226874657577,0.15992613111697151,0.3012173913033001,0.2542571931877444,0.9642907927477846,0.3012173913033001,0.38109219025137675,0.33647950084366296
CRACKS42,log,primary,861,2458,2267,58935,861,3319,1301,3128,64521,3128,section_043,0.2671009771982828,0.15413533834558873,0.2594154865915655,0.27525575447482337,0.9599628622154057,0.2594154865915655,0.4159207161112023,0.3195335091589046
CRACKS42,log,primary,861,3213,1446,62468,861,4074,1287,2307,67988,2307,section_046,0.2698636577334746,0.15597826086928265,0.21134020618504826,0.373211963587459,0.951081743578668,0.21134020618504826,0.5578673602056443,0.3065487302737806
CRACKS42,log,primary,437,2858,2210,67560,437,3295,946,2647,73065,2647,section_051,0.14708852238278847,0.07938237965471502,0.13262518968093287,0.1650925576117677,0.9594137862476981,0.13262518968093287,0.3573857196813095,0.19345833731085071
CRACKS42,log,primary,430,2774,3040,59359,430,3204,913,3470,65603,3470,section_067,0.12885825591829658,0.06886611146689804,0.13420724094839512,0.1239193083569916,0.9553538377350272,0.13420724094839512,0.2631123919300775,0.17774901801705875
CRACKS42,log,primary,412,3081,1988,62561,412,3493,770,2400,68042,2400,section_068,0.13982691328671334,0.0751687648238001,0.11795018608612096,0.1716666666659514,0.9530635873372303,0.11795018608612096,0.32083333333199654,0.1724875654258181
CRACKS42,log,primary,521,1943,1862,62223,521,2464,803,2383,66549,2383,section_106,0.21497833711529818,0.12043458159935175,0.21144480519394707,0.21863197649929236,0.969719165913261,0.21144480519394707,0.33697020562175,0.25984189629918986
CRACKS42,log,primary,356,2791,2019,72472,356,3147,504,2375,77638,2375,section_108,0.12893879029313846,0.0689121176924721,0.11312360978673937,0.14989473684147414,0.9629167054195338,0.11312360978673937,0.21221052631489595,0.14757762785825332
CRACKS42,log,primary,389,3330,1935,55770,389,3719,674,2324,61424,2324,section_116,0.12874400132363273,0.0688008489563693,0.10459801021751923,0.1673838209975586,0.9436548223348658,0.10459801021751923,0.2900172117027108,0.15374583046540247
CRACKS42,log,primary,605,5761,1759,67209,605,6366,837,2364,75334,2364,section_124,0.13860252004566023,0.07446153846144682,0.09503612943748817,0.2559221658195604,0.9210497464710263,0.09503612943748817,0.35406091370408604,0.14984992035977313
CRACKS42,log,primary,643,5031,2100,76543,643,5674,910,2743,84317,2743,section_131,0.15278602827592633,0.08271160277838602,0.11332393373261664,0.23441487422444618,0.9383259371857531,0.11332393373261664,0.33175355450116023,0.1689396474773138
CRACKS42,log,primary,579,3795,2453,75389,579,4374,873,3032,82216,3032,section_133,0.15635970834437435,0.08481031199636033,0.1323731138542927,0.19096306068538602,0.952073651242555,0.1323731138542927,0.28792875989350947,0.18136500448415202
CRACKS42,log,primary,644,3204,1166,72810,644,3848,812,1810,77824,1810,section_136,0.2276422764223619,0.12844036697222092,0.16735966735923244,0.35580110497040995,0.9578498697607075,0.16735966735923244,0.4486187845279082,0.24377699934401326
CRACKS42,log,primary,531,2581,1966,81036,531,3112,839,2497,86114,2497,section_167,0.18933856302337435,0.10456872784540258,0.1706298200508656,0.21265518622261653,0.9691330710261109,0.1706298200508656,0.33600320384326793,0.22632620604155587
CRACKS42,log,primary,715,1170,1352,65377,715,1885,1086,2067,68614,2067,section_168,0.3618421052622423,0.2208835341358638,0.37931034482557396,0.34591194968386113,0.9824184411016301,0.37931034482557396,0.5253991291701723,0.44055982253311127
CRACKS42,log,primary,302,2600,2347,82050,302,2902,464,2649,87299,2649,section_178,0.1088092235631259,0.057534768527228934,0.10406616126773237,0.11400528501278216,0.9692852923802754,0.10406616126773237,0.17516043790043354,0.13056258808984106
CRACKS42,log,primary,201,1947,1846,71430,201,2148,335,2047,75424,2047,section_193,0.09582836710346644,0.05032548823222252,0.09357541899397777,0.09819247679483052,0.9734657999099209,0.09357541899397777,0.1636541279913842,0.11906877091701641
CRACKS42,log,primary,282,2047,1306,69280,282,2329,420,1588,72915,1588,section_196,0.1439877457234006,0.07757909215934641,0.12108200944559433,0.1775818639787306,0.97130119029246,0.12108200944559433,0.26448362720236473,0.16611546866550328
CRACKS42,log,primary,334,2592,2032,63034,334,2926,557,2366,67992,2366,section_197,0.12622826908517343,0.06736587333588671,0.11414900888546088,0.14116652578131375,0.9605034589947642,0.11414900888546088,0.23541842772512503,0.1537487569781204
CRACKS42,log,primary,30,5016,2038,66873,30,5046,73,2068,73957,2068,section_204,0.008434073657564755,0.004234895539237387,0.005945303210451952,0.014506769825848614,0.9302257647204816,0.005945303210451952,0.03529980657623163,0.010176624747433072
CRACKS42,log,primary,110,3676,1415,73122,110,3786,211,1525,78323,1525,section_213,0.04142346074177853,0.02114977888863459,0.029054410987773234,0.07213114754051062,0.9521341701605573,0.029054410987773234,0.13836065573679765,0.04802419752109131
CRACKS42,log,primary,0,3141,0,68925,0,3141,0,0,72066,0,section_223,0.0,0.0,0.0,0.0,0.9564149529596542,0.0,0.0,0.0
CRACKS42,log,primary,0,3180,0,71324,0,3180,0,0,74504,0,section_231,0.0,0.0,0.0,0.0,0.957317727907098,0.0,0.0,0.0
CRACKS42,log,primary,0,1911,0,72182,0,1911,0,0,74093,0,section_239,0.0,0.0,0.0,0.0,0.9742080898329162,0.0,0.0,0.0
CRACKS42,log,primary,0,2854,0,96301,0,2854,0,0,99155,0,section_250,0.0,0.0,0.0,0.0,0.971216781806165,0.0,0.0,0.0
CRACKS42,log,primary,0,2707,0,80925,0,2707,0,0,83632,0,section_251,0.0,0.0,0.0,0.0,0.9676320068872002,0.0,0.0,0.0
CRACKS42,log,primary,0,4260,0,74622,0,4260,0,0,78882,0,section_256,0.0,0.0,0.0,0.0,0.9459952840951109,0.0,0.0,0.0
CRACKS42,log,primary,0,2124,0,73827,0,2124,0,0,75951,0,section_261,0.0,0.0,0.0,0.0,0.9720346012559451,0.0,0.0,0.0
CRACKS42,log,primary,0,2660,0,73243,0,2660,0,0,75903,0,section_262,0.0,0.0,0.0,0.0,0.9649552718600102,0.0,0.0,0.0
CRACKS42,log,primary,0,3062,0,75390,0,3062,0,0,78452,0,section_267,0.0,0.0,0.0,0.0,0.9609697649516952,0.0,0.0,0.0
CRACKS42,log,primary,0,3406,0,83832,0,3406,0,0,87238,0,section_277,0.0,0.0,0.0,0.0,0.9609573809577293,0.0,0.0,0.0
CRACKS42,log,primary,0,4380,0,104856,0,4380,0,0,109236,0,section_284,0.0,0.0,0.0,0.0,0.95990332857291,0.0,0.0,0.0
CRACKS42,log,primary,0,3957,0,75116,0,3957,0,0,79073,0,section_287,0.0,0.0,0.0,0.0,0.9499576340848394,0.0,0.0,0.0
CRACKS42,log,primary,0,4053,0,87735,0,4053,0,0,91788,0,section_300,0.0,0.0,0.0,0.0,0.9558439011634466,0.0,0.0,0.0
CRACKS42,log,inclusive_uncertain,1028,3191,12302,65918,1028,4219,1638,13330,82439,13330,section_010,0.11715767280180228,0.062223836329482335,0.243659634984016,0.07711927981989714,0.9538265638338055,0.243659634984016,0.12288072017995282,0.16337120967414553
CRACKS42,log,inclusive_uncertain,1186,1906,10487,60695,1240,3092,1933,11673,74274,11673,section_013,0.1606501862511611,0.08734074674122737,0.3835705045265732,0.10160198749241703,0.9695532020253719,0.40103492884734465,0.16559581941217716,0.2344020570269289
CRACKS42,log,inclusive_uncertain,1196,3523,13557,63279,1196,4719,2078,14753,81555,14753,section_017,0.1228430566967323,0.06544101553946956,0.25344352617026183,0.08106825730354432,0.9472620580220732,0.25344352617026183,0.14085270792371662,0.18107302568323852
CRACKS42,log,inclusive_uncertain,721,2825,12587,71941,721,3546,1514,13308,88074,13308,section_022,0.08555832443331816,0.04469100601249321,0.2033276931748355,0.05417793808231576,0.9622154455232376,0.2033276931748355,0.11376615569573657,0.14589882050301695
CRACKS42,log,inclusive_uncertain,834,2746,8892,74266,834,3580,1655,9726,86738,9726,section_024,0.12535698181262184,0.06686978832579628,0.23296089385409788,0.08574953732255217,0.964343219238435,0.23296089385409788,0.1701624511616593,0.19667030565110738
CRACKS42,log,inclusive_uncertain,1075,2371,11650,53940,1075,3446,1676,12725,69036,12725,section_035,0.13295405355257375,0.07121091679910492,0.3119558908870808,0.08447937131624009,0.9578945499101494,0.3119558908870808,0.131709233791645,0.1852183917732475
CRACKS42,log,inclusive_uncertain,1398,2009,13319,54251,1398,3407,2064,14717,70977,14717,section_041,0.15427058044573258,0.08358244649044387,0.4103316700897848,0.09499218590738942,0.9642907927477846,0.4103316700897848,0.1402459740435277,0.20904359020250127
CRACKS42,log,inclusive_uncertain,891,2458,12086,58935,891,3349,1445,12977,74370,12977,section_043,0.10915104740897393,0.05772594752182849,0.2660495670341414,0.06865993681122859,0.9599628622154057,0.2660495670341414,0.11135085150642571,0.15699423525685335
CRACKS42,log,inclusive_uncertain,1179,3213,9496,62468,1179,4392,1747,10675,76356,10675,section_046,0.15650096236798533,0.08489343317966237,0.2684426229502085,0.11044496487109091,0.951081743578668,0.2684426229502085,0.16365339578439,0.20334159028364424
CRACKS42,log,inclusive_uncertain,721,2858,7953,67560,721,3579,1410,8674,79092,8674,section_051,0.11768546478403845,0.06252167880674425,0.2014529198094399,0.08312197371445339,0.9594137862476981,0.2014529198094399,0.16255476135558847,0.17992549113015088
CRACKS42,log,inclusive_uncertain,772,2774,12279,59359,772,3546,1628,13051,75184,13051,section_067,0.09302886063740855,0.04878357030012715,0.21771009588207077,0.05915255535969722,0.9553538377350272,0.21771009588207077,0.12474139912640812,0.15860617674085895
CRACKS42,log,inclusive_uncertain,712,3081,10979,62561,712,3793,1319,11691,77333,11691,section_068,0.0919659002841049,0.0481992959653072,0.18771421038706113,0.06090154819941758,0.9530635873372303,0.18771421038706113,0.11282182875706712,0.14093657356492773
CRACKS42,log,inclusive_uncertain,775,1943,12426,62223,775,2718,1315,13201,77367,13201,section_106,0.09736792512086351,0.05117538298992923,0.28513612950594136,0.058707673661041807,0.969719165913261,0.28513612950594136,0.0996136656313161,0.14764636490916325
CRACKS42,log,inclusive_uncertain,1029,2791,8793,72472,1029,3820,1577,9822,85085,9822,section_108,0.15085764550641337,0.08158249425189758,0.26937172774798596,0.10476481368346083,0.9629167054195338,0.26937172774798596,0.16055793117474998,0.20119461600570385
CRACKS42,log,inclusive_uncertain,751,3330,11576,55770,751,4081,1405,12327,71427,12327,section_116,0.0915407118478233,0.04796576611097402,0.18402352364571423,0.06092317676639821,0.9436548223348658,0.18402352364571423,0.11397744787854791,0.14076820463793308
CRACKS42,log,inclusive_uncertain,859,5761,9721,67209,859,6620,1190,10580,83550,10580,section_124,0.09988372093017449,0.052567162352333045,0.1297583081569037,0.08119092627591569,0.9210497464710263,0.1297583081569037,0.11247637051029066,0.12050085497949514
CRACKS42,log,inclusive_uncertain,915,5031,9677,76543,915,5946,1336,10592,92166,10592,section_131,0.11065425081623494,0.058567496639532375,0.15388496468188045,0.08638595166154986,0.9383259371857531,0.15388496468188045,0.12613293051347607,0.13863371732423216
CRACKS42,log,inclusive_uncertain,922,3795,8946,75389,922,4717,1338,9868,89052,9868,section_133,0.1264312649981992,0.06748151943199335,0.19546321814671302,0.09343331982155104,0.952073651242555,0.19546321814671302,0.13558978516402959,0.16011221581061896
CRACKS42,log,inclusive_uncertain,1212,3204,9959,72810,1212,4416,1711,11171,87185,11171,section_136,0.15551421055998235,0.08431304347820222,0.27445652173850893,0.10849521081361695,0.9578498697607075,0.27445652173850893,0.15316444364859622,0.19660859909761663
CRACKS42,log,inclusive_uncertain,1242,2581,11414,81036,1242,3823,1858,12656,96273,12656,section_167,0.1507373020206622,0.08151210868275807,0.324875752026354,0.09813527180776063,0.9691330710261109,0.324875752026354,0.1468078381794036,0.20223008309422608
CRACKS42,log,inclusive_uncertain,889,1170,10076,65377,889,2059,1387,10965,77512,10965,section_168,0.1365171990170942,0.07325916769668457,0.4317629917414679,0.08107615139071493,0.9824184411016301,0.4317629917414679,0.1264933880527802,0.19566337138142526
CRACKS42,log,inclusive_uncertain,1160,2600,12733,82050,1160,3760,1969,13893,98543,13893,section_178,0.13142242111814909,0.07033286848961963,0.30851063829705183,0.08349528539546282,0.9692852923802754,0.30851063829705183,0.1417260490893675,0.1942266995191358
CRACKS42,log,inclusive_uncertain,890,1947,11895,71430,890,2837,1394,12785,86162,12785,section_193,0.1139418768402804,0.06041270703226961,0.3137116672530359,0.06961282753220992,0.9734657999099209,0.3137116672530359,0.10903402424707935,0.16182421447447823
CRACKS42,log,inclusive_uncertain,1012,2047,12238,69280,1012,3059,1708,13250,84577,13250,section_196,0.12410325587091538,0.06615676276389738,0.33082706766809145,0.07637735849050839,0.97130119029246,0.33082706766809145,0.1289056603772612,0.18552292712389443
CRACKS42,log,inclusive_uncertain,1410,2592,8790,63034,1410,4002,2321,10200,75826,10200,section_197,0.19856358259386103,0.11022514071285942,0.35232383808007917,0.13823529411751154,0.9605034589947642,0.35232383808007917,0.22754901960762003,0.27651214052902834
CRACKS42,log,inclusive_uncertain,1216,5016,12272,66873,1216,6232,2005,13488,85377,13488,section_204,0.12332657200805104,0.06571552096840375,0.1951219512191991,0.09015421115058558,0.9302257647204816,0.1951219512191991,0.148650652431681,0.16874529384084533
CRACKS42,log,inclusive_uncertain,931,3676,12546,73122,931,4607,1895,13477,90275,13477,section_213,0.10296394602958252,0.05427621990319228,0.20208378554329914,0.06908065593227788,0.9521341701605573,0.20208378554329914,0.14060992802542063,0.1658331307877007
CRACKS42,log,inclusive_uncertain,749,3141,12961,68925,749,3890,1487,13710,85776,13710,section_223,0.085113636363588,0.04444840068836007,0.1925449871460346,0.05463165572570778,0.9564149529596542,0.1925449871460346,0.1084609773886882,0.13875882383684893
CRACKS42,log,inclusive_uncertain,1511,3180,11396,71324,1511,4691,2259,12907,87411,12907,section_231,0.17172405955212425,0.09392677317082493,0.3221061607326325,0.1170682575345804,0.957317727907098,0.3221061607326325,0.17502130626778103,0.2268047678574736
CRACKS42,log,inclusive_uncertain,874,1911,9089,72182,874,2785,1551,9963,84056,9963,section_239,0.13711954816431038,0.07360619841664678,0.31382405744950154,0.08772458094942515,0.9742080898329162,0.31382405744950154,0.15567600120430022,0.20811445027272793
CRACKS42,log,inclusive_uncertain,1631,2854,10201,96301,1631,4485,2562,11832,110987,11832,section_250,0.19991419991407738,0.11105815061956212,0.3636566332210398,0.13784651791739533,0.971216781806165,0.3636566332210398,0.21653144016208878,0.27143988913626155
CRACKS42,log,inclusive_uncertain,1648,2707,9172,80925,1648,4355,2721,10820,94452,10820,section_251,0.21719934102127367,0.12183041324748885,0.37841561423564085,0.1523105360442215,0.9676320068872002,0.37841561423564085,0.2514787430681594,0.3021569582616914
CRACKS42,log,inclusive_uncertain,1616,4260,15398,74622,1616,5876,2962,17014,95896,17014,section_256,0.14119702927036207,0.0759612672745718,0.2750170183793822,0.09498060420824322,0.9459952840951109,0.2750170183793822,0.17409192429753492,0.21321437330010268
CRACKS42,log,inclusive_uncertain,2265,2124,10664,73827,2265,4389,3505,12929,88880,12929,section_261,0.261577549370446,0.15046834518026275,0.5160628844827613,0.17518756284308515,0.9720346012559451,0.5160628844827613,0.27109598576821786,0.3554621052935014
CRACKS42,log,inclusive_uncertain,1600,2660,9581,73243,1600,4260,2446,11181,87084,11181,section_262,0.2072404637004033,0.11559858391726349,0.37558685445921225,0.14309990161868963,0.9649552718600102,0.37558685445921225,0.21876397459957178,0.2764861011013789
CRACKS42,log,inclusive_uncertain,372,3062,9663,75390,372,3434,795,10035,88487,10035,section_267,0.05523795381984168,0.02840345117200244,0.10832847990649876,0.03707025411057591,0.9609697649516952,0.10832847990649876,0.07922272047824691,0.09151715806963362
CRACKS42,log,inclusive_uncertain,1744,3406,8733,83832,1744,5150,2386,10477,97715,10477,section_277,0.22320342996082215,0.12562126341559776,0.33864077669837156,0.16645986446485972,0.9609573809577293,0.33864077669837156,0.22773694759928628,0.2723306802078768
CRACKS42,log,inclusive_uncertain,1185,4380,9745,104856,1185,5565,2042,10930,120166,10930,section_284,0.14367990300082226,0.07740039190066793,0.21293800539045293,0.10841720036586604,0.95990332857291,0.21293800539045293,0.18682525160092694,0.1990287738634512
CRACKS42,log,inclusive_uncertain,1364,3957,13700,75116,1364,5321,2203,15064,94137,15064,section_287,0.1338238901152152,0.07171021502546043,0.2563427927076558,0.09054699946887244,0.9499576340848394,0.2563427927076558,0.14624269782252639,0.18623751488097967
CRACKS42,log,inclusive_uncertain,1171,4053,9011,87735,1171,5224,1861,10182,101970,10182,section_300,0.15201869401522003,0.0822620302071779,0.22415773353709006,0.11500687487712137,0.9558439011634466,0.22415773353709006,0.1827735219012151,0.2013612710531801
CRACKS42,canny,primary,1015,2831,2948,66278,1015,3846,1801,3963,73072,3963,section_010,0.25995646049396853,0.14939652634655667,0.2639105564215707,0.25611910168999213,0.9590357261715611,0.2639105564215707,0.4544536966932767,0.33391173286410525
CRACKS42,canny,primary,543,1437,2786,61164,543,1980,1096,3329,65930,3329,section_013,0.20455829723073168,0.1139320184638818,0.2742424242410392,0.1631120456588672,0.9770450951261199,0.2742424242410392,0.32922799639432493,0.29923018353737635
CRACKS42,canny,primary,310,1222,3000,65580,310,1532,909,3310,70112,3310,section_017,0.1280462618749937,0.06840247131494175,0.2023498694503763,0.09365558912358413,0.9817071345167837,0.2023498694503763,0.2746223564946386,0.23301061905519752
CRACKS42,canny,primary,557,2253,2638,72513,557,2810,1004,3195,77961,3195,section_022,0.18551207327196417,0.1022393538911486,0.19822064056868963,0.1743348982780146,0.9698659818632842,0.19822064056868963,0.3142410015639617,0.24309741953855105
CRACKS42,canny,primary,696,2269,2490,74743,696,2965,951,3186,80198,3186,section_024,0.22630466590761453,0.12758936755247005,0.23473861719988284,0.21845574387878702,0.9705370591594855,0.23473861719988284,0.29849340866196333,0.2628046526849806
CRACKS42,canny,primary,612,2381,2070,53930,612,2993,987,2682,58993,2682,section_035,0.21568281938287986,0.12087695042441067,0.20447711326360016,0.22818791946223643,0.9577169647136514,0.20447711326360016,0.3680089485444892,0.2628864217286154
CRACKS42,canny,primary,872,2174,2534,54086,872,3046,1515,3406,59666,3406,section_041,0.27030378177267467,0.1562724014334117,0.2862770847003077,0.25601879036918374,0.9613579808032419,0.2862770847003077,0.44480328831343274,0.3483529078391006
CRACKS42,canny,primary,564,2986,2564,58407,564,3550,1068,3128,64521,3128,section_043,0.16891284815787824,0.09224730127560968,0.15887323943617218,0.18030690537026756,0.9513625331876678,0.15887323943617218,0.3414322250628471,0.21684529315995346
CRACKS42,canny,primary,410,3210,1897,62471,410,3620,943,2307,67988,2307,section_046,0.13834992407602775,0.0743157513139853,0.11325966850797442,0.17771998266069478,0.9511274188881182,0.11325966850797442,0.40875596011959797,0.17737232802266162
CRACKS42,canny,primary,149,2120,2498,68298,149,2269,401,2647,73065,2647,section_051,0.06061838893396945,0.03125655548556481,0.06566769501954312,0.056290139780671364,0.9698940611774022,0.06566769501954312,0.15149225538288066,0.09162045531663039
CRACKS42,canny,primary,730,2833,2740,59300,730,3563,1181,3470,65603,3470,section_067,0.20759277690856306,0.11581786450878023,0.20488352511870647,0.21037463976884618,0.9544042618252854,0.20488352511870647,0.3403458213246676,0.25578685669931056
CRACKS42,canny,primary,523,2357,1877,63285,523,2880,1046,2400,68042,2400,section_068,0.19810606060568542,0.10994324153855384,0.1815972222215917,0.21791666666575868,0.964093111117735,0.1815972222215917,0.43583333333151736,0.25637254486641625
CRACKS42,canny,primary,688,2627,1695,61539,688,3315,1160,2383,66549,2383,section_106,0.24148824148781767,0.1373253493011231,0.20754147812908735,0.28871170792996764,0.9590593149018236,0.20754147812908735,0.4867813680214571,0.2910096470249786
CRACKS42,canny,primary,443,3122,1932,72141,443,3565,851,2375,77638,2375,section_108,0.14915824915799805,0.08058941240662072,0.1242636746139572,0.1865263157886883,0.9585187940952449,0.1242636746139572,0.3583157894721755,0.1845318297315998
CRACKS42,canny,primary,481,3147,1843,55953,481,3628,696,2324,61424,2324,section_116,0.16162634408574997,0.08791811369020669,0.13257993384748462,0.20697074010237965,0.9467512690353729,0.13257993384748462,0.2994836488799506,0.18379480717763302
CRACKS42,canny,primary,90,2790,2274,70180,90,2880,303,2364,75334,2364,section_124,0.03432494279169656,0.017462165308464374,0.031249999999891493,0.038071065989686674,0.9617651089487513,0.031249999999891493,0.12817258883194513,0.05024875306680175
CRACKS42,canny,primary,402,5160,2341,76414,402,5562,660,2743,84317,2743,section_131,0.0968091511136703,0.050866759458369146,0.07227615965467049,0.14655486693347958,0.9367445509597498,0.07227615965467049,0.24061246809974257,0.11116124435896697
CRACKS42,canny,primary,437,2853,2595,76331,437,3290,670,3032,82216,3032,section_133,0.138247390066216,0.07425658453683219,0.13282674771996103,0.14412928759846924,0.9639699939380476,0.13282674771996103,0.22097625329742424,0.16592033495948338
CRACKS42,canny,primary,586,3729,1224,72285,586,4315,810,1810,77824,1810,section_136,0.19134693877519782,0.10579526990412386,0.13580533024302247,0.32375690607555935,0.9509432472964255,0.13580533024302247,0.4475138121522237,0.20837567495629497
CRACKS42,canny,primary,283,1537,2214,82080,283,1820,418,2497,86114,2497,section_167,0.1311095668285126,0.07015369360418901,0.15549450549365113,0.11333600320339073,0.9816185703862873,0.15549450549365113,0.1674008810565983,0.16122817170635292
CRACKS42,canny,primary,583,1598,1484,64949,583,2181,919,2067,68614,2067,section_168,0.2744821092272258,0.15907230559301755,0.26730857404737596,0.28205128204991753,0.9759868964790335,0.26730857404737596,0.4446057087545012,0.3338798482405613
CRACKS42,canny,primary,176,2757,2473,81893,176,2933,371,2649,87299,2649,section_178,0.0630598351844087,0.032556418793872444,0.06000681895649503,0.06644016610016444,0.9674305965740145,0.06000681895649503,0.14005285013159663,0.08401619017380596
CRACKS42,canny,primary,279,2764,1768,70613,279,3043,483,2047,75424,2047,section_193,0.10962671905675908,0.057992101434092724,0.09168583634541017,0.13629702002864535,0.9623315207761339,0.09168583634541017,0.2359550561786226,0.13205760635504538
CRACKS42,canny,primary,258,3882,1330,67445,258,4140,416,1588,72915,1588,section_196,0.0900837988825243,0.04716636197431962,0.062318840579559616,0.1624685138528812,0.9455746070911513,0.062318840579559616,0.26196473551472316,0.10068556837324522
CRACKS42,canny,primary,902,2550,1464,63076,902,3452,1204,2366,67992,2366,section_197,0.3100721897553969,0.18348250610214914,0.26129779837699507,0.3812341504633084,0.9611434492425318,0.26129779837699507,0.5088757396428196,0.34529389059909066
CRACKS42,canny,primary,201,2309,1867,69580,201,2510,419,2068,73957,2068,section_204,0.08781127129731801,0.04592186429050509,0.08007968127458136,0.09719535783318571,0.9678810388236075,0.08007968127458136,0.20261121856768563,0.1147899790241426
CRACKS42,canny,primary,311,3557,1214,73241,311,3868,430,1525,78323,1525,section_213,0.11533469312049818,0.06119637937807714,0.08040330920351499,0.20393442622817093,0.9536836896792946,0.08040330920351499,0.2819672131129052,0.12512660384522672
CRACKS42,canny,primary,0,2661,0,69405,0,2661,0,0,72066,0,section_223,0.0,0.0,0.0,0.0,0.9630755141119304,0.0,0.0,0.0
CRACKS42,canny,primary,0,2395,0,72109,0,2395,0,0,74504,0,section_231,0.0,0.0,0.0,0.0,0.9678540749488661,0.0,0.0,0.0
CRACKS42,canny,primary,0,779,0,73314,0,779,0,0,74093,0,section_239,0.0,0.0,0.0,0.0,0.9894861862792721,0.0,0.0,0.0
CRACKS42,canny,primary,0,4160,0,94995,0,4160,0,0,99155,0,section_250,0.0,0.0,0.0,0.0,0.9580454843425992,0.0,0.0,0.0
CRACKS42,canny,primary,0,1810,0,81822,0,1810,0,0,83632,0,section_251,0.0,0.0,0.0,0.0,0.9783575664816125,0.0,0.0,0.0
CRACKS42,canny,primary,0,2560,0,76322,0,2560,0,0,78882,0,section_256,0.0,0.0,0.0,0.0,0.9675464618035842,0.0,0.0,0.0
CRACKS42,canny,primary,0,1810,0,74141,0,1810,0,0,75951,0,section_261,0.0,0.0,0.0,0.0,0.9761688457030222,0.0,0.0,0.0
CRACKS42,canny,primary,0,2574,0,73329,0,2574,0,0,75903,0,section_262,0.0,0.0,0.0,0.0,0.9660882969051334,0.0,0.0,0.0
CRACKS42,canny,primary,0,2296,0,76156,0,2296,0,0,78452,0,section_267,0.0,0.0,0.0,0.0,0.9707336970375554,0.0,0.0,0.0
CRACKS42,canny,primary,0,2430,0,84808,0,2430,0,0,87238,0,section_277,0.0,0.0,0.0,0.0,0.9721451660972315,0.0,0.0,0.0
CRACKS42,canny,primary,0,2202,0,107034,0,2202,0,0,109236,0,section_284,0.0,0.0,0.0,0.0,0.9798418103920887,0.0,0.0,0.0
CRACKS42,canny,primary,0,1798,0,77275,0,1798,0,0,79073,0,section_287,0.0,0.0,0.0,0.0,0.9772615178378237,0.0,0.0,0.0
CRACKS42,canny,primary,0,2431,0,89357,0,2431,0,0,91788,0,section_300,0.0,0.0,0.0,0.0,0.9735150564342863,0.0,0.0,0.0
CRACKS42,canny,inclusive_uncertain,1372,2831,11958,66278,1373,4203,2326,13330,82439,13330,section_010,0.15650487651847572,0.08489573664990724,0.3264334998802607,0.102925731432781,0.9590357261715611,0.3266714251717186,0.17449362340572055,0.22747827154241249
CRACKS42,canny,inclusive_uncertain,880,1437,10793,61164,880,2317,1651,11673,74274,11673,section_013,0.1258041458183518,0.06712433257050562,0.37980146741312126,0.07538764670600925,0.9770450951261199,0.37980146741312126,0.1414375053541151,0.20611724700848938
CRACKS42,canny,inclusive_uncertain,629,1222,14124,65580,629,1851,1646,14753,81555,14753,section_017,0.07576487593346436,0.03937402190920853,0.33981631550329655,0.0426353961905764,0.9817071345167837,0.33981631550329655,0.11157052802812202,0.16798666357541472
CRACKS42,canny,inclusive_uncertain,714,2253,12594,72513,714,2967,1324,13308,88074,13308,section_022,0.08774193548381705,0.04588394062075324,0.2406471183005034,0.05365193868345833,0.9698659818632842,0.2406471183005034,0.09948902915532049,0.14077743658788844
CRACKS42,canny,inclusive_uncertain,874,2269,8852,74743,874,3143,1277,9726,86738,9726,section_024,0.13583028984370515,0.07286369320544155,0.27807826916869843,0.08986222496392159,0.9705370591594855,0.27807826916869843,0.13129755295071838,0.178373970351874
CRACKS42,canny,inclusive_uncertain,935,2381,11790,53930,935,3316,1646,12725,69036,12725,section_035,0.11657627329959691,0.061895935389870316,0.28196622436585655,0.0734774066797065,0.9577169647136514,0.28196622436585655,0.12935166994095926,0.17734604599883624
CRACKS42,canny,inclusive_uncertain,1894,2174,12823,54086,1894,4068,2958,14717,70977,14717,section_041,0.20165025286121818,0.11213072050197612,0.4655850540794848,0.1286947068015705,0.9613579808032419,0.4655850540794848,0.2009920500100557,0.2807743995270379
CRACKS42,canny,inclusive_uncertain,882,2986,12095,58407,882,3868,1566,12977,74370,12977,section_043,0.10471950133564575,0.05525277203529709,0.2280248190273319,0.06796640209596365,0.9513625331876678,0.2280248190273319,0.12067504045609873,0.15782572159766986
CRACKS42,canny,inclusive_uncertain,732,3210,9943,62471,732,3942,1476,10675,76356,10675,section_046,0.10015735102955452,0.05271876125311291,0.18569254185645437,0.06857142857136433,0.9511274188881182,0.18569254185645437,0.1382669789225871,0.15850835880151887
CRACKS42,canny,inclusive_uncertain,610,2120,8064,68298,610,2730,1087,8674,79092,8674,section_051,0.10698000701498861,0.056512877524498316,0.22344322344240497,0.07032510952263046,0.9698940611774022,0.22344322344240497,0.12531703942803168,0.160575876441413
CRACKS42,canny,inclusive_uncertain,1424,2833,11627,59300,1424,4257,2353,13051,75184,13051,section_067,0.16454818580993497,0.08964996222608307,0.33450786939080457,0.10911041299508917,0.9544042618252854,0.33450786939080457,0.1802926978774191,0.23430170398691244
CRACKS42,canny,inclusive_uncertain,878,2357,10813,63285,878,3235,1634,11691,77333,11691,section_068,0.11764705882345058,0.06249999999995551,0.27140649149838825,0.07510050466164134,0.964093111117735,0.27140649149838825,0.13976563168237124,0.1845129894067608
CRACKS42,canny,inclusive_uncertain,1264,2627,11937,61539,1264,3891,1893,13201,77367,13201,section_106,0.147905452843349,0.079858478645388,0.32485222307806516,0.09575032194523464,0.9590593149018236,0.32485222307806516,0.143398227406906,0.19896716347204732
CRACKS42,canny,inclusive_uncertain,1082,3122,8740,72141,1082,4204,1758,9822,85085,9822,section_108,0.15428489947229837,0.08359085290475618,0.2573739295902536,0.11016086336783734,0.9585187940952449,0.2573739295902536,0.17898594990818673,0.21113910044419407
CRACKS42,canny,inclusive_uncertain,1161,3147,11166,55953,1161,4308,1749,12327,71427,12327,section_116,0.13958521190253106,0.07502908103911397,0.26949860724171426,0.09418349963487127,0.9467512690353729,0.26949860724171426,0.14188366999258384,0.1858974128925811
CRACKS42,canny,inclusive_uncertain,625,2790,9955,70180,625,3415,1098,10580,83550,10580,section_124,0.08931761343330523,0.04674644726997251,0.18301610541674082,0.059073724007505594,0.9617651089487513,0.18301610541674082,0.10378071833638583,0.132452946838504
CRACKS42,canny,inclusive_uncertain,1385,5160,9207,76414,1385,6545,2025,10592,92166,10592,section_131,0.16163855984118478,0.08792534281355514,0.21161191749394712,0.1307590634439853,0.9367445509597498,0.21161191749394712,0.1911820241690038,0.20087885906802322
CRACKS42,canny,inclusive_uncertain,1174,2853,8694,76331,1174,4027,1774,9868,89052,9868,section_133,0.16898164807472543,0.09228834211139667,0.2915321579332219,0.118970409404014,0.9639699939380476,0.2915321579332219,0.17977300364797347,0.22240202251887095
CRACKS42,canny,inclusive_uncertain,1327,3729,9844,72285,1342,5056,2093,11171,87185,11171,section_136,0.16355456954448538,0.08906040268450398,0.2624604430374556,0.11878972339081657,0.9509432472964255,0.2654272151893485,0.18736012890503323,0.21966371985916466
CRACKS42,canny,inclusive_uncertain,911,1537,11745,82080,911,2448,1276,12656,96273,12656,section_167,0.12063029661008962,0.06418657084473742,0.37214052287429683,0.0719816687736473,0.9816185703862873,0.37214052287429683,0.10082174462697469,0.1586589821108104
CRACKS42,canny,inclusive_uncertain,1003,1598,9962,64949,1003,2601,1662,10965,77512,10965,section_168,0.14786967418535465,0.07983761840318408,0.38562091503119716,0.09147286821697083,0.9759868964790335,0.38562091503119716,0.15157318741436243,0.21761143642781455
CRACKS42,canny,inclusive_uncertain,825,2757,13068,81893,825,3582,1404,13893,98543,13893,section_178,0.09442060085831507,0.04954954954951979,0.23031825795580593,0.05938242280280761,0.9674305965740145,0.23031825795580593,0.10105808680623259,0.1404778715866572
CRACKS42,canny,inclusive_uncertain,1170,2764,11615,70613,1170,3934,2035,12785,86162,12785,section_193,0.13996052395469827,0.07524599652705946,0.2974072191146482,0.09151349237380405,0.9623315207761339,0.2974072191146482,0.1591709034023002,0.2073624309770778
CRACKS42,canny,inclusive_uncertain,1409,3882,11841,67445,1411,5291,2159,13250,84577,13250,section_196,0.1519874871904687,0.08224375437772458,0.266301266300763,0.10633962264142917,0.9455746070911513,0.2666792666787627,0.16294339622629211,0.20228739382838742
CRACKS42,canny,inclusive_uncertain,2199,2550,8001,63076,2199,4749,3140,10200,75826,10200,section_197,0.294200280955051,0.17247058823515884,0.4630448515467192,0.21558823529390628,0.9611434492425318,0.4630448515467192,0.3078431372546001,0.36982072625694284
CRACKS42,canny,inclusive_uncertain,1261,2309,12227,69580,1261,3570,2075,13488,85377,13488,section_204,0.1478485168248635,0.07982528328158522,0.35322128851441675,0.09349051008296745,0.9678810388236075,0.35322128851441675,0.1538404507709417,0.2143317744773133
CRACKS42,canny,inclusive_uncertain,1312,3557,12165,73241,1312,4869,2061,13477,90275,13477,section_213,0.14302845306871087,0.07702242573671655,0.2694598480175201,0.09735104251680837,0.9536836896792946,0.2694598480175201,0.15292720931946802,0.19511839148281046
CRACKS42,canny,inclusive_uncertain,1370,2661,12340,69405,1370,4031,2660,13710,85776,13710,section_223,0.1544445070739223,0.08368456416829534,0.3398660382030765,0.09992706053967912,0.9630755141119304,0.3398660382030765,0.19401896425952295,0.2470211943766364
CRACKS42,canny,inclusive_uncertain,1346,2395,11561,72109,1346,3741,2043,12907,87411,12907,section_231,0.16170110523776926,0.08796235786165993,0.35979684576220317,0.10428449678460967,0.9678540749488661,0.35979684576220317,0.15828620128600115,0.21985230042018333
CRACKS42,canny,inclusive_uncertain,1989,779,7974,73314,1989,2768,3008,9963,84056,9963,section_239,0.3124656350637715,0.1851610500836109,0.7185693641592538,0.1996386630530968,0.9894861862792721,0.7185693641592538,0.30191709324470345,0.42518618453325985
CRACKS42,canny,inclusive_uncertain,1488,4160,10344,94995,1488,5648,2074,11832,110987,11832,section_250,0.1702517162470422,0.09304652326157263,0.2634560906510916,0.1257606490871148,0.9580454843425992,0.2634560906510916,0.17528735632169093,0.2105126396902252
CRACKS42,canny,inclusive_uncertain,1231,1810,9589,81822,1231,3041,1850,10820,94452,10820,section_251,0.17762066228974993,0.09746634996033454,0.4048010522841013,0.1137707948242941,0.9783575664816125,0.4048010522841013,0.17097966728265157,0.24041356607152212
CRACKS42,canny,inclusive_uncertain,1862,2560,15152,76322,1862,4422,3435,17014,95896,17014,section_256,0.17372644150019886,0.09512618780009445,0.4210764360008569,0.10943928529439906,0.9675464618035842,0.4210764360008569,0.20189255906888331,0.2729259354349448
CRACKS42,canny,inclusive_uncertain,1870,1810,11059,74141,1870,3680,3171,12929,88880,12929,section_261,0.22517911975421445,0.126874279123328,0.5081521739116627,0.14463608941128886,0.9761688457030222,0.5081521739116627,0.24526258798031922,0.33084224496534853
CRACKS42,canny,inclusive_uncertain,1439,2574,9742,73329,1439,4013,2226,11181,87084,11181,section_262,0.18941687508214464,0.10461650308970948,0.3585846000489445,0.128700474018309,0.9660882969051334,0.3585846000489445,0.19908773812700195,0.25602774526807415
CRACKS42,canny,inclusive_uncertain,910,2296,9125,76156,910,3206,1892,10035,88487,10035,section_267,0.13745185408946645,0.07379774551936275,0.28384279475894,0.09068261086189268,0.9707336970375554,0.28384279475894,0.18854010961615492,0.22657784610352022
CRACKS42,canny,inclusive_uncertain,2024,2430,8453,84808,2026,4454,2787,10477,97715,10477,section_277,0.27111379010095027,0.15681413186630758,0.45442299056925367,0.19318507206242894,0.9721451660972315,0.454872025144915,0.26601126276580506,0.3357022756840833
CRACKS42,canny,inclusive_uncertain,1277,2202,9653,107034,1277,3479,2275,10930,120166,10930,section_284,0.17725032965495366,0.09724337496185101,0.36705949985522546,0.11683440073182357,0.9798418103920887,0.36705949985522546,0.20814272644079765,0.2656483589418563
CRACKS42,canny,inclusive_uncertain,1578,1798,13486,77275,1578,3376,2879,15064,94137,15064,section_287,0.17114967462029762,0.09358320483922809,0.4674170616099899,0.10475305363774245,0.9772615178378237,0.4674170616099899,0.1911178969727887,0.2713045474755911
CRACKS42,canny,inclusive_uncertain,1434,2431,8748,89357,1434,3865,2174,10182,101970,10182,section_300,0.2041717092616187,0.1136922223102246,0.3710219922370737,0.14083677077181217,0.9735150564342863,0.3710219922370737,0.2135140443918547,0.27104712045637064
