image,algorithm,height,width,fault_mask_found,fault_mask_path,edge_threshold_used,edge_pixel_count,skeleton_pixel_count,component_count,connected_component_mean_length_px,connected_component_median_length_px,connected_component_p90_length_px,total_skeleton_graph_length_px,endpoint_count,break_rate_endpoint_per_px,breaks_per_100px,fragmentation_components_per_100px,local_directional_continuity,bidirectional_continuity_ratio,edge_density_full,edge_density_valid_signal,branch_point_count,crossing_structure_count,junction_count_total,local_orientation_entropy,spurious_short_edge_pixel_ratio,short_component_ratio,isolated_response_ratio,isolated_component_ratio,strict_isolated_pixel_ratio,mean_edge_response,low_coherence_threshold,edge_in_low_coherence_precision,low_coherence_edge_recall,edge_low_coherence_iou,edge_low_coherence_f1,response_low_vs_other_mean_ratio,response_vs_one_minus_coherence_corr,edge_to_low_coherence_mean_distance_px,edge_near_fault_precision,fault_coverage_recall,fault_edge_f1,edge_to_fault_mean_distance_px
0.png,SLoG,512,512,FALSE,,0.35,89516,53534,5724,10.49188238,2,22.3137085,60055.53475,9934,0.165413563,16.54135633,9.531178141,0.986438513,0.9735682,0.34147644,0.361519706,864,815,1679,0.416395634,0.237736765,0.796645702,0.093622744,0.545073375,0.029383196,0.506887674,0.61456852,0.393132429,0.325224957,0.216522067,0.355968992,0.958568783,-0.042064448,3.683463845,,,,
0.png,LoG,512,512,FALSE,,0.166015789,27850,18621,3928,5.339586086,1,5.414213562,20973.89415,5653,0.269525533,26.9525533,18.72804341,0.903576612,0.827291767,0.106239319,0.116558882,126,224,350,0.32577908,0.50115461,0.955702648,0.269910316,0.74185336,0.067450728,0.269177645,0.61456852,0.231115432,0.061643507,0.051153117,0.097327622,0.672715515,-0.22696991,5.147613476,,,,
0.png,Canny,512,512,FALSE,,0.9,65592,57494,2777,22.5274343,4,59.89604615,62558.68504,5151,0.082338687,8.233868721,4.439031924,0.989833713,0.98048492,0.250213623,0.255670778,592,465,1057,0.453162581,0.097105785,0.648541592,0.029376978,0.406553835,0.011688176,1,0.61456852,0.440432028,0.257675428,0.194123903,0.325131927,0.997487534,-0.002625751,3.34961388,,,,
10.png,SLoG,512,512,FALSE,,0.35,138478,63287,278,313.3879676,1,7.538477631,87121.855,1674,0.019214467,1.921446691,0.319093298,0.989997923,0.980785943,0.528251648,0.525470083,1288,1939,3227,0.35599786,0.009923049,0.920863309,0.004819315,0.694244604,0.001611705,0.519920588,0.804216564,0.403595779,0.516625154,0.292965946,0.453168851,0.991733092,-0.008609999,4.403031003,,,,
10.png,LoG,512,512,FALSE,,0.201172575,73110,47762,4808,12.0979556,2,11.41421356,58166.97054,9205,0.158251322,15.82513223,8.265859397,0.963349521,0.930195553,0.278892517,0.301052387,414,810,1224,0.289770454,0.285184875,0.884567388,0.106486328,0.55906822,0.019659981,0.314423144,0.804216564,0.212047161,0.155508981,0.098556844,0.179429666,0.546826583,-0.326575199,6.014768544,,,,
10.png,Canny,512,512,FALSE,,0.9,72584,68325,1653,43.2610259,9,128.8617316,71510.47581,3174,0.044385105,4.438510532,2.311549436,0.994921327,0.989945115,0.276885986,0.277165871,256,95,351,0.35166201,0.046425174,0.520266183,0.0110794,0.280701754,0.003644347,1,0.804216564,0.380115468,0.256647024,0.180924034,0.306410962,0.916394172,-0.026297074,4.538986835,,,,
100.png,SLoG,512,512,FALSE,,0.35,68965,46734,7921,6.217738495,1.414213562,10.41421356,49250.70662,12233,0.248382223,24.83822231,16.08301798,0.969818532,0.942803954,0.263080597,0.277973862,540,598,1138,0.420942068,0.419651645,0.894962757,0.174990371,0.621386189,0.050177601,0.509072542,0.45289067,0.305063936,0.200009817,0.137404992,0.241611375,0.95374089,-0.044641968,5.003207623,,,,
100.png,LoG,512,512,FALSE,,0.150391072,26384,16228,2514,8.108677893,1,6,20385.21622,3841,0.188420861,18.84208614,12.33246669,0.918720722,0.85900912,0.100646973,0.109764422,205,267,472,0.333507299,0.353216663,0.942720764,0.199223564,0.747812251,0.049543998,0.258566171,0.45289067,0.157743061,0.040838365,0.033527568,0.064879871,0.570293305,-0.282657598,7.665844925,,,,
100.png,Canny,512,512,FALSE,,0.9,56337,47227,2920,17.92569602,3.414213562,45.46589463,52343.03237,4786,0.091435283,9.143528342,5.578583945,0.978402197,0.958667711,0.2149086,0.213714309,578,390,968,0.521357536,0.119444386,0.664726027,0.037351515,0.423972603,0.017278252,1,0.45289067,0.418661266,0.211034212,0.163208442,0.280617706,1.013009244,0.008592323,3.921444793,,,,
1002.png,SLoG,512,512,FALSE,,0.35,150995,68249,186,559.4148645,1,8.707106781,104051.1648,1105,0.010619775,1.06197754,0.17875821,0.989699483,0.980058316,0.576000214,0.569273626,1396,2224,3620,0.4042418,0.005670413,0.903225806,0.002842532,0.725806452,0.001216135,0.53140837,0.753808522,0.403975069,0.57304051,0.31051295,0.473880017,0.981268525,-0.017519011,5.116207258,,,,
1002.png,LoG,512,512,FALSE,,0.25586009,72111,46474,4759,12.55282308,2,8.414213562,59738.88504,8766,0.146738594,14.6738594,7.96633549,0.960009873,0.924194173,0.275081635,0.299543398,445,793,1238,0.316529065,0.268816973,0.912796806,0.117657185,0.626181971,0.024034944,0.401508659,0.753808522,0.188359182,0.140590587,0.087551433,0.161006515,0.522627503,-0.355831974,7.298212212,,,,
1002.png,Canny,512,512,FALSE,,0.9,73416,66990,1623,44.42788352,7.828427125,119.4759451,72106.45495,3236,0.04487809,4.487809035,2.250838709,0.99529779,0.990655322,0.280059814,0.279230898,415,142,557,0.396455705,0.043991641,0.541589649,0.012404837,0.321010474,0.004388715,1,0.753808522,0.372423415,0.259125497,0.180367055,0.305611808,0.928047321,-0.023288891,5.332970558,,,,
1004.png,SLoG,512,512,FALSE,,0.35,143131,68095,292,337.30769,1,10.78700577,98493.84547,1620,0.016447728,1.64477282,0.296465224,0.990865707,0.982289449,0.546001434,0.539671895,1252,2104,3356,0.352136761,0.010030105,0.893835616,0.004434981,0.667808219,0.001674132,0.511267364,0.805349314,0.386040262,0.537566378,0.289801416,0.449373698,0.985573015,-0.016220859,5.67265515,,,,
1004.png,LoG,512,512,FALSE,,0.228515759,62839,40728,3588,14.34088316,2,10.48700577,51455.08879,6629,0.128830795,12.88307951,6.973071243,0.960579932,0.926168729,0.239711761,0.263171572,412,721,1133,0.278447658,0.230111962,0.891583055,0.099636614,0.618729097,0.021213907,0.366063565,0.805349314,0.173647831,0.117917437,0.07553274,0.140456422,0.52733863,-0.315693602,8.199814208,,,,
1004.png,Canny,512,512,FALSE,,0.9,71780,67614,1548,45.71250908,8.242640687,114.5156421,70762.96405,2935,0.041476499,4.147649889,2.187585018,0.994771779,0.989706274,0.27381897,0.27394355,241,80,321,0.347222567,0.044754045,0.531653747,0.010781791,0.289405685,0.003431242,1,0.805349314,0.365525261,0.25837362,0.178375432,0.30274805,0.930153006,-0.021560488,5.740561349,,,,
1005.png,SLoG,512,512,FALSE,,0.35,128968,63758,681,125.1002856,1,15.07106781,85193.29447,2668,0.031317019,3.131701875,0.799358687,0.990816832,0.982229681,0.491973877,0.492313049,1303,1823,3126,0.350144148,0.022852034,0.860499266,0.011088805,0.653450808,0.003732865,0.495094329,0.800105453,0.352930651,0.467083897,0.251612786,0.402061706,0.970426775,-0.029149217,7.106902134,,,,
1005.png,LoG,512,512,FALSE,,0.232422143,41276,27138,2164,16.04666249,2,10.3627417,34724.97762,3846,0.110756011,11.07560109,6.231825471,0.957071245,0.922322942,0.157455444,0.173139926,300,412,712,0.237668201,0.213132876,0.893715342,0.087736753,0.613678373,0.019898298,0.382307649,0.800105453,0.084385221,0.039276049,0.027539693,0.05360317,0.433187507,-0.340459926,12.35215615,,,,
1005.png,Canny,512,512,FALSE,,0.9,72465,68170,1491,48.03870248,8.242640687,121.1421356,71625.70539,2901,0.040502219,4.050221892,2.081654892,0.994843781,0.9898049,0.276432037,0.276101027,280,84,364,0.349590451,0.04284876,0.527833669,0.009901716,0.280348759,0.003241895,1,0.800105453,0.345335764,0.25631484,0.172497534,0.294239482,0.933643554,-0.018835503,7.065202854,,,,
1007.png,SLoG,512,512,FALSE,,0.35,147039,67440,244,405.1840064,1,8.289949494,98864.89756,1302,0.013169487,1.316948717,0.246801449,0.989538848,0.979908066,0.560909271,0.555619017,1243,2176,3419,0.377275288,0.008422301,0.922131148,0.003781139,0.696721311,0.001527284,0.527853668,0.781939232,0.389853909,0.558071342,0.297889541,0.459036815,0.988550038,-0.010619417,4.999963094,,,,
1007.png,LoG,512,512,FALSE,,0.236328676,71902,47114,4675,12.83875927,2,9.414213562,60021.19961,8790,0.146448256,14.64482559,7.788914634,0.963216901,0.929766099,0.274284363,0.29710586,458,799,1257,0.303612679,0.266757227,0.902459893,0.110497941,0.602994652,0.021564715,0.369698197,0.781939232,0.205149793,0.157033759,0.09763199,0.177895672,0.575549477,-0.304789811,6.632453246,,,,
1007.png,Canny,512,512,FALSE,,0.9,73158,67467,1596,45.095783,7.414213562,125.9411255,71972.86967,3135,0.04355808,4.355807979,2.217502244,0.995027184,0.990172973,0.279075623,0.278741287,357,122,479,0.371880352,0.046170721,0.552631579,0.01157603,0.310150376,0.004164999,1,0.781939232,0.358734669,0.257623441,0.176391422,0.299885597,0.923593234,-0.025074035,5.230555858,,,,
1018.png,SLoG,512,512,FALSE,,0.35,132331,64987,536,165.5391023,1,13.62132034,88728.95883,2402,0.027071207,2.707120687,0.604086881,0.990451932,0.981396279,0.504802704,0.503367229,1301,1886,3187,0.347385436,0.018111315,0.85261194,0.007678459,0.617537313,0.002939049,0.502278805,0.792870355,0.361793826,0.480035326,0.259930301,0.412610604,0.981052909,-0.020374404,6.409173353,,,,
1018.png,LoG,512,512,FALSE,,0.224610224,53362,33713,2988,13.7512321,2,10,41088.68151,5369,0.130668588,13.06685881,7.272075642,0.957360685,0.922107199,0.203559875,0.223413968,362,581,943,0.248090431,0.23459793,0.895247657,0.101266574,0.621485944,0.020466882,0.364003897,0.792870355,0.125147624,0.073698736,0.048639748,0.092767317,0.468456454,-0.343689934,10.34645741,,,,
1018.png,Canny,512,512,FALSE,,0.9,70798,67282,1424,49.16621957,8.828427125,130.7742207,70012.69666,2650,0.037850278,3.785027754,2.033916801,0.995020986,0.990145953,0.270072937,0.270002345,187,63,250,0.343608528,0.039966113,0.519662921,0.009214946,0.27738764,0.00326982,1,0.792870355,0.351843522,0.250405696,0.171359286,0.292581939,0.915748405,-0.022853424,6.408480414,,,,
1019.png,SLoG,512,512,FALSE,,0.35,133137,65982,516,173.7886286,1,11.74264069,89674.93235,2251,0.025101775,2.510177528,0.575411641,0.991861403,0.984313904,0.50787735,0.506409745,1302,1762,3064,0.332243234,0.016989482,0.881782946,0.007623291,0.658914729,0.003122064,0.4959867,0.816472542,0.34420371,0.479746675,0.250646057,0.400826526,0.976947517,-0.022871534,7.192536952,,,,
1019.png,LoG,512,512,FALSE,,0.232422993,49665,31857,2407,16.7680772,2,12.41421356,40360.76182,4373,0.108347806,10.83478062,5.963713002,0.96096617,0.927833757,0.18945694,0.20853401,419,506,925,0.229561299,0.201745299,0.878687162,0.081143862,0.599085999,0.018771385,0.37959981,0.816472542,0.100376538,0.057610743,0.0379934,0.073205475,0.452601426,-0.329005286,11.75773069,,,,
1019.png,Canny,512,512,FALSE,,0.9,71570,67708,1347,52.68230854,9.414213562,135.4499567,70963.06961,2573,0.036258296,3.625829624,1.898170425,0.99521476,0.990532876,0.273017883,0.272870802,208,70,278,0.329709202,0.034515862,0.505567929,0.009644355,0.293986637,0.003027707,1,0.816472542,0.335846734,0.252227577,0.16828721,0.28809219,0.940218664,-0.018216618,7.173849271,,,,
1020.png,SLoG,512,512,FALSE,,0.35,131067,65777,610,144.5716205,1,12.41421356,88188.68848,2405,0.027271071,2.727107117,0.691698687,0.992010891,0.984432248,0.499980927,0.499694766,1271,1659,2930,0.337252319,0.020402268,0.868852459,0.009699439,0.66557377,0.003314228,0.490980059,0.814206755,0.34665386,0.477026353,0.251190505,0.401522397,0.981963511,-0.017859002,7.43615661,,,,
1020.png,LoG,512,512,FALSE,,0.232422307,47514,31159,2278,17.75763963,2,12,40451.90308,4263,0.105384411,10.53844115,5.631379061,0.964376271,0.934112135,0.181251526,0.200039575,372,565,937,0.235615656,0.193587727,0.87928007,0.080618762,0.607550483,0.017587214,0.380706012,0.814206755,0.104558656,0.057599332,0.038572327,0.07427952,0.461390251,-0.313881276,11.66590808,,,,
1020.png,Canny,512,512,FALSE,,0.9,72413,68077,1459,49.02643965,9.414213562,134.1009235,71529.57545,2791,0.039018825,3.901882518,2.039715727,0.994939566,0.989952554,0.276233673,0.276213251,228,73,301,0.338053554,0.038045155,0.503084304,0.010326542,0.284441398,0.003011296,1,0.814206755,0.340283811,0.258837579,0.172349903,0.294024681,0.963730442,-0.012922489,7.401514835,,,,
1026.png,SLoG,512,512,FALSE,,0.35,115402,59192,1748,43.02231424,1,21.65685425,75203.0053,4529,0.060223657,6.022365705,2.324375194,0.98842752,0.977564536,0.440223694,0.439471729,1427,1421,2848,0.417466104,0.063336262,0.831235698,0.02589877,0.59382151,0.010491283,0.534040213,0.711195755,0.398210588,0.419957129,0.256908955,0.408794852,0.991896768,-0.010185788,4.318369992,,,,
1026.png,LoG,512,512,FALSE,,0.181640774,84973,55738,5724,12.64414746,2,10.82842712,72375.10003,11083,0.153132776,15.31327763,7.908797359,0.974478841,0.950877319,0.324146271,0.346385668,682,1043,1725,0.372066975,0.266389178,0.893081761,0.112400876,0.603074773,0.023377229,0.277105302,0.711195755,0.279713201,0.23250596,0.145432218,0.253934219,0.664765407,-0.253569051,5.108983293,,,,
1026.png,Canny,512,512,FALSE,,0.9,70246,62503,2117,32.03095288,5,84.33036072,67809.52725,3952,0.058280896,5.828089592,3.121980179,0.993360341,0.987136617,0.267967224,0.265988797,514,200,714,0.428169519,0.065276867,0.607463392,0.019407068,0.376948512,0.007583636,1,0.711195755,0.397950537,0.254011659,0.183496263,0.310091833,0.957035855,-0.016567143,4.287840944,,,,
1027.png,SLoG,512,512,FALSE,,0.35,111654,60700,2059,35.92158389,2,44.8509668,73962.54123,4928,0.066628322,6.662832182,2.783841612,0.990008235,0.980807249,0.425926208,0.430244329,1231,1234,2465,0.338366061,0.072388797,0.765420107,0.027364086,0.524040797,0.009901153,0.510639191,0.803211272,0.356555016,0.403462065,0.233472263,0.378561027,0.994901777,-0.007828633,5.366873149,,,,
1027.png,LoG,512,512,FALSE,,0.193359524,68696,44003,3969,13.90658077,1.414213562,10.24264069,55195.2191,7095,0.128543742,12.85437419,7.190840194,0.962207139,0.930141127,0.262054443,0.2876206,502,798,1300,0.266284168,0.232188714,0.896951373,0.101197646,0.630385488,0.022702998,0.306064874,0.803211272,0.190735575,0.144282179,0.089495683,0.164288275,0.591337829,-0.274348026,7.216167803,,,,
1027.png,Canny,512,512,FALSE,,0.9,69159,64786,1577,43.07785554,7.414213562,118.9813275,67933.77819,2893,0.04258559,4.258558963,2.321378322,0.994188547,0.98877844,0.263820648,0.263019729,219,110,329,0.343774736,0.04377489,0.540900444,0.012132251,0.319594166,0.004507147,1,0.803211272,0.359437879,0.248641244,0.172295539,0.293945568,0.953506027,-0.014677997,5.277442216,,,,
1029.png,SLoG,512,512,FALSE,,0.35,105669,57936,3256,21.32914354,2,34.26345597,69447.69138,6626,0.095409939,9.540993903,4.688420789,0.986372888,0.973539768,0.403095245,0.405145203,1159,1047,2206,0.402814746,0.116421569,0.782555283,0.049710025,0.558660934,0.016725352,0.534308374,0.690049374,0.379388216,0.377370049,0.23333186,0.378376442,0.987008398,-0.015052516,4.540661979,,,,
1029.png,LoG,512,512,FALSE,,0.193359673,62930,41703,5403,9.327981123,1.414213562,9.414213562,50399.08201,9309,0.184705745,18.47057452,10.72043336,0.95748508,0.921156751,0.240058899,0.257630262,535,762,1297,0.349800915,0.325396254,0.905607996,0.143826583,0.635757912,0.034577848,0.297017694,0.690049374,0.260569178,0.16481351,0.112293736,0.201913816,0.679056814,-0.230917137,5.440567606,,,,
1029.png,Canny,512,512,FALSE,,0.9,67932,60203,2375,27.453908,4.414213562,65.81320344,65203.0315,4375,0.067098107,6.709810724,3.642468679,0.991644919,0.983688521,0.259140015,0.256494924,579,249,828,0.420808882,0.079846519,0.639157895,0.023653306,0.392421053,0.009168978,1,0.690049374,0.388757377,0.244810651,0.17676939,0.300431658,0.94217049,-0.021848427,4.45714332,,,,
1033.png,SLoG,512,512,FALSE,,0.35,152157,65810,245,402.4526943,1,7,98600.91011,1173,0.011896442,1.189644192,0.248476408,0.988018513,0.97714633,0.580432892,0.564473063,1414,2158,3572,0.403408825,0.008007902,0.930612245,0.004330649,0.759183673,0.001671478,0.533271253,0.7536479,0.408193178,0.582121065,0.315688834,0.479883732,0.991523425,-0.008368357,4.712870018,,,,
1033.png,LoG,512,512,FALSE,,0.240234643,85179,53791,4672,15.22867654,2,10.82842712,71148.3768,9490,0.133383226,13.33832257,6.566558803,0.972625554,0.947035749,0.324932098,0.352582558,570,1003,1573,0.330942422,0.238738822,0.888912671,0.091911286,0.570847603,0.017828261,0.377606392,0.7536479,0.222804252,0.198467158,0.117276442,0.209932721,0.550442289,-0.339812329,6.166180725,,,,
1033.png,Canny,512,512,FALSE,,0.9,71503,65264,1621,43.24994408,8,113.0832611,70108.15935,3275,0.046713536,4.671353563,2.312141718,0.994759738,0.989703359,0.272762299,0.274573056,413,107,520,0.393698126,0.046932459,0.536088834,0.012165972,0.302899445,0.004029787,1,0.7536479,0.375817988,0.26069928,0.181927347,0.307848613,0.930115044,-0.022911435,4.948307374,,,,
1037.png,SLoG,512,512,FALSE,,0.35,148893,66525,250,392.469755,1,11.16568542,98117.43876,1265,0.012892713,1.289271322,0.254796704,0.989665568,0.980097708,0.56798172,0.561047556,1346,2123,3469,0.391698271,0.008192409,0.888,0.003908305,0.672,0.001413003,0.539257526,0.766734195,0.402182008,0.569468756,0.308407906,0.471424706,0.990795654,-0.008097279,5.053526634,,,,
1037.png,LoG,512,512,FALSE,,0.251953542,82918,52844,4892,13.71884801,2,10.24264069,67112.60444,9736,0.14506962,14.50696197,7.289241776,0.969514012,0.941620619,0.316307068,0.341600582,556,953,1509,0.321338922,0.255658164,0.897587899,0.101373855,0.585036795,0.018999319,0.390809894,0.766734195,0.219501456,0.189235928,0.113119776,0.203248165,0.55773728,-0.333332907,6.498737673,,,,
1037.png,Canny,512,512,FALSE,,0.9,72252,66147,1663,42.56391319,8,115.827417,70783.78764,3207,0.045306985,4.530698493,2.349408043,0.995366395,0.990868822,0.275619507,0.275326108,385,92,477,0.383829534,0.044491814,0.534576067,0.01241175,0.315093205,0.004520235,1,0.766734195,0.367321233,0.255235464,0.177293536,0.301188328,0.924860897,-0.02356866,5.320024429,,,,
1039.png,SLoG,512,512,FALSE,,0.35,145634,67173,268,368.6087523,1,11.12426407,98787.14561,1310,0.013260835,1.326083461,0.271290357,0.989787579,0.980245039,0.555549622,0.549540058,1400,2106,3506,0.393045425,0.008366457,0.891791045,0.004093907,0.694029851,0.001682224,0.52325207,0.762274241,0.398814846,0.553702749,0.301800019,0.463665717,0.988715366,-0.012697717,5.490211437,,,,
1039.png,LoG,512,512,FALSE,,0.232422009,73817,47937,4817,13.00793303,2,8.511269837,62659.21339,9104,0.145293876,14.52938763,7.687616457,0.965287745,0.93474769,0.281589508,0.304840113,457,831,1288,0.320235759,0.269249223,0.914677185,0.116298475,0.625700644,0.022967645,0.365319341,0.762274241,0.211532157,0.162912542,0.101361524,0.184065852,0.556066154,-0.313788468,7.182244975,,,,
1039.png,Canny,512,512,FALSE,,0.9,73140,66578,1630,43.95967996,6.914213562,106.651176,71654.27833,3220,0.044938001,4.493800056,2.27481183,0.995328784,0.990717654,0.279006958,0.278934284,424,107,531,0.389104724,0.047342966,0.561349693,0.012301361,0.315337423,0.004325753,1,0.762274241,0.372422854,0.26244858,0.181970705,0.307910685,0.933468393,-0.020000601,5.669194909,,,,
1041.png,SLoG,512,512,FALSE,,0.35,147661,64545,166,560.3241782,1,10.20710678,93013.81358,1133,0.012180986,1.218098642,0.178468115,0.989131629,0.979254783,0.563282013,0.556692516,1364,2040,3404,0.388545066,0.005840886,0.891566265,0.002835231,0.680722892,0.000836626,0.531298518,0.776065183,0.400945658,0.566553371,0.306827305,0.469575901,0.983980291,-0.015534094,5.384768889,,,,
1041.png,LoG,512,512,FALSE,,0.244141728,73406,46969,4810,11.97448465,2,10.0882251,57597.27119,9192,0.159590894,15.9590894,8.351090079,0.964838505,0.932466095,0.280021667,0.303788122,428,776,1204,0.307978481,0.292895314,0.898128898,0.109178394,0.564656965,0.020268688,0.38216275,0.776065183,0.185993821,0.143419841,0.088113034,0.161955664,0.517053024,-0.350957563,7.461951972,,,,
1041.png,Canny,512,512,FALSE,,0.9,72810,67103,1608,44.46435377,9,126.2582828,71498.68086,3166,0.044280537,4.428053724,2.248992542,0.995715559,0.991520498,0.277748108,0.277849852,358,101,459,0.379751921,0.042516728,0.514303483,0.011340775,0.298507463,0.003904445,1,0.776065183,0.369120363,0.260326334,0.180164732,0.305321329,0.906945001,-0.025802237,5.615852196,,,,
1045.png,SLoG,512,512,FALSE,,0.35,145757,67024,295,332.3971167,1,11.07695526,98057.14944,1388,0.014155011,1.415501071,0.300844968,0.989735007,0.980171282,0.556018829,0.550027676,1369,2152,3521,0.389680296,0.009518978,0.894915254,0.004505849,0.691525424,0.001850084,0.524761438,0.765433288,0.396476971,0.55573468,0.301056611,0.462787873,0.9897794,-0.011105225,5.623611233,,,,
1045.png,LoG,512,512,FALSE,,0.236328974,75610,48735,4662,13.50700558,2,8.828427125,62969.66,8840,0.140385068,14.0385068,7.403565463,0.965497077,0.934420847,0.28842926,0.311453031,495,840,1335,0.319853425,0.256591772,0.913127413,0.108217913,0.615615616,0.021770801,0.371369958,0.765433288,0.207162424,0.164425259,0.100919163,0.183336191,0.557796432,-0.315278674,7.43911134,,,,
1045.png,Canny,512,512,FALSE,,0.9,72791,66354,1706,41.67386588,6.621320344,117.5624458,71095.6152,3316,0.046641414,4.664141369,2.399585397,0.995034218,0.99027941,0.277675629,0.277192574,417,99,516,0.384828329,0.049356482,0.565650645,0.013397836,0.326494725,0.004551346,1,0.765433288,0.370013363,0.261374966,0.180880032,0.306347855,0.93664918,-0.020308938,5.779585764,,,,
1047.png,SLoG,512,512,FALSE,,0.35,130035,66348,624,145.4162696,1,13.41421356,90739.75226,2433,0.026812945,2.681294515,0.687680961,0.991499364,0.983435823,0.496044159,0.495529465,1378,1769,3147,0.364617258,0.021417375,0.884615385,0.009857117,0.653846154,0.003195273,0.494445652,0.773298204,0.351741572,0.47969643,0.254605295,0.40587314,0.981935301,-0.018256766,7.644446306,,,,
1047.png,LoG,512,512,FALSE,,0.220703974,50485,32846,2661,16.36056061,1,9.414213562,43535.45178,4678,0.107452658,10.74526577,6.112259988,0.958290219,0.924130792,0.192584991,0.212202227,401,547,948,0.252414256,0.204225781,0.90266817,0.091091762,0.647125141,0.022864276,0.359030068,0.773298204,0.102692102,0.059973623,0.039351729,0.075723603,0.450085511,-0.335959548,11.99741865,,,,
1047.png,Canny,512,512,FALSE,,0.9,72675,67528,1568,45.61147847,8.414213562,123.7345238,71518.79825,3026,0.042310554,4.231055435,2.192430576,0.994846582,0.989767208,0.277233124,0.277089087,306,93,399,0.362313747,0.043226513,0.530612245,0.011476721,0.307397959,0.003939107,1,0.773298204,0.344584857,0.262777945,0.175206918,0.298172032,0.961834579,-0.011638674,7.58308612,,,,
1048.png,SLoG,512,512,FALSE,,0.35,146776,66500,302,324.9269954,1,8.372792206,98127.95261,1313,0.013380489,1.33804891,0.30776144,0.989676714,0.980195489,0.559906006,0.553985359,1381,2111,3492,0.398969233,0.009924812,0.910596026,0.004466165,0.678807947,0.001984962,0.533201635,0.764030123,0.402776941,0.559950983,0.305938163,0.46853392,0.988794702,-0.010879683,5.26988818,,,,
1048.png,LoG,512,512,FALSE,,0.220703393,79194,50671,4973,12.97227285,2,9.414213562,64511.11288,9558,0.14816052,14.81605195,7.708749358,0.967427135,0.937479031,0.302101135,0.326887922,498,945,1443,0.329916239,0.265240473,0.906092902,0.11065501,0.606072793,0.021333702,0.344130039,0.764030123,0.213564343,0.175192191,0.106491208,0.192484508,0.548007051,-0.330881907,6.948325634,,,,
1048.png,Canny,512,512,FALSE,,0.9,72578,66362,1685,42.17880247,8.242640687,121.5886435,71071.28215,3292,0.046319693,4.631969342,2.370859156,0.995404005,0.990913475,0.276863098,0.276429245,362,108,470,0.392363906,0.045990175,0.525816024,0.012266056,0.300890208,0.004204213,1,0.764030123,0.370827231,0.257242506,0.179081298,0.303764122,0.936851772,-0.020774808,5.509411171,,,,
105.png,SLoG,512,512,FALSE,,0.35,120762,60671,1050,74.87585263,1.414213562,18.97523087,78619.64527,3739,0.047558088,4.75580879,1.335544057,0.988849699,0.978325724,0.460670471,0.459859403,1562,1574,3136,0.40202117,0.03889832,0.839047619,0.01635048,0.587619048,0.005175455,0.524908364,0.724748385,0.419123549,0.45093492,0.277504419,0.434447685,0.99758366,-0.006495445,3.919919243,,,,
105.png,LoG,512,512,FALSE,,0.181640789,90242,58859,5466,14.01968602,2,11.65685425,76631.60378,11217,0.146375639,14.63756394,7.132827359,0.975908518,0.953363122,0.344245911,0.366650768,560,1141,1701,0.36542353,0.252705619,0.881814855,0.098965324,0.572996707,0.019045516,0.27993685,0.724748385,0.289949663,0.248726433,0.154574893,0.267760704,0.630007412,-0.270064266,4.652213479,,,,
105.png,Canny,512,512,FALSE,,0.9,71387,65619,1982,35.12871907,6,98.71787156,69625.12119,3712,0.05331409,5.331409033,2.846673681,0.993850887,0.987991283,0.272319794,0.271816353,381,149,530,0.402797103,0.058184367,0.574167508,0.015407123,0.33148335,0.005791006,1,0.724748385,0.405972017,0.258177513,0.187387755,0.315630264,0.919514336,-0.025718328,3.939033153,,,,
1050.png,SLoG,512,512,FALSE,,0.35,128389,63707,646,133.2701883,1,14.24264069,86092.54165,2608,0.030292984,3.029298415,0.750355359,0.991460919,0.983361326,0.489765167,0.489830982,1447,1658,3105,0.365323812,0.022148273,0.86996904,0.010124476,0.656346749,0.003861428,0.495651543,0.752240407,0.343146603,0.46479393,0.245960262,0.39481237,0.978862797,-0.023983352,8.545079802,,,,
1050.png,LoG,512,512,FALSE,,0.228515759,48278,31502,2691,15.25555976,1,9.828427125,41052.71131,4535,0.110467734,11.04677342,6.554987269,0.956717014,0.921624024,0.184165955,0.201266071,304,477,781,0.243535459,0.215954543,0.901151988,0.097485874,0.652545522,0.023681036,0.372033387,0.752240407,0.084474649,0.047014461,0.031144961,0.060408502,0.44323395,-0.355089946,14.21738346,,,,
1050.png,Canny,512,512,FALSE,,0.9,72172,67361,1425,50.05462863,8.414213562,138.3376767,71327.84579,2801,0.039269376,3.926937606,1.99781724,0.994982243,0.990038746,0.275314331,0.275178589,280,105,385,0.365807444,0.041730378,0.532631579,0.009961254,0.287719298,0.003265985,1,0.752240407,0.342855411,0.260891626,0.173922402,0.296309879,0.962906108,-0.009788681,8.397825456,,,,
1051.png,SLoG,512,512,FALSE,,0.35,148006,67531,240,419.7133238,1,10.24264069,100731.1977,1279,0.012697159,1.269715867,0.238257864,0.9898417,0.980290533,0.564598083,0.558956136,1396,2213,3609,0.38571313,0.007344775,0.883333333,0.003598347,0.695833333,0.001554841,0.525898397,0.763439786,0.400784975,0.560814409,0.305043162,0.467483637,0.984170856,-0.01694221,5.421991985,,,,
1051.png,LoG,512,512,FALSE,,0.232423812,71403,45917,4813,12.15234914,1.414213562,8.828427125,58489.25639,8865,0.151566297,15.15662969,8.228861669,0.960853279,0.926018686,0.272380829,0.295737874,489,817,1306,0.312040746,0.277674935,0.911489715,0.1190191,0.624766258,0.024544286,0.366039515,0.763439786,0.199021253,0.147345341,0.092495248,0.169328422,0.538188991,-0.337317837,7.591990133,,,,
1051.png,Canny,512,512,FALSE,,0.9,72091,66256,1617,43.82638888,7.414213562,116.295036,70867.27083,3127,0.044124741,4.412474141,2.281730312,0.995004237,0.990159382,0.275005341,0.275004901,362,99,461,0.380766809,0.047995653,0.552257267,0.011334823,0.304267161,0.004376962,1,0.763439786,0.374469182,0.25780214,0.180199971,0.305371929,0.936612834,-0.020741898,5.605207117,,,,
1052.png,SLoG,512,512,FALSE,,0.35,148945,67867,259,395.5282366,1,8.73137085,102441.8133,1249,0.012192287,1.219228711,0.25282645,0.989582539,0.979960806,0.568180084,0.561770278,1406,2153,3559,0.404954493,0.008089351,0.8996139,0.003904696,0.694980695,0.001576613,0.529207468,0.74698776,0.407135323,0.569944577,0.31145445,0.474975628,0.986302772,-0.012689123,5.764205409,,,,
1052.png,LoG,512,512,FALSE,,0.208984509,74959,48370,4880,12.79782186,2,9,62453.37068,9213,0.147518059,14.75180587,7.813829658,0.964554489,0.932396113,0.285945892,0.310386987,504,895,1399,0.330099314,0.276410999,0.9125,0.11457515,0.613319672,0.022927434,0.327688426,0.74698776,0.215035694,0.166321788,0.103489328,0.187567428,0.54830241,-0.329865804,7.728362027,,,,
1052.png,Canny,512,512,FALSE,,0.9,72664,66156,1708,41.61161099,8.414213562,108.6102597,71072.63158,3367,0.047374072,4.737407249,2.403175403,0.994951308,0.990068928,0.277191162,0.277092044,410,103,513,0.398720145,0.049050729,0.527517564,0.011487998,0.286299766,0.004307999,1,0.74698776,0.37973616,0.262205076,0.183580014,0.310211413,0.940570332,-0.017977304,5.964399928,,,,
1055.png,SLoG,512,512,FALSE,,0.35,114073,60528,1590,47.91921985,2,41.60264787,76191.55955,4539,0.059573528,5.957352792,2.086845327,0.990087211,0.980967486,0.435153961,0.439523362,1378,1295,2673,0.379808873,0.057196669,0.771698113,0.021411578,0.521383648,0.007302405,0.505116045,0.729784191,0.346403737,0.410245144,0.23124746,0.375631167,0.986620404,-0.010406728,6.604622356,,,,
1055.png,LoG,512,512,FALSE,,0.189454496,67561,43725,4091,14.24687463,1,8,58283.96411,7112,0.122023272,12.20232719,7.019083314,0.959096611,0.924253859,0.257724762,0.281718407,473,715,1188,0.2890791,0.231675243,0.921290638,0.112567181,0.682962601,0.026712407,0.302645624,0.729784191,0.156099733,0.118493984,0.072226113,0.134721795,0.506523429,-0.326200902,8.911983804,,,,
1055.png,Canny,512,512,FALSE,,0.9,70996,65552,1721,40.40816682,7.414213562,108.627417,69542.4551,3275,0.047093534,4.709353438,2.474747257,0.994798005,0.989794362,0.270828247,0.270563395,337,108,445,0.386739224,0.047321211,0.546775131,0.013775323,0.332945962,0.00472907,1,0.729784191,0.354277414,0.258280384,0.175610877,0.298756809,0.991572948,-0.006200606,6.430641747,,,,
1057.png,SLoG,512,512,FALSE,,0.35,124892,62776,841,98.73697124,1,13.89949494,83037.79281,2984,0.035935445,3.593544456,1.012791852,0.990490019,0.981521601,0.476425171,0.474720814,1398,1731,3129,0.373564124,0.028482223,0.869203329,0.013476488,0.661117717,0.005177138,0.525174916,0.773513317,0.390375649,0.461436073,0.268184043,0.422941835,1.002059315,-0.00256699,5.006004497,,,,
1057.png,LoG,512,512,FALSE,,0.19336088,81385,53145,4722,14.72485199,2,9.828427125,69530.75112,9114,0.131078693,13.10786933,6.791239738,0.970618129,0.943738828,0.310459137,0.335136106,578,982,1560,0.327553123,0.237821056,0.900042355,0.098805156,0.605040237,0.019945432,0.299340725,0.773513317,0.258601568,0.215795768,0.133316202,0.235267442,0.651897586,-0.244705574,6.077935394,,,,
1057.png,Canny,512,512,FALSE,,0.9,70648,64735,1773,38.88845345,8.242640687,108.6239682,68949.22797,3430,0.04974675,4.97467499,2.571457364,0.994245768,0.988707809,0.269500732,0.269363447,338,113,451,0.376886338,0.054591797,0.544839255,0.013084112,0.301748449,0.004510697,1,0.773513317,0.381438184,0.255831124,0.180815958,0.306255952,0.962127941,-0.01378044,5.013858288,,,,
1058.png,SLoG,512,512,FALSE,,0.35,112931,60158,1695,43.76616351,2,36.07350647,74183.64715,4621,0.062291356,6.229135635,2.284870137,0.98909539,0.978988663,0.430797577,0.433200796,1416,1272,2688,0.361203432,0.061139001,0.767551622,0.023139067,0.520353982,0.007779514,0.51268661,0.763323069,0.364865646,0.408677548,0.238797315,0.385530889,0.992161987,-0.0083471,5.663991896,,,,
1058.png,LoG,512,512,FALSE,,0.17773512,71242,46096,4409,12.94237969,1.414213562,9.276955262,57062.95207,7773,0.136217979,13.62179789,7.726554341,0.962588966,0.930557966,0.271766663,0.295501104,440,815,1255,0.281645626,0.247830614,0.904513495,0.10964075,0.638693581,0.02418865,0.280182898,0.763323069,0.188504222,0.144025286,0.088903539,0.163290017,0.563480286,-0.295302122,7.658375814,,,,
1058.png,Canny,512,512,FALSE,,0.9,69538,65461,1620,42.19630216,6.414213562,108.4965512,68358.00951,3017,0.044135282,4.413528161,2.36987591,0.994141579,0.988695559,0.265266418,0.264355539,229,90,319,0.365211368,0.048914621,0.568518519,0.013320909,0.327777778,0.00438429,1,0.763323069,0.362525844,0.247791238,0.172589977,0.294373959,0.957028991,-0.015278015,5.609579506,,,,
1060.png,SLoG,512,512,FALSE,,0.35,129726,65704,593,152.1319181,1,12.84852814,90214.22744,2424,0.026869376,2.686937603,0.657324257,0.99104315,0.982679898,0.494865417,0.494202421,1371,1755,3126,0.365215033,0.018857299,0.871838111,0.009314501,0.671163575,0.003439669,0.496721208,0.755960786,0.339330491,0.46922574,0.245209232,0.393844224,0.978798706,-0.022821974,8.414272757,,,,
1060.png,LoG,512,512,FALSE,,0.23242259,50465,32831,2658,16.08719498,1,9,42759.76427,4674,0.109308367,10.93083669,6.216124073,0.957722902,0.922755932,0.192508698,0.210494474,406,515,921,0.238158107,0.213304499,0.907072987,0.0923822,0.64221219,0.021229935,0.377409995,0.755960786,0.080735,0.047550668,0.030848582,0.05985085,0.429782767,-0.359363075,13.90877527,,,,
1060.png,Canny,512,512,FALSE,,0.9,72517,67443,1523,46.82584539,7,126.807316,71315.76253,2994,0.041982304,4.198230368,2.135572762,0.995106995,0.990362232,0.276630402,0.27669828,313,100,413,0.365623206,0.044126151,0.553512804,0.011832214,0.314510834,0.003632697,1,0.755960786,0.33899813,0.262456804,0.173610521,0.295857132,0.981571982,-0.006996457,8.307564495,,,,
1063.png,SLoG,512,512,FALSE,,0.35,129296,64371,640,135.9735158,1,12.24264069,87023.0501,2594,0.029808194,2.980819446,0.735437334,0.990158617,0.980985226,0.493225098,0.491223604,1393,1899,3292,0.367784947,0.022727626,0.878125,0.009864691,0.6453125,0.003619642,0.524236858,0.781111848,0.392712413,0.476811833,0.274449616,0.430695122,0.995354927,-0.003291624,4.933604916,,,,
1063.png,LoG,512,512,FALSE,,0.193359599,83017,53293,4493,15.51512092,2,10.60832611,69709.43828,8785,0.126023107,12.6023107,6.445325211,0.97148782,0.946165538,0.316684723,0.342095818,564,1004,1568,0.316307575,0.22622108,0.894057423,0.092939035,0.598709103,0.018651605,0.302261084,0.781111848,0.255120588,0.215718029,0.132355733,0.233770589,0.635554426,-0.255036402,5.906852773,,,,
1063.png,Canny,512,512,FALSE,,0.9,70872,65596,1697,41.0110253,6.828427125,118.4666089,69595.70993,3253,0.046741387,4.674138683,2.438368689,0.99441278,0.989054211,0.270355225,0.270540856,369,107,476,0.369249135,0.049728642,0.567472009,0.01362888,0.329404832,0.004619184,1,0.781111848,0.383266232,0.256287005,0.181454352,0.30717116,0.976165743,-0.011106976,4.985056712,,,,
1064.png,SLoG,512,512,FALSE,,0.35,61478,43133,7319,6.067169477,1,9.242640687,44405.6134,10766,0.242446825,24.24468254,16.48215043,0.966093242,0.93680013,0.234519958,0.253021372,520,517,1037,0.372592419,0.40590731,0.907364394,0.179931839,0.654597623,0.055850509,0.51266551,0.494285226,0.254083725,0.16187577,0.109729888,0.197759634,0.965332344,-0.033440582,7.378820253,,,,
1064.png,LoG,512,512,FALSE,,0.173828289,26909,16699,1947,10.83964703,1,7.165685425,21104.79278,3158,0.149634258,14.96342577,9.225392643,0.945685387,0.90466495,0.102649689,0.112567821,197,293,490,0.289888501,0.2880412,0.932717001,0.145517696,0.712378017,0.034852386,0.302265614,0.494285226,0.114236872,0.032379367,0.025881521,0.050457134,0.489049003,-0.302521834,12.0964212,,,,
1064.png,Canny,512,512,FALSE,,0.9,53951,45904,2850,17.44740978,3.414213562,42.94802307,49725.11787,4532,0.091141061,9.114106098,5.731509792,0.978465915,0.959153886,0.205806732,0.205135392,446,296,742,0.49636364,0.124803939,0.673684211,0.037948763,0.421052632,0.016665214,1,0.494285226,0.380732916,0.19665673,0.148997638,0.259352383,1.032516653,0.004186549,5.610615783,,,,
1065.png,SLoG,512,512,FALSE,,0.35,143385,66659,362,269.389969,1,7.787005769,97519.16877,1512,0.015504644,1.550464405,0.371209071,0.990143895,0.98121784,0.546970367,0.540070633,1448,2133,3581,0.406875402,0.011776354,0.914364641,0.005850673,0.715469613,0.002355271,0.534546256,0.748734963,0.410207398,0.546525895,0.306041501,0.468655093,0.994432874,-0.00528233,5.049755814,,,,
1065.png,LoG,512,512,FALSE,,0.220703542,88881,56845,4806,15.56941989,2,11.24264069,74826.632,10025,0.133976363,13.39763629,6.422846882,0.974254549,0.950092356,0.339054108,0.365832863,660,1122,1782,0.342538536,0.227214355,0.890553475,0.091265723,0.578027466,0.017380596,0.342573583,0.748734963,0.240292011,0.216859644,0.128652431,0.227975287,0.56694786,-0.323839436,6.441135049,,,,
1065.png,Canny,512,512,FALSE,,0.9,72056,65899,1760,40.06209381,8.242640687,117.2180808,70509.28511,3453,0.048972274,4.897227357,2.496125152,0.995090961,0.990242644,0.274871826,0.27462855,405,116,521,0.399621964,0.050304253,0.532954545,0.012564682,0.301704545,0.004522072,1,0.748734963,0.38261121,0.259214963,0.182767871,0.309051125,0.913740882,-0.026302128,5.304089444,,,,
1070.png,SLoG,512,512,FALSE,,0.35,127346,63312,710,119.3525002,1,11.08284271,84740.27513,2624,0.030965205,3.09652051,0.837854254,0.989733398,0.980209123,0.485786438,0.484035739,1379,1819,3198,0.36852625,0.025508592,0.892957746,0.011072151,0.667605634,0.004485722,0.522325397,0.773406827,0.38485546,0.469834754,0.268327723,0.423120489,0.995194108,-0.003779133,5.251811671,,,,
1070.png,LoG,512,512,FALSE,,0.197265923,80353,51320,4623,14.06783253,2,10.24264069,65035.5898,8819,0.135602676,13.56026758,7.108415584,0.969280958,0.941367888,0.306522369,0.331324673,560,933,1493,0.312609613,0.238990647,0.895955008,0.101052221,0.606748864,0.019680436,0.307372153,0.773406827,0.233856036,0.195421535,0.119142956,0.212918208,0.618427286,-0.268883475,6.757011273,,,,
1070.png,Canny,512,512,FALSE,,0.9,70919,65810,1637,42.44523879,7.414213562,116.1587878,69482.8559,3133,0.045090259,4.509025945,2.355976851,0.994567692,0.989408904,0.270534515,0.270651716,309,85,394,0.368907243,0.048229752,0.551618815,0.012718432,0.313378131,0.003996353,1,0.773406827,0.374614531,0.25572045,0.17921369,0.303954562,0.974663605,-0.009925918,5.346558204,,,,
1071.png,SLoG,512,512,FALSE,,0.35,106939,59255,2454,29.22783454,2.414213562,51.74751801,71725.10595,5513,0.076862905,7.686290493,3.421396131,0.989680171,0.980356088,0.407939911,0.411614241,1336,1037,2373,0.379584253,0.089005147,0.751018745,0.031676652,0.492665037,0.011138301,0.513087749,0.739994729,0.347626978,0.383392127,0.222968308,0.364634646,0.986865403,-0.010987001,6.530190948,,,,
1071.png,LoG,512,512,FALSE,,0.181641012,65714,43111,4728,11.37107282,1,8,53762.4323,7778,0.144673514,14.4673514,8.794244973,0.957133889,0.92032196,0.250679016,0.273111035,501,751,1252,0.289563864,0.262577996,0.91857022,0.129363735,0.686336717,0.032613486,0.28508994,0.739994729,0.174583741,0.127756313,0.079647562,0.147543634,0.571841355,-0.288035028,8.95220709,,,,
1071.png,Canny,512,512,FALSE,,0.9,70532,64588,1724,39.91143272,6.828427125,117.7416306,68807.31001,3403,0.049456954,4.94569545,2.505547739,0.993961751,0.988124729,0.269058228,0.268229276,408,155,563,0.390390635,0.05276522,0.569605568,0.014429925,0.332946636,0.004536446,1,0.739994729,0.362986163,0.260876869,0.178950037,0.303575268,1.017561363,0.002655118,6.306132662,,,,
1074.png,SLoG,512,512,FALSE,,0.35,134512,64024,577,155.3906803,1,9.242640687,89660.42253,2168,0.024180122,2.41801225,0.643539238,0.990183353,0.980897788,0.513122559,0.508552464,1477,1962,3439,0.411046118,0.019430214,0.904679376,0.009512058,0.712305026,0.003951643,0.541784525,0.740569818,0.408716835,0.510374169,0.293597073,0.453923527,0.99844355,-0.001877159,4.778393298,,,,
1074.png,LoG,512,512,FALSE,,0.216798186,96586,61439,4738,17.37899894,2,12.12253967,82341.697,10205,0.123934779,12.39347788,5.754071355,0.979434907,0.959862628,0.36844635,0.395870041,647,1274,1921,0.359475046,0.207506633,0.88138455,0.082944058,0.57450401,0.015332281,0.333641857,0.740569818,0.26747579,0.259996506,0.151863479,0.263683122,0.620875312,-0.295000885,5.701063066,,,,
1074.png,Canny,512,512,FALSE,,0.9,71946,65501,1808,38.98701824,6.828427125,104.4683333,70488.52898,3548,0.050334431,5.033443103,2.56495635,0.994939029,0.990000153,0.274452209,0.27427732,435,165,600,0.409837186,0.051953405,0.559734513,0.014259324,0.326327434,0.005083892,1,0.740569818,0.381094072,0.25665663,0.181150222,0.30673528,0.939406004,-0.021913179,4.965788926,,,,
1079.png,SLoG,512,512,FALSE,,0.35,110470,57150,2062,34.51072714,1,31.40243866,71161.11937,4771,0.067045039,6.704503867,2.897649754,0.988766432,0.978390201,0.421409607,0.430644412,1286,1196,2482,0.407570064,0.070988626,0.807953443,0.032388451,0.603782735,0.012930884,0.538470984,0.70675844,0.394865965,0.411427646,0.252329892,0.402976713,0.990183209,-0.01269984,4.688363153,,,,
1079.png,LoG,512,512,FALSE,,0.181641236,80533,52823,5733,11.74485161,1.414213562,10,67333.23431,10691,0.158777461,15.87774612,8.514368957,0.973799288,0.949662079,0.307209015,0.331905119,684,1011,1695,0.365332901,0.278628628,0.899529042,0.11928516,0.614163614,0.026049259,0.278780729,0.70675844,0.274233198,0.220221102,0.139131936,0.244277124,0.660994826,-0.260617563,5.60581706,,,,
1079.png,Canny,512,512,FALSE,,0.9,69447,62453,2167,31.03159713,6,83.6509668,67245.47097,4001,0.059498431,5.949843078,3.222521857,0.993419051,0.987302451,0.264919281,0.266894846,467,198,665,0.419201493,0.065905561,0.593908629,0.019406594,0.371019843,0.00776584,1,0.70675844,0.399570439,0.258023042,0.185931994,0.313562658,0.947421845,-0.017856166,4.554964016,,,,
1085.png,SLoG,512,512,FALSE,,0.35,107882,59080,2325,30.28944522,2.414213562,51.22152955,70422.96014,5291,0.075131747,7.513174666,3.301480079,0.988938749,0.978791469,0.41153717,0.413772668,1202,1043,2245,0.366500795,0.080958023,0.715698925,0.028994584,0.475698925,0.010494245,0.517691433,0.76645906,0.370166024,0.386480196,0.23315756,0.378147234,0.99552265,-0.008302181,5.412007793,,,,
1085.png,LoG,512,512,FALSE,,0.169922322,70117,46312,5148,10.75529141,2,9.414213562,55368.24016,8997,0.162493877,16.24938769,9.297749007,0.961327493,0.927448609,0.267475128,0.290006469,456,794,1250,0.300321251,0.291414752,0.903263403,0.126187597,0.623348873,0.026688547,0.264282286,0.76645906,0.227884352,0.166759691,0.106554785,0.192588358,0.62869751,-0.256559519,7.104377247,,,,
1085.png,Canny,512,512,FALSE,,0.9,69521,65010,1800,37.85641377,7,98.74284989,68141.54479,3341,0.049030294,4.903029437,2.641560307,0.993962467,0.988247962,0.265201569,0.263834227,300,118,418,0.371095568,0.051715121,0.556666667,0.014428549,0.332777778,0.005229965,1,0.76645906,0.375949127,0.250281706,0.176821148,0.300506408,0.978421759,-0.009051487,5.316121967,,,,
1091.png,SLoG,512,512,FALSE,,0.35,124927,61905,1046,78.65760882,1,11.41421356,82275.85883,3182,0.038674771,3.867477101,1.271332825,0.989104271,0.978838543,0.476558685,0.473914569,1433,1662,3095,0.404521495,0.035748324,0.883365201,0.01733301,0.681644359,0.006784589,0.537164092,0.740320635,0.396207127,0.468250414,0.273258252,0.429226752,1.000365083,-0.002889529,4.586118074,,,,
1091.png,LoG,512,512,FALSE,,0.205079049,95073,60997,4776,17.09804573,2,12,81660.26641,9953,0.121883021,12.18830214,5.848621625,0.978982568,0.959702936,0.362674713,0.387731578,634,1216,1850,0.362120122,0.212666197,0.881700168,0.08098759,0.566792295,0.016656557,0.315180242,0.740320635,0.276292546,0.267150609,0.157169467,0.271644684,0.666392033,-0.251887341,5.369237818,,,,
1091.png,Canny,512,512,FALSE,,0.9,70416,64207,1858,36.98560632,6.414213562,99.20853532,68719.25654,3542,0.051543049,5.15430489,2.703754513,0.993567705,0.987337829,0.268615723,0.267682631,430,152,582,0.406604588,0.052611086,0.566738428,0.015450029,0.344994618,0.005606865,1,0.740320635,0.377268118,0.25184082,0.177891724,0.302051064,0.912430601,-0.025319199,4.667819295,,,,
1092.png,SLoG,512,512,FALSE,,0.35,116934,61739,1223,65.11943476,1.414213562,27.12792206,79641.06871,3855,0.048404674,4.84046744,1.535639865,0.99093765,0.982328836,0.44606781,0.45058893,1482,1477,2959,0.387975961,0.041059946,0.798037612,0.016553556,0.565004088,0.00657607,0.510029495,0.716583157,0.36125489,0.4341732,0.245618358,0.39437177,0.987375379,-0.011033273,6.707303774,,,,
1092.png,LoG,512,512,FALSE,,0.193359524,69166,44315,4617,12.10162291,1,7.414213562,55873.19298,7995,0.143091876,14.3091876,8.263354489,0.958817542,0.922689834,0.263847351,0.288389309,490,805,1295,0.295092523,0.257723119,0.92440979,0.127428636,0.686809617,0.028703599,0.305673212,0.716583157,0.170790139,0.131374389,0.080211935,0.148511476,0.531781361,-0.323465126,9.413346356,,,,
1092.png,Canny,512,512,FALSE,,0.9,71216,66065,1737,40.32620994,7.242640687,110.1386868,70046.62667,3328,0.04751121,4.751121015,2.479776804,0.99470216,0.989752516,0.27166748,0.271506513,375,112,487,0.393260688,0.050616817,0.553252735,0.012684477,0.31433506,0.004768031,1,0.716583157,0.366043614,0.265082982,0.181675533,0.307488017,0.992540328,-0.000335816,6.639769263,,,,
1101.png,SLoG,512,512,FALSE,,0.35,72272,48521,7640,6.623670094,1,11,50604.83952,11516,0.227567168,22.75671677,15.09737028,0.976391673,0.955235877,0.275695801,0.291329176,585,595,1180,0.401464432,0.381772841,0.890706806,0.158570516,0.62565445,0.049607386,0.49851045,0.504154432,0.301099783,0.216996828,0.14431013,0.252222062,0.957134429,-0.041546598,6.409570995,,,,
1101.png,LoG,512,512,FALSE,,0.193360582,25048,15409,1906,10.38402152,1,6,19791.94501,2971,0.150111573,15.01115731,9.630180353,0.937860966,0.892011162,0.095550537,0.104633045,194,288,482,0.286781639,0.290284898,0.940713536,0.153027451,0.725603358,0.040495814,0.330546677,0.504154432,0.104199936,0.02697089,0.02189432,0.042850458,0.547521293,-0.291002562,10.59184657,,,,
1101.png,Canny,512,512,FALSE,,0.9,59373,51047,2887,19.33597014,3.414213562,46.95634919,55822.94579,4977,0.089156886,8.915688575,5.171708442,0.98411268,0.969381159,0.226490021,0.224972743,518,444,962,0.490668625,0.111524673,0.680290959,0.036711266,0.441634915,0.015495524,1,0.504154432,0.415236928,0.231091959,0.174351338,0.296932157,1.049901953,0.017863554,5.074989577,,,,
1102.png,SLoG,512,512,FALSE,,0.35,85853,51046,5346,10.43591074,2,19.3137085,55790.37883,9015,0.161587001,16.1587001,9.582297363,0.98518002,0.971476707,0.327503204,0.338310058,812,541,1353,0.397291929,0.250656271,0.806397306,0.082866434,0.50130939,0.026897308,0.515305459,0.657022953,0.341470643,0.295850139,0.188373614,0.317027594,0.979199454,-0.019264995,6.69771573,,,,
1102.png,LoG,512,512,FALSE,,0.19336313,39584,25724,3050,10.3058007,1,8.414213562,31432.69212,4917,0.15642949,15.64294901,9.70327323,0.943826795,0.899821179,0.151000977,0.165167662,312,459,771,0.290227383,0.268931737,0.909836066,0.143445809,0.702622951,0.036114135,0.31158188,0.657022953,0.15860691,0.067088892,0.049479249,0.094292953,0.584670194,-0.278269115,9.22472765,,,,
1102.png,Canny,512,512,FALSE,,0.9,68408,61463,2223,29.78540393,5.414213562,73.0509668,66212.95293,4203,0.063477006,6.347700584,3.357349131,0.992401958,0.985340774,0.260955811,0.260304703,511,298,809,0.429533452,0.070839367,0.605038237,0.020548948,0.371120108,0.007858386,1,0.657022953,0.390550777,0.260353257,0.185136441,0.312430593,1.022709561,0.005068404,6.19120526,,,,
1103.png,SLoG,512,512,FALSE,,0.35,85951,51510,5388,10.33742569,2,18.92964646,55698.04961,8856,0.159000182,15.90001815,9.673588281,0.98350805,0.968666278,0.327877045,0.333767498,764,501,1265,0.377993941,0.248592506,0.807164068,0.083964279,0.512063846,0.028013978,0.516428947,0.691054738,0.329572232,0.2846375,0.180262135,0.305461185,0.980298897,-0.019180142,6.950146167,,,,
1103.png,LoG,512,512,FALSE,,0.189454213,40273,26117,3124,9.963614119,1,8.242640687,31126.33051,4915,0.157904897,15.79048966,10.03651876,0.942527831,0.898342076,0.153629303,0.167189607,328,448,776,0.269894511,0.282536279,0.91453265,0.141057549,0.693661972,0.037906345,0.304276645,0.691054738,0.148965826,0.064445617,0.04710336,0.089968883,0.578451571,-0.277790137,10.05075813,,,,
1103.png,Canny,512,512,FALSE,,0.9,68093,61579,2212,29.84541373,5.742640687,75.25512986,66018.05517,4111,0.062270844,6.227084378,3.350598551,0.992099583,0.984686338,0.259754181,0.257427967,484,293,777,0.409702569,0.07286575,0.610307414,0.018821351,0.354882459,0.007729908,1,0.691054738,0.378471436,0.252107808,0.178292389,0.302628433,1.01372687,0.00407924,6.229303979,,,,
1108.png,SLoG,512,512,FALSE,,0.35,68785,47350,7040,7.405539124,1,10.24264069,52134.99543,10770,0.206579092,20.65790917,13.50340581,0.974361122,0.951108765,0.262393951,0.285393826,681,737,1418,0.407061011,0.344139388,0.897585227,0.153178458,0.647727273,0.049271383,0.505886734,0.435424602,0.256138385,0.191084414,0.122888941,0.218879956,0.963343422,-0.032425642,8.394489743,,,,
1108.png,LoG,512,512,FALSE,,0.162109539,28504,17015,1737,13.20573329,1,8.311269837,22938.35872,2891,0.126033429,12.60334288,7.572468551,0.95312959,0.916955627,0.108734131,0.119963805,240,331,571,0.295714885,0.234263885,0.912492804,0.122538936,0.698330455,0.031148986,0.282228798,0.435424602,0.094548134,0.029648943,0.023092215,0.045142,0.453519478,-0.312585705,12.33029295,,,,
1108.png,Canny,512,512,FALSE,,0.9,57267,48434,2967,17.89632,4,48.66761902,53098.38143,5004,0.094240161,9.424016072,5.587740944,0.983038783,0.967522815,0.218456268,0.221401065,533,365,898,0.528035522,0.122620473,0.662622177,0.036627163,0.410178632,0.01579469,1,0.435424602,0.389537315,0.225441984,0.166586728,0.285596817,1.047470563,0.015940723,6.575969301,,,,
1110.png,SLoG,512,512,FALSE,,0.35,87909,53163,5277,11.13787141,2,20.89949494,58774.54745,9015,0.153382721,15.33827208,8.978376235,0.982864022,0.966856648,0.335346222,0.341242788,827,669,1496,0.396683156,0.229765062,0.805760849,0.086469913,0.539511086,0.026541015,0.519645512,0.642749071,0.345733706,0.291284474,0.18777687,0.316182061,0.974250911,-0.023535476,5.703694624,,,,
1110.png,LoG,512,512,FALSE,,0.185547039,41207,26970,3634,9.004249742,1,7.828427125,32721.44356,5872,0.179454185,17.94541854,11.10586699,0.941916943,0.89432703,0.15719223,0.169900721,314,432,746,0.324102491,0.326585095,0.920198129,0.161290323,0.68436984,0.038413052,0.298984826,0.642749071,0.193925063,0.081346954,0.060791551,0.114615451,0.612918334,-0.252236472,8.3055776,,,,
1110.png,Canny,512,512,FALSE,,0.9,63914,56549,2482,24.65722523,4.414213562,65.74579362,61199.23302,4467,0.072991111,7.299111083,4.055606382,0.989283621,0.979203876,0.243812561,0.241069247,514,334,848,0.432578951,0.08896709,0.648267526,0.026295779,0.399274778,0.010627951,1,0.642749071,0.39579754,0.235573826,0.173265242,0.29535562,0.97638198,-0.008874754,4.992920497,,,,
1111.png,SLoG,512,512,FALSE,,0.35,117711,60495,1624,47.27983492,1,22.60538239,76782.45191,4446,0.057903855,5.79038555,2.115066607,0.989255309,0.979105711,0.44903183,0.451062499,1439,1457,2896,0.399141699,0.057062567,0.833128079,0.025059922,0.61637931,0.0096041,0.517896414,0.732344079,0.395380447,0.433429629,0.260661774,0.413531653,0.996844073,-0.007933004,4.841329896,,,,
1111.png,LoG,512,512,FALSE,,0.169923499,80721,52122,5594,11.49318434,2,10.65685425,64292.8732,10506,0.163408469,16.34084694,8.700808848,0.970434725,0.942979932,0.307926178,0.331457886,570,957,1527,0.356551051,0.288381106,0.892920987,0.114462223,0.589202717,0.024749626,0.263957679,0.732344079,0.273668714,0.220455121,0.139079666,0.244196556,0.650983008,-0.238146941,5.635673525,,,,
1111.png,Canny,512,512,FALSE,,0.9,69010,63306,1873,35.95698495,6.414213562,100.2156421,67347.43281,3498,0.051939619,5.193961899,2.781100811,0.993278682,0.986952264,0.263252258,0.263270285,372,137,509,0.404375821,0.057435314,0.581420182,0.015701513,0.344367325,0.005844628,1,0.732344079,0.393723365,0.251918301,0.181508125,0.307248204,0.937173727,-0.018212981,4.760397767,,,,
1115.png,SLoG,512,512,FALSE,,0.35,138385,68781,509,196.795146,1,11.39411255,100168.7293,1906,0.019027894,1.902789437,0.508142614,0.991538346,0.983701894,0.527896881,0.522977308,1298,1927,3225,0.381167173,0.01597825,0.889980354,0.008083628,0.699410609,0.002820546,0.511191607,0.749485338,0.363415927,0.52016319,0.272172412,0.427886047,0.987748945,-0.008581778,6.921983053,,,,
1115.png,LoG,512,512,FALSE,,0.216797352,64520,42255,3908,13.89069175,1,8,54284.82335,6989,0.12874685,12.87468498,7.199065519,0.959720731,0.925736599,0.246124268,0.270449468,469,806,1275,0.285991043,0.230741924,0.917349028,0.108223879,0.663254862,0.025062123,0.342994303,0.749485338,0.160696819,0.118945009,0.073366791,0.136704046,0.531523262,-0.305629272,9.279171926,,,,
1115.png,Canny,512,512,FALSE,,0.9,71211,65851,1721,40.58723345,6.414213562,106.8700577,69850.62877,3247,0.046484907,4.648490726,2.463828931,0.994441986,0.989111783,0.271648407,0.270680417,332,104,436,0.380421907,0.052163217,0.574084834,0.013712776,0.328297501,0.004677226,1,0.749485338,0.359219385,0.266115038,0.180453706,0.305736184,1.016682567,0.001434086,6.896310582,,,,
1116.png,SLoG,512,512,FALSE,,0.35,91819,57030,5209,12.52156216,2,19.48528137,65224.81729,9004,0.138045615,13.80456148,7.986223982,0.985884607,0.97269858,0.350261688,0.357530003,987,879,1866,0.384603649,0.21116956,0.814359762,0.078835701,0.544058361,0.025863581,0.495643765,0.66376009,0.343713361,0.315107218,0.196737154,0.328789247,0.973416645,-0.021799532,5.553101401,,,,
1116.png,LoG,512,512,FALSE,,0.197266132,29276,18356,2224,10.01992016,1,8,22284.30244,3503,0.157195856,15.71958561,9.980119439,0.939992368,0.894639355,0.111679077,0.122699206,269,318,587,0.274223298,0.286227936,0.917266187,0.145293092,0.701438849,0.037807801,0.325527877,0.66376009,0.151344334,0.047616488,0.037581866,0.072441254,0.601336272,-0.242337609,8.328225587,,,,
1116.png,Canny,512,512,FALSE,,0.9,65114,58316,2354,26.56489539,4.414213562,75.79482682,62533.76376,4298,0.06873087,6.87308702,3.764366413,0.990474284,0.981548803,0.248390198,0.244220507,438,309,747,0.422808021,0.081435627,0.632115548,0.023749914,0.387850467,0.009174155,1,0.66376009,0.389934948,0.244187671,0.176686525,0.300311971,1.041945146,0.009800406,5.022868856,,,,
1117.png,SLoG,512,512,FALSE,,0.35,136816,63556,502,177.7344105,1,7.982842712,89222.67405,2023,0.022673609,2.267360872,0.56263725,0.989670515,0.980222166,0.521911621,0.518917085,1384,2006,3390,0.396826535,0.017386242,0.924302789,0.008464976,0.727091633,0.003603122,0.526122034,0.765984893,0.40088312,0.51755547,0.291829983,0.451808654,0.993102074,-0.007226956,4.555630394,,,,
1117.png,LoG,512,512,FALSE,,0.193362772,80033,51162,4896,12.98874371,2,10.91421356,63592.88922,9711,0.152705752,15.27057525,7.698973989,0.968912482,0.940541808,0.305301666,0.331949599,469,996,1465,0.33572185,0.265646378,0.888480392,0.100973379,0.569852941,0.019643485,0.301064044,0.765984893,0.242854439,0.200566944,0.123402564,0.219694289,0.59528638,-0.291595101,5.757917586,,,,
1117.png,Canny,512,512,FALSE,,0.9,71128,65407,1651,42.16647559,7.414213562,111.7989899,69616.8512,3263,0.046870836,4.687083578,2.371552248,0.994786501,0.989695293,0.271331787,0.27040624,402,107,509,0.395510495,0.047426116,0.544518474,0.012720351,0.313143549,0.004296176,1,0.765984893,0.380214707,0.255791898,0.180521028,0.305832804,0.913531491,-0.025183421,4.715261302,,,,
1119.png,SLoG,512,512,FALSE,,0.35,120982,65533,1200,72.08249689,1,14.67401154,86498.99627,3986,0.04608146,4.608145957,1.387299335,0.990653574,0.981856469,0.461509705,0.463455401,1649,1736,3385,0.379639804,0.038987991,0.8675,0.017945157,0.6525,0.006988845,0.514965415,0.745169032,0.360345421,0.444547538,0.248472314,0.398042169,0.995574683,-0.004482999,5.718023405,,,,
1119.png,LoG,512,512,FALSE,,0.181642637,69797,46112,4777,12.17634486,1,9.414213562,58166.3994,8595,0.147765722,14.7765722,8.212645186,0.962623596,0.930018217,0.266254425,0.291668067,508,878,1386,0.308751732,0.261363636,0.902867909,0.117453158,0.646640151,0.027021166,0.285448521,0.745169032,0.222139031,0.172466603,0.107527931,0.194176468,0.613496953,-0.242548645,6.666619331,,,,
1119.png,Canny,512,512,FALSE,,0.9,69175,63442,1913,35.20945776,6.828427125,98.19310242,67355.69269,3646,0.05413054,5.413053974,2.840145983,0.993111789,0.986617698,0.263881683,0.262073744,345,148,493,0.387606263,0.059424356,0.56769472,0.01551023,0.323052797,0.005296176,1,0.745169032,0.36524317,0.254798502,0.176598201,0.30018438,1.006719249,-0.00187104,5.683632057,,,,
1120.png,SLoG,512,512,FALSE,,0.35,89843,55002,5146,12.21769842,2,21.3137085,62872.27609,8814,0.140188976,14.01889759,8.184847631,0.986355066,0.973728228,0.342723846,0.356618048,963,797,1760,0.398240894,0.212101378,0.803342402,0.076597215,0.528954528,0.026999018,0.495262951,0.641651082,0.352246669,0.312998955,0.198656347,0.331465057,0.969618526,-0.025080285,5.515032226,,,,
1120.png,LoG,512,512,FALSE,,0.193359539,28668,17873,2157,10.40396634,1,7.511269837,22441.3554,3390,0.151060395,15.10603945,9.611718907,0.937279701,0.889330275,0.109359741,0.120174122,267,316,583,0.289227426,0.284227606,0.927213723,0.146813629,0.720445063,0.040116377,0.321320087,0.641651082,0.153056951,0.045830721,0.03655914,0.070539419,0.600001152,-0.251166624,8.229000301,,,,
1120.png,Canny,512,512,FALSE,,0.9,65960,58585,2374,26.65309533,4,67.05634919,63274.44832,4335,0.068511068,6.851106751,3.751909441,0.99093622,0.982469916,0.251617432,0.251734087,498,325,823,0.438112557,0.080139968,0.640690817,0.024511394,0.399747262,0.009541692,1,0.641651082,0.411831343,0.258317659,0.188701281,0.317491508,1.04714309,0.016095458,4.880145042,,,,
1121.png,SLoG,512,512,FALSE,,0.35,72033,49252,7480,7.153592762,1.414213562,11.07106781,53508.87386,12218,0.228335958,22.83359585,13.97898977,0.975351274,0.952428328,0.274784088,0.292611821,755,718,1473,0.434756637,0.372533095,0.888235294,0.155993665,0.613368984,0.04300333,0.502003729,0.454507619,0.30513289,0.218023641,0.145689361,0.254326114,0.961610461,-0.032792179,5.681216804,,,,
1121.png,LoG,512,512,FALSE,,0.166015789,25679,15893,2148,9.809555882,1,6.414213562,21070.92604,3319,0.157515621,15.7515621,10.19414143,0.929560184,0.876360662,0.097957611,0.107236982,205,349,554,0.338271797,0.306675895,0.935288641,0.168438935,0.741620112,0.045554647,0.285008311,0.454507619,0.141187926,0.03697131,0.030183432,0.05859817,0.567414327,-0.274411892,8.576548791,,,,
1121.png,Canny,512,512,FALSE,,0.9,55528,46260,2959,17.29849703,3.414213562,44.45584412,51186.25272,4813,0.094029153,9.402915323,5.780849042,0.979788125,0.961089494,0.21182251,0.21067316,548,344,892,0.533446908,0.12797233,0.67218655,0.040164289,0.43190267,0.017877216,1,0.454507619,0.411478985,0.211679874,0.162486104,0.279549327,1.058151786,0.017437183,4.573588011,,,,
1122.png,SLoG,512,512,FALSE,,0.35,111808,58960,1671,42.7333995,2,45.72792206,71407.51057,4358,0.061029995,6.102999482,2.34008998,0.988661826,0.978154681,0.426513672,0.427911677,1309,1144,2453,0.364530712,0.062092944,0.756433273,0.022540706,0.502094554,0.007683175,0.517964303,0.769424403,0.369659829,0.404385235,0.239344428,0.386243602,0.990501086,-0.008758373,5.832210545,,,,
1122.png,LoG,512,512,FALSE,,0.185547039,75748,49344,5115,11.59515985,2,10,59309.24262,9227,0.155574403,15.55744028,8.624288179,0.968243361,0.939891375,0.288955688,0.312626313,516,852,1368,0.304466426,0.276710441,0.898729228,0.113671368,0.604692082,0.024096141,0.287007272,0.769424403,0.22746397,0.18179295,0.112396629,0.202080132,0.597833419,-0.27558313,7.383883818,,,,
1122.png,Canny,512,512,FALSE,,0.9,69238,64527,1748,38.7029508,7.414213562,107.0149278,67652.75799,3297,0.048734155,4.873415509,2.58378232,0.993894041,0.988051513,0.264122009,0.262719013,315,107,422,0.369786114,0.05572861,0.561212815,0.013188278,0.304919908,0.00457173,1,0.769424403,0.37509735,0.251926813,0.17745028,0.301414477,0.971803919,-0.007007408,5.702946509,,,,
1123.png,SLoG,512,512,FALSE,,0.35,124080,66729,1075,83.48652843,1,12.17401154,89748.01806,3690,0.041115114,4.111511407,1.197798039,0.991577864,0.983590343,0.473327637,0.474235118,1624,1814,3438,0.379375726,0.035456848,0.88744186,0.016334727,0.662325581,0.006219185,0.516350508,0.75179702,0.36923404,0.46041195,0.25771354,0.409812779,0.99263801,-0.004372417,5.609042967,,,,
1123.png,LoG,512,512,FALSE,,0.185548246,69965,46283,4830,11.95879924,1.414213562,9.242640687,57761.00033,8772,0.151867176,15.18671759,8.362043545,0.96263206,0.930276775,0.266895294,0.29220501,548,876,1424,0.307416916,0.270790571,0.905175983,0.115658017,0.627329193,0.027094181,0.29094106,0.75179702,0.229879109,0.176619361,0.110963086,0.199760168,0.614966761,-0.24046383,6.367494449,,,,
1123.png,Canny,512,512,FALSE,,0.9,68901,63191,1874,35.90670914,6.828427125,92.56417023,67289.17292,3537,0.052564177,5.256417706,2.784994849,0.993345559,0.987070944,0.262836456,0.260668862,374,164,538,0.386708528,0.056796063,0.567235859,0.015413587,0.339914621,0.005981865,1,0.75179702,0.369197054,0.253045447,0.176664713,0.300280464,1.00463604,-0.003392924,5.597267402,,,,
1132.png,SLoG,512,512,FALSE,,0.35,128652,60946,789,103.1483441,1,9.048528137,81384.04346,2635,0.032377354,3.237735418,0.969477512,0.989712179,0.980162767,0.490768433,0.483596277,1389,1717,3106,0.418787748,0.02728645,0.90747782,0.013881141,0.71356147,0.005496669,0.532101572,0.743405461,0.406522965,0.482205142,0.282990158,0.441141588,0.997057938,-0.004123873,4.339817078,,,,
1132.png,LoG,512,512,FALSE,,0.205078274,93890,59689,4920,15.90611959,2,12.65685425,78258.1084,10168,0.129929029,12.99290285,6.286888478,0.979761779,0.961182127,0.358161926,0.388164822,561,1189,1750,0.35932824,0.224396455,0.875813008,0.084270134,0.560162602,0.017406892,0.315393001,0.743405461,0.270805641,0.257832515,0.152179854,0.264159894,0.635870317,-0.28242422,5.288361907,,,,
1132.png,Canny,512,512,FALSE,,0.9,70777,64784,1730,40.01355273,7,104.5440692,69223.44622,3411,0.049275212,4.927521217,2.499153241,0.994319558,0.988994196,0.269992828,0.270417088,468,159,627,0.415224224,0.052590146,0.566473988,0.013830575,0.327745665,0.004877748,1,0.743405461,0.388024509,0.25736951,0.183062309,0.309471965,0.937840536,-0.021193637,4.427657482,,,,
1135.png,SLoG,512,512,FALSE,,0.35,132730,65750,627,146.7164912,1,9.828427125,91991.23999,2535,0.027556972,2.755697173,0.681586638,0.989908755,0.980395437,0.506324768,0.504697785,1465,2003,3468,0.398554444,0.021460076,0.901116427,0.00991635,0.688995215,0.003908745,0.514401615,0.74719733,0.393115882,0.498212957,0.281614541,0.439468392,0.996259643,-0.004516212,5.177356833,,,,
1135.png,LoG,512,512,FALSE,,0.177734524,71234,46134,4939,11.60328708,2,9.414213562,57308.63489,9195,0.160447025,16.04470254,8.618247511,0.962923229,0.929986561,0.271736145,0.294572608,527,828,1355,0.336192816,0.286253089,0.904029156,0.120713574,0.61125734,0.02425543,0.277210087,0.74719733,0.234746507,0.1736419,0.110878353,0.199622853,0.619842059,-0.2574244,6.671360989,,,,
1135.png,Canny,512,512,FALSE,,0.9,69628,64100,1670,40.98612937,7,113.1205194,68446.83605,3237,0.047292179,4.729217867,2.439849811,0.994227767,0.988611544,0.265609741,0.264791448,386,114,500,0.399233043,0.049173167,0.560479042,0.013572543,0.326946108,0.004789392,1,0.74719733,0.383864815,0.255237975,0.181061147,0.306607575,0.95741056,-0.011545227,5.193346339,,,,
1136.png,SLoG,512,512,FALSE,,0.35,94987,55784,5175,12.25352287,2,23.72792206,63411.98085,9140,0.1441368,14.41368,8.16091838,0.986008525,0.973003012,0.362346649,0.368473937,1003,906,1909,0.413288802,0.205471103,0.788792271,0.079359673,0.539323671,0.026369568,0.501948476,0.635568976,0.370582844,0.326026579,0.209833356,0.346879766,0.965673153,-0.035022931,4.580572249,,,,
1136.png,LoG,512,512,FALSE,,0.193359539,33776,22560,3967,6.674019878,1,5.897056275,26475.83686,5930,0.223977812,22.39778116,14.9834735,0.924113452,0.863430851,0.128845215,0.140369237,194,305,499,0.327743381,0.437234043,0.955381901,0.217065603,0.715402067,0.055851064,0.30959776,0.635568976,0.212166216,0.071106466,0.056253396,0.106514964,0.659356687,-0.234366473,6.321424551,,,,
1136.png,Canny,512,512,FALSE,,0.9,65530,58033,2515,24.99792181,4,64.18477631,62869.77335,4613,0.073373893,7.337389264,4.000332538,0.990910351,0.982527183,0.249977112,0.247642237,549,328,877,0.44879505,0.082625403,0.636978131,0.026657247,0.408747515,0.010459566,1,0.635568976,0.425331672,0.25148574,0.187706185,0.316081851,1.024702057,0.005088072,4.061054573,,,,
1138.png,SLoG,512,512,FALSE,,0.35,96351,58144,4956,13.87313354,2,23.3137085,68755.24982,9237,0.134346105,13.43461048,7.208176849,0.986258268,0.973101266,0.367549896,0.372902989,1107,1018,2125,0.433118045,0.19296918,0.801856336,0.072733214,0.539346247,0.023785773,0.503654718,0.61613524,0.37702736,0.335139596,0.21569581,0.354851614,0.979215429,-0.021192431,4.367629491,,,,
1138.png,LoG,512,512,FALSE,,0.185547039,35295,23409,4031,6.949154869,1,6.414213562,28012.04328,6218,0.221975953,22.19759529,14.39023908,0.926459908,0.86667521,0.13463974,0.146600986,259,345,604,0.362073451,0.416976377,0.935996031,0.210859071,0.705284049,0.050963305,0.298716575,0.61613524,0.246649785,0.086193525,0.068230831,0.127745482,0.698526386,-0.203780167,5.743301921,,,,
1138.png,Canny,512,512,FALSE,,0.9,63417,55374,2577,23.42123585,4.414213562,59.67350647,60356.52479,4595,0.076130957,7.61309571,4.26962952,0.988640904,0.977967999,0.241916656,0.238006056,550,324,874,0.465925574,0.093238704,0.63717501,0.027359411,0.39386884,0.011232708,1,0.61613524,0.414976954,0.235433901,0.176764359,0.300424393,0.999628698,-0.00352755,4.044096355,,,,
1139.png,SLoG,512,512,FALSE,,0.35,89905,52777,4438,13.23560948,2.414213562,24.48528137,58739.63489,7703,0.13113803,13.113803,7.555375528,0.984690309,0.970460617,0.342960358,0.349191103,854,587,1441,0.380846828,0.190992288,0.771744029,0.064005154,0.490986931,0.021884533,0.513569474,0.70797708,0.338085101,0.306519641,0.191561016,0.321529511,0.988007587,-0.014237518,6.686430599,,,,
1139.png,LoG,512,512,FALSE,,0.181640774,42185,27923,3392,9.796128162,1,8.828427125,33228.46672,5415,0.16296268,16.29626803,10.20811471,0.945439219,0.901586506,0.160923004,0.175706375,315,455,770,0.288651884,0.297639938,0.912146226,0.14178276,0.677476415,0.03606346,0.287244856,0.70797708,0.173737374,0.079259235,0.057561775,0.108857517,0.622425976,-0.254412631,9.46694505,,,,
1139.png,Canny,512,512,FALSE,,0.9,68299,62240,1969,33.58297008,6,87.827417,66124.86809,3639,0.055032246,5.503224589,2.977699702,0.992697597,0.98597365,0.260540009,0.258329088,399,205,604,0.402793229,0.063271208,0.592686643,0.016307841,0.344845099,0.006587404,1,0.70797708,0.377125768,0.25294647,0.178410829,0.302799032,0.981864309,-0.003443672,6.156274208,,,,
114.png,SLoG,512,512,FALSE,,0.35,64490,43721,8565,5.218481755,1.414213562,9.828427125,44696.29623,13120,0.293536626,29.35366262,19.16266161,0.970014393,0.942979346,0.246009827,0.263214878,443,468,911,0.451880842,0.488941241,0.90262697,0.200750212,0.616929364,0.056311612,0.50101316,0.430597591,0.3164565,0.19395721,0.136691042,0.24050694,0.942077131,-0.058868164,4.773877497,,,,
114.png,LoG,512,512,FALSE,,0.185547218,18769,11751,2113,7.227775623,1,4,15272.28989,2961,0.193880552,19.38805524,13.83551527,0.897072613,0.823589482,0.071598053,0.078446946,121,185,306,0.363772959,0.400561654,0.968291529,0.235128925,0.783246569,0.065611437,0.31833002,0.430597591,0.170254716,0.031099733,0.027006466,0.052592593,0.651029309,-0.24234781,7.526526712,,,,
114.png,Canny,512,512,FALSE,,0.9,57549,47427,3072,17.16213919,3.414213562,47.28477631,52722.0916,5268,0.099920163,9.992016325,5.826779452,0.979927063,0.961561979,0.219532013,0.220877104,633,393,1026,0.545549989,0.128344614,0.665690104,0.040546524,0.420247396,0.016593923,1,0.430597591,0.430163897,0.221241264,0.171096708,0.29219911,1.00726808,0.008032288,3.737094975,,,,
1141.png,SLoG,512,512,FALSE,,0.35,91631,55155,5580,10.96669679,2,21.65685425,61194.16808,9490,0.155080137,15.50801375,9.118515988,0.985314131,0.971444112,0.349544525,0.35453367,914,742,1656,0.395739824,0.227395522,0.794623656,0.086447285,0.537455197,0.027903182,0.497420758,0.662052655,0.359536868,0.309883339,0.199665489,0.332868605,0.972428007,-0.029076443,4.756231215,,,,
1141.png,LoG,512,512,FALSE,,0.181641415,29793,19431,3061,7.580345171,1,6.242640687,23203.43657,4711,0.20303027,20.30302704,13.19201141,0.920590818,0.859039679,0.113651276,0.123595692,186,290,476,0.301861137,0.39385518,0.946749428,0.196747465,0.712512251,0.047552879,0.295162737,0.662052655,0.191441441,0.057522347,0.04627899,0.088463958,0.652229152,-0.233445493,6.665592849,,,,
1141.png,Canny,512,512,FALSE,,0.9,65027,58187,2486,25.06069739,4.828427125,60.79898987,62300.8937,4508,0.072358513,7.235851257,3.99031194,0.990238369,0.981301665,0.248058319,0.245130626,451,296,747,0.426725149,0.08536271,0.628318584,0.025658652,0.391391794,0.009796003,1,0.662052655,0.411694915,0.245341144,0.181655013,0.307458625,0.985835029,-0.002914984,4.275234234,,,,
1142.png,SLoG,512,512,FALSE,,0.35,82448,53951,6579,9.251797595,1.414213562,15.65685425,60867.57638,11248,0.184794609,18.47946094,10.8087103,0.981724143,0.964393616,0.31451416,0.326759209,841,835,1676,0.430259317,0.29232081,0.847849217,0.117087728,0.58002736,0.033678708,0.49937585,0.543927169,0.350820847,0.271834938,0.180859275,0.306318083,0.973042659,-0.026517515,4.723700395,,,,
1142.png,LoG,512,512,FALSE,,0.17773518,26324,16811,2728,7.83372587,1,5.414213562,21370.40417,4055,0.1897484,18.97484,12.76531776,0.918475986,0.855451788,0.100418091,0.109900907,188,285,473,0.343743086,0.377252989,0.951246334,0.204092558,0.74670088,0.055201951,0.29727754,0.543927169,0.196005326,0.051081212,0.042232278,0.081041968,0.658353221,-0.224376531,6.911253476,,,,
1142.png,Canny,512,512,FALSE,,0.9,59459,50509,2897,19.21659829,3.414213562,49.52447327,55670.48526,4938,0.088700502,8.87005022,5.203834647,0.984359205,0.970163733,0.226818085,0.22338504,576,402,978,0.488942355,0.113722307,0.671039006,0.035498624,0.425957887,0.015581382,1,0.543927169,0.421958935,0.223519964,0.171122345,0.292236496,1.023459181,0.005525467,4.061070716,,,,
1146.png,SLoG,512,512,FALSE,,0.35,111575,59645,2582,28.6327735,1.414213562,32.7747258,73929.82117,5932,0.080238257,8.023825712,3.492501347,0.988289058,0.977248722,0.425624847,0.429404561,1358,1283,2641,0.414696991,0.086578925,0.783888459,0.037857322,0.568938807,0.013748009,0.512860477,0.712247038,0.390591956,0.408425559,0.249460967,0.39930974,0.994497806,-0.009532783,4.488760276,,,,
1146.png,LoG,512,512,FALSE,,0.162109688,70385,46723,6089,9.21785116,2,9.828427125,56127.49572,10764,0.191777664,19.17776637,10.84851537,0.963422716,0.930505319,0.268497467,0.287913754,470,744,1214,0.372181743,0.347387796,0.902611266,0.142649231,0.606996223,0.030884147,0.250095367,0.712247038,0.278141096,0.195007151,0.129478087,0.229270649,0.692765511,-0.211178359,5.281635766,,,,
1146.png,Canny,512,512,FALSE,,0.9,68579,61781,2047,32.3778865,6.242640687,84.78477631,66277.53367,3774,0.056942372,5.694237234,3.088527721,0.992926657,0.986355028,0.261608124,0.259603929,428,190,618,0.423768818,0.061572328,0.575476307,0.017707709,0.355153884,0.007170489,1,0.712247038,0.395491014,0.250017752,0.180890102,0.306362297,0.951523588,-0.018179402,4.439400546,,,,
1148.png,SLoG,512,512,FALSE,,0.35,128216,62282,798,105.9719215,1,8.828427125,84565.59339,2821,0.033358721,3.335872057,0.94364619,0.989395022,0.979624932,0.489105225,0.488112753,1462,1902,3364,0.411414206,0.027054366,0.912280702,0.013840275,0.72556391,0.005539321,0.515165508,0.749067092,0.398287378,0.483096002,0.279272518,0.436611455,0.999617123,-0.004755715,5.12624551,,,,
1148.png,LoG,512,512,FALSE,,0.193360001,76996,49699,4975,12.76421277,2,9.828427125,63501.95855,9588,0.150987469,15.0987469,7.83440403,0.966448009,0.935692871,0.293716431,0.318376747,500,852,1352,0.351752669,0.276242983,0.901909548,0.111048512,0.594371859,0.021086943,0.301197708,0.749067092,0.235286395,0.186146512,0.115978981,0.207851551,0.605107626,-0.277962423,6.578691122,,,,
1148.png,Canny,512,512,FALSE,,0.9,70753,64720,1739,39.82491873,6.414213562,104.7445743,69255.53367,3362,0.048544857,4.854485731,2.510990686,0.994545758,0.989230532,0.269901276,0.268340801,389,137,526,0.412103444,0.049242892,0.567567568,0.014771323,0.346751006,0.00512979,1,0.749067092,0.383037383,0.255413953,0.180965207,0.306470005,0.939781571,-0.01834828,5.237054436,,,,
1149.png,SLoG,512,512,FALSE,,0.35,127228,65739,975,90.78506141,1,9.242640687,88515.43487,3088,0.034886571,3.488657096,1.101502807,0.990485072,0.981593879,0.485336304,0.4847678,1374,1808,3182,0.357225001,0.033024536,0.907692308,0.015531115,0.698461538,0.006236785,0.512893379,0.792470956,0.36616131,0.476677042,0.26117208,0.414173583,0.998828326,-0.003235956,5.717690983,,,,
1149.png,LoG,512,512,FALSE,,0.162109509,68909,44967,3786,15.35765013,2,10.41421356,58144.06339,7089,0.121921304,12.19213035,6.511412824,0.966253042,0.936887051,0.262866974,0.288857438,503,894,1397,0.284363776,0.221362332,0.894347596,0.092289901,0.61516112,0.021082127,0.255983233,0.792470956,0.215888109,0.167467407,0.104130435,0.188619807,0.607739672,-0.24256996,6.723490178,,,,
1149.png,Canny,512,512,FALSE,,0.9,69863,64615,1782,38.33579966,6,101.9340187,68314.395,3306,0.0483939,4.83939,2.608527822,0.993732095,0.987727308,0.266506195,0.265062113,284,116,400,0.361975193,0.055853904,0.588103255,0.014965565,0.338945006,0.005107173,1,0.792470956,0.360373921,0.256518699,0.176265906,0.299704183,0.986465018,-0.007188866,5.677461312,,,,
115.png,SLoG,512,512,FALSE,,0.35,84383,53162,7079,8.274417939,2,16.42842712,58574.60459,11914,0.203398727,20.33987269,12.08544223,0.983174086,0.967345096,0.321895599,0.330509462,839,772,1611,0.45241785,0.316767616,0.837971465,0.124901245,0.567594293,0.035815056,0.50188911,0.531622636,0.37192819,0.282170794,0.191107977,0.320891105,0.955359617,-0.040292999,4.166698348,,,,
115.png,LoG,512,512,FALSE,,0.173828602,27708,17773,3142,7.022083682,1,5,22063.38693,4693,0.21270533,21.27053301,14.24078728,0.912760913,0.846227424,0.105697632,0.115053343,190,281,471,0.356943846,0.412367074,0.95385105,0.226860969,0.741565882,0.057221628,0.286869347,0.531622636,0.205851506,0.054365371,0.044939917,0.086014356,0.652272682,-0.241859366,6.411484654,,,,
115.png,Canny,512,512,FALSE,,0.9,64055,54801,2975,20.27048828,3.414213562,48.43086579,60304.70264,5367,0.088998034,8.899803439,4.933280274,0.987910807,0.976734001,0.244350433,0.241599121,641,496,1137,0.504653215,0.108556413,0.665546218,0.033411799,0.416470588,0.014087334,1,0.531622636,0.438033894,0.242924956,0.185204873,0.312528032,1.005717285,-0.001245478,3.609876379,,,,
1150.png,SLoG,512,512,FALSE,,0.35,62119,43274,6674,7.096502827,1,9.3627417,47362.05986,9798,0.206874448,20.68744482,14.09144792,0.96809864,0.940218145,0.236965179,0.260837269,608,581,1189,0.376849979,0.353168184,0.905454001,0.161667514,0.666766557,0.054166474,0.514196157,0.43941949,0.215818258,0.149742346,0.096977541,0.176808616,0.96024342,-0.038061276,8.880805904,,,,
1150.png,LoG,512,512,FALSE,,0.166015789,29296,18050,1638,15.37634948,1,7.414213562,25186.46045,2742,0.108868017,10.88680168,6.503494222,0.957479239,0.924875346,0.111755371,0.123644682,224,363,587,0.289011478,0.206869806,0.918803419,0.112409972,0.721001221,0.028698061,0.293511569,0.43941949,0.072910978,0.023980331,0.018376881,0.03609053,0.377426613,-0.353066838,13.3582791,,,,
1150.png,Canny,512,512,FALSE,,0.9,54356,45748,2785,17.99155501,3.414213562,45.38721497,50106.48071,4580,0.091405342,9.140534188,5.558163256,0.979704022,0.961178631,0.207351685,0.213436483,485,310,795,0.509788692,0.120857742,0.666068223,0.037334965,0.413285458,0.015497945,1,0.43941949,0.367424018,0.208604179,0.153482071,0.266119561,1.022927743,0.007212988,6.641609445,,,,
1152.png,SLoG,512,512,FALSE,,0.35,85743,52737,6230,9.446694063,1.707106781,15.82842712,58852.90401,10551,0.179277475,17.92774745,10.58571383,0.981123328,0.963611885,0.327083588,0.33937071,864,736,1600,0.420381755,0.28380454,0.847030498,0.110396875,0.570304976,0.032652597,0.514967024,0.565886283,0.339447848,0.273763693,0.178611426,0.303087891,0.9631553,-0.03379152,4.645469451,,,,
1152.png,LoG,512,512,FALSE,,0.181640789,39170,25559,3694,8.820243892,1,7,32581.98094,6022,0.184826086,18.48260857,11.33755497,0.935169637,0.882076764,0.149421692,0.162833809,282,446,728,0.341931224,0.354121836,0.932593395,0.176102351,0.691120736,0.039985915,0.298757076,0.565886283,0.184,0.071201778,0.054114382,0.102672695,0.578146039,-0.284463826,6.574144618,,,,
1152.png,Canny,512,512,FALSE,,0.9,62257,53158,2944,19.92012633,3.414213562,51.69777054,58644.85192,5117,0.087254036,8.725403565,5.020048484,0.986229718,0.973418865,0.237491608,0.235962891,623,447,1070,0.477944285,0.109710674,0.664402174,0.033880131,0.417798913,0.014560367,1,0.565886283,0.402141025,0.225502064,0.168883572,0.288965601,0.942488709,-0.018268067,4.056730591,,,,
1155.png,SLoG,512,512,FALSE,,0.35,92253,57300,5891,11.24820576,2,19.89949494,66263.18013,10495,0.158383585,15.83835847,8.890306787,0.98465097,0.97,0.351917267,0.361414676,966,941,1907,0.423188508,0.238760908,0.823799015,0.094066318,0.558818537,0.027731239,0.500287533,0.5835778,0.368102762,0.31265623,0.203457404,0.338121488,0.971415153,-0.026292167,4.340995156,,,,
1155.png,LoG,512,512,FALSE,,0.193359539,29068,19021,3123,7.530087154,1,6,23516.46218,4790,0.203687101,20.36871007,13.28005878,0.920824349,0.85899795,0.11088562,0.121024927,214,301,515,0.335429281,0.395405079,0.948126801,0.205877714,0.721741915,0.050470533,0.317917913,0.5835778,0.212820955,0.060531501,0.049458163,0.094254663,0.659816307,-0.228567677,6.190285154,,,,
1155.png,Canny,512,512,FALSE,,0.9,61231,52759,2932,19.60470038,3.828427125,49.12497834,57480.98151,5059,0.088011719,8.801171914,5.100817563,0.986267745,0.973596922,0.233577728,0.230258109,534,365,899,0.469988018,0.113857351,0.670873124,0.035103016,0.421214188,0.013893364,1,0.5835778,0.415249171,0.224706655,0.17069393,0.291611541,0.974694681,-0.009437825,3.986278716,,,,
1156.png,SLoG,512,512,FALSE,,0.35,107726,57056,2364,28.90333757,2,52.64701295,68327.49001,5181,0.075825996,7.582599623,3.45980805,0.987827778,0.976584408,0.410942078,0.412572221,1126,1050,2176,0.378016442,0.083654655,0.741116751,0.032722238,0.512267343,0.011707796,0.524195671,0.756240392,0.377755501,0.386170488,0.236030268,0.381916647,0.992903604,-0.009367809,5.178894328,,,,
1156.png,LoG,512,512,FALSE,,0.185548276,72883,48189,5376,10.8382994,2,10.41421356,58266.69759,9611,0.164948425,16.4948425,9.226539725,0.96669364,0.937143331,0.278026581,0.30046915,517,763,1280,0.329090089,0.29878188,0.895089286,0.121085725,0.601004464,0.026043288,0.28437236,0.756240392,0.247292243,0.184110553,0.117989678,0.211074718,0.638164325,-0.256957279,6.497439657,,,,
1156.png,Canny,512,512,FALSE,,0.9,68928,63497,1835,36.59759611,6,111.8156421,67156.58887,3387,0.050434366,5.043436626,2.732419902,0.99350363,0.987337984,0.262939453,0.261926147,356,117,473,0.387191206,0.05414429,0.582561308,0.016236988,0.353678474,0.00565381,1,0.756240392,0.384181061,0.249334921,0.17813852,0.302406749,0.961967212,-0.012817346,4.995299242,,,,
1163.png,SLoG,512,512,FALSE,,0.35,133428,64550,619,147.1157695,1,7.048528137,91064.66135,2442,0.02681611,2.681611027,0.679736784,0.988830388,0.978450813,0.508987427,0.506234841,1488,2009,3497,0.41258496,0.021502711,0.943457189,0.010518978,0.730210016,0.004213788,0.519309819,0.740025997,0.400712495,0.50719691,0.288419191,0.447710175,1.000982425,-0.001751698,4.80529963,,,,
1163.png,LoG,512,512,FALSE,,0.185547024,78624,50742,4982,13.1224317,2,10.41421356,65375.95473,9609,0.146980645,14.69806451,7.620538806,0.968192041,0.939517559,0.299926758,0.324867142,472,973,1445,0.350099981,0.260198652,0.896025692,0.108017027,0.601364914,0.022249813,0.287777007,0.740025997,0.239401689,0.194457492,0.120198201,0.214601668,0.610343485,-0.273665227,6.114620036,,,,
1163.png,Canny,512,512,FALSE,,0.9,71151,65113,1794,38.74675235,7.414213562,99.47056275,69511.67371,3466,0.049862128,4.98621284,2.580861464,0.994670808,0.989464469,0.271419525,0.270149995,387,142,529,0.410153657,0.048838174,0.538461538,0.014313578,0.324414716,0.004945249,1,0.740025997,0.378136976,0.255414644,0.179864312,0.304889825,0.926102474,-0.023725623,4.966734548,,,,
1167.png,SLoG,512,512,FALSE,,0.35,108051,58828,2153,33.17154015,2,38.1646753,71418.32594,4994,0.06992603,6.992602997,3.014632409,0.990132272,0.980774461,0.412181854,0.421405216,1284,1115,2399,0.347675622,0.07776909,0.768694844,0.029951724,0.526706921,0.01065819,0.51548332,0.788160634,0.355151092,0.403008046,0.232718171,0.377569142,1.000555368,-0.003298661,5.353093538,,,,
1167.png,LoG,512,512,FALSE,,0.181640789,72197,47338,3906,15.82200957,1,9.742640687,61800.76938,7174,0.116082697,11.60826972,6.320309665,0.968640387,0.940956525,0.275409698,0.30275025,596,915,1511,0.279320747,0.214373231,0.90296979,0.089589759,0.629032258,0.022878026,0.287215531,0.788160634,0.202090592,0.164752215,0.099820354,0.181521197,0.584855055,-0.26560565,6.585897201,,,,
1167.png,Canny,512,512,FALSE,,0.9,69283,63996,1747,38.79078572,7,114.027417,67767.50265,3249,0.047943334,4.79433338,2.577931799,0.993718386,0.987733608,0.264293671,0.263639879,312,107,419,0.359916717,0.053487718,0.567258157,0.014219639,0.33257012,0.005156572,1,0.788160634,0.357829462,0.254031665,0.174485219,0.297126292,0.978931686,-0.012220767,5.301536349,,,,
117.png,SLoG,512,512,FALSE,,0.35,67943,46630,8232,5.949392261,1,9.892388155,48975.39709,12914,0.263683416,26.36834159,16.80843952,0.970952153,0.94477804,0.259181976,0.274603234,587,587,1174,0.442788988,0.438322968,0.900024295,0.185524341,0.628522838,0.051554793,0.50219661,0.421844357,0.302120812,0.195247579,0.134559863,0.237201874,0.949397818,-0.052895499,5.243577372,,,,
117.png,LoG,512,512,FALSE,,0.185547218,23215,14322,2143,8.999038308,1,5,19284.9391,3141,0.162873213,16.28732134,11.11229851,0.91949451,0.861890797,0.088558197,0.096766259,151,247,398,0.347047985,0.326281246,0.952869809,0.19124424,0.771815212,0.052995392,0.318461835,0.421844357,0.140315354,0.031954242,0.026722568,0.052054116,0.588792805,-0.28223996,8.217925266,,,,
117.png,Canny,512,512,FALSE,,0.9,56948,47181,3090,16.95867661,3.414213562,46.14386002,52402.31072,5155,0.098373525,9.837352454,5.896686534,0.978677869,0.959390433,0.21723938,0.215522956,589,423,1012,0.547532558,0.128335559,0.667313916,0.040397618,0.425242718,0.017782582,1,0.421844357,0.416700516,0.211357148,0.163101989,0.280460339,1.016625709,0.007833382,4.079081562,,,,
1170.png,SLoG,512,512,FALSE,,0.35,93951,57630,5872,11.47830256,2,18.07106781,67400.59261,10842,0.16085912,16.08591198,8.712089572,0.987254918,0.97506507,0.358394623,0.373720616,1002,1104,2106,0.449638724,0.242998438,0.831573569,0.093128579,0.555858311,0.027433628,0.50246644,0.522031558,0.362723227,0.319590684,0.204669522,0.339793641,0.957527369,-0.040013509,4.170014638,,,,
1170.png,LoG,512,512,FALSE,,0.177734688,29501,19392,3402,7.189620439,1,5,24459.08873,5071,0.207325794,20.73257943,13.9089401,0.91986388,0.858756188,0.112537384,0.123394878,204,283,487,0.356189162,0.411716172,0.958553792,0.229011964,0.753968254,0.057807343,0.294584811,0.522031558,0.180694666,0.052567116,0.042449331,0.081441524,0.613595321,-0.263816522,6.409450731,,,,
1170.png,Canny,512,512,FALSE,,0.9,61253,51575,3127,18.22879888,3.414213562,48.17056275,57001.45409,5551,0.097383481,9.738348063,5.485824967,0.984100819,0.969365002,0.233661652,0.232687723,659,445,1104,0.507762969,0.120387785,0.674768148,0.039340766,0.433322673,0.01553078,1,0.522031558,0.425639179,0.233499931,0.177554791,0.301565231,0.999882234,0.002950366,3.676884563,,,,
1172.png,SLoG,512,512,FALSE,,0.35,89761,51050,4495,13.01914113,2,23.65685425,58521.03936,7880,0.134652427,13.46524273,7.680998234,0.984652281,0.970519099,0.342411041,0.361995068,907,694,1601,0.424052954,0.197806072,0.787764182,0.072419197,0.525917686,0.024524976,0.526993155,0.644946861,0.363207711,0.317591045,0.204000495,0.338871114,0.97339468,-0.027158825,4.438681401,,,,
1172.png,LoG,512,512,FALSE,,0.189453289,49426,32730,4633,8.870403999,1,7.414213562,41096.58173,7643,0.185976538,18.59765382,11.27344369,0.948472321,0.90406355,0.188545227,0.206653023,325,512,837,0.362006038,0.360036664,0.928340168,0.163825237,0.658752428,0.038924534,0.30106166,0.644946861,0.225545905,0.11258674,0.081196987,0.150198323,0.625298999,-0.270266422,5.73969908,,,,
1172.png,Canny,512,512,FALSE,,0.9,65789,57791,2480,25.34310989,4.414213562,61.7492424,62850.91253,4536,0.07217079,7.217078985,3.945845653,0.988527596,0.978508764,0.250965118,0.256118734,585,355,940,0.457880974,0.081898566,0.625,0.025471094,0.401209677,0.010451454,1,0.644946861,0.407705785,0.252231171,0.184591547,0.311654338,0.962791876,-0.010020438,3.998740581,,,,
1176.png,SLoG,512,512,FALSE,,0.35,126889,63767,692,126.1925217,1,9.787005769,87325.22499,2790,0.031949531,3.19495312,0.792439985,0.990927935,0.982483103,0.484043121,0.491099661,1463,1923,3386,0.369096488,0.023523139,0.901734104,0.011761569,0.697976879,0.004155755,0.498751014,0.757413638,0.377147304,0.481801499,0.268310339,0.423098875,0.993051895,-0.009659052,5.794694552,,,,
1176.png,LoG,512,512,FALSE,,0.193359524,59015,38151,3776,12.61299501,1,7.828427125,47626.66917,6577,0.138094898,13.80948976,7.92833105,0.955099463,0.917302299,0.225124359,0.247596971,359,676,1035,0.286980122,0.256769154,0.924788136,0.116510707,0.655985169,0.026342691,0.31007272,0.757413638,0.171144127,0.110228737,0.071864518,0.13409254,0.531454025,-0.309360829,8.319714976,,,,
1176.png,Canny,512,512,FALSE,,0.9,68478,64160,1428,47.25306247,7.414213562,126.4695526,67477.37321,2707,0.040117151,4.011715144,2.116264952,0.993586361,0.987359726,0.261222839,0.262731117,228,90,318,0.370050251,0.043859102,0.550420168,0.011299875,0.31232493,0.003631546,1,0.757413638,0.368586772,0.251906146,0.175969661,0.299275851,0.951393769,-0.01511621,5.803825362,,,,
1178.png,SLoG,512,512,FALSE,,0.35,93481,55333,4837,12.86319427,2,22.96812409,62219.27068,8468,0.136099313,13.60993131,7.774118769,0.985505939,0.972240797,0.356601715,0.366566418,892,809,1701,0.368425131,0.196880704,0.778581766,0.070717293,0.511267314,0.023548335,0.497803122,0.730207682,0.377299982,0.335125521,0.215779175,0.354964421,0.993302447,-0.011585005,4.458236853,,,,
1178.png,LoG,512,512,FALSE,,0.16992265,34863,23058,3663,7.202130542,1,7,26381.40417,5636,0.213635331,21.36353305,13.88478026,0.932561338,0.878653829,0.132991791,0.146119871,232,318,550,0.308046788,0.393008934,0.934479934,0.194596236,0.701064701,0.047272096,0.27141273,0.730207682,0.24922494,0.088240675,0.069710303,0.13033492,0.698841671,-0.196452684,5.556003773,,,,
1178.png,Canny,512,512,FALSE,,0.9,66030,61105,2002,32.23592482,5.414213562,81.51492783,64536.32148,3596,0.05572056,5.572056041,3.102129086,0.992275596,0.985173063,0.25188446,0.25041211,322,219,541,0.38400954,0.062760822,0.606393606,0.018427297,0.377622378,0.007675313,1,0.730207682,0.396482412,0.240573229,0.176089868,0.299449681,0.957324447,-0.015635622,4.249073366,,,,
118.png,SLoG,512,512,FALSE,,0.35,56702,39755,8597,4.647027528,1,8.242640687,39950.49565,12453,0.311710776,31.17107759,21.51913226,0.961941898,0.928009055,0.216300964,0.231903026,415,404,819,0.443641216,0.520714376,0.92090264,0.233354295,0.663254624,0.070054081,0.502528012,0.403238237,0.279259299,0.150598485,0.108447233,0.195674146,0.939313768,-0.066090647,5.321738012,,,,
118.png,LoG,512,512,FALSE,,0.193359554,17711,10805,1678,8.7480694,1,4.414213562,14679.26045,2365,0.161111659,16.11116587,11.43109358,0.907635331,0.844979176,0.067562103,0.074056265,121,192,313,0.341295421,0.333641832,0.961263409,0.201665895,0.793802145,0.059416937,0.335165024,0.403238237,0.109592908,0.018873428,0.016364142,0.032201337,0.588900515,-0.280587639,8.829740084,,,,
118.png,Canny,512,512,FALSE,,0.9,57206,46751,3046,17.20480096,3.414213562,47.04163056,52405.82371,5095,0.097222019,9.722201922,5.81233112,0.979294538,0.960663943,0.218223572,0.217845256,619,414,1033,0.567976356,0.130243203,0.674983585,0.039742465,0.428102429,0.018266989,1,0.403238237,0.426879595,0.216251957,0.167593555,0.287075164,1.021811023,0.014991402,3.867454404,,,,
1180.png,SLoG,512,512,FALSE,,0.35,133850,65031,557,163.8694645,1,8.897056275,91275.29172,2344,0.025680553,2.568055337,0.610241818,0.989827931,0.980363211,0.510597229,0.509396964,1370,2046,3416,0.400983363,0.019113961,0.910233393,0.00899571,0.694793537,0.003490643,0.511098623,0.759585989,0.390588834,0.502438973,0.281648211,0.439509388,0.994234766,-0.006929433,5.083482251,,,,
1180.png,LoG,512,512,FALSE,,0.205079123,68331,44569,4538,12.5925172,2,9.414213562,57144.84305,8282,0.144929963,14.49299632,7.941224016,0.960712612,0.926181875,0.260662079,0.284158329,435,766,1201,0.330313355,0.267069039,0.904142794,0.114025444,0.619215513,0.024411587,0.323188215,0.759585989,0.203301797,0.145884365,0.092820003,0.169872445,0.56596224,-0.295547119,7.014196931,,,,
1180.png,Canny,512,512,FALSE,,0.9,71763,65979,1723,40.82823935,6.828427125,110.0239682,70347.0564,3330,0.047336735,4.733673547,2.449285142,0.995112062,0.990375726,0.27375412,0.272785808,387,137,524,0.399710745,0.050015914,0.562391178,0.013564922,0.329077191,0.004910653,1,0.759585989,0.371549438,0.255944337,0.178618271,0.303097746,0.93749849,-0.01894774,5.185111582,,,,
1182.png,SLoG,512,512,FALSE,,0.35,117370,59230,1321,56.57465733,1,22.14213562,74735.12233,3835,0.051314561,5.131456109,1.767575885,0.989810884,0.980432213,0.447731018,0.458750368,1274,1443,2717,0.350784749,0.048370758,0.827403482,0.01968597,0.57986374,0.007293601,0.504134834,0.784107018,0.376312078,0.439708039,0.254349037,0.405547467,0.992767518,-0.010149983,5.337820118,,,,
1182.png,LoG,512,512,FALSE,,0.162109807,64229,41066,3900,12.69850373,2,10.25979797,49524.16455,7242,0.146231644,14.6231644,7.874943546,0.962438524,0.930015098,0.245014191,0.269540737,431,717,1148,0.283489913,0.256538255,0.895384615,0.106219257,0.600512821,0.020235718,0.259245485,0.784107018,0.191276423,0.131318428,0.084437257,0.155725481,0.556002707,-0.29127184,7.166800145,,,,
1182.png,Canny,512,512,FALSE,,0.9,67810,64074,1563,42.69908332,7,118.2901587,66738.66723,2858,0.04282375,4.282374999,2.341970652,0.993210971,0.986796517,0.258674622,0.259296609,189,68,257,0.355989158,0.047101789,0.557901472,0.012610419,0.319257837,0.004229485,1,0.784107018,0.371900826,0.245620043,0.173604545,0.295848453,0.932262325,-0.020743634,5.276521639,,,,
1184.png,SLoG,512,512,FALSE,,0.35,105524,55913,2951,22.76978568,1.414213562,43.72792206,67193.63755,5921,0.088118462,8.811846204,4.391784859,0.987265944,0.975479763,0.402542114,0.404727758,1208,966,2174,0.427676409,0.102158711,0.758048119,0.044748091,0.555066079,0.016489904,0.529745817,0.692091107,0.391911659,0.377070139,0.23789009,0.384347677,0.987985027,-0.0149954,4.140999795,,,,
1184.png,LoG,512,512,FALSE,,0.197265774,61908,41999,5891,8.667486033,1,8.414213562,51060.16022,9966,0.195181526,19.51815262,11.53737077,0.956141829,0.917807567,0.236160278,0.25467356,445,698,1143,0.367968976,0.356818019,0.919198778,0.162503869,0.654897301,0.036929451,0.300848126,0.692091107,0.255754183,0.154838006,0.106742187,0.192894404,0.668833391,-0.250065227,5.209764424,,,,
1184.png,Canny,512,512,FALSE,,0.9,70232,62282,2332,28.93690788,4.414213562,80.59604615,67480.86917,4295,0.063647669,6.364766864,3.455794255,0.992670417,0.985886773,0.267913818,0.265963479,592,261,853,0.446067214,0.06913715,0.613207547,0.022430237,0.394511149,0.008782634,1,0.692091107,0.406997523,0.257326634,0.187156254,0.315301804,0.96876703,-0.014732211,3.999303108,,,,
1186.png,SLoG,512,512,FALSE,,0.35,140047,66882,437,219.9138773,1,8.311269837,96102.36437,1925,0.020030725,2.003072466,0.454723464,0.990206659,0.981086092,0.534236908,0.530191261,1289,2136,3425,0.40208596,0.015908615,0.922196796,0.006653509,0.675057208,0.0026315,0.515107334,0.768649006,0.394051076,0.529889949,0.291977077,0.451984919,0.994625808,-0.007461896,5.130612688,,,,
1186.png,LoG,512,512,FALSE,,0.216797173,67937,44604,4520,12.56918162,2,10,56812.70091,8462,0.148945568,14.89455679,7.955967464,0.961673856,0.928078199,0.259159088,0.282501998,481,758,1239,0.328670532,0.272980002,0.899115044,0.112232087,0.598230088,0.022195319,0.340364724,0.768649006,0.203536939,0.145836208,0.092849469,0.16992179,0.571704084,-0.296122047,7.107591173,,,,
1186.png,Canny,512,512,FALSE,,0.9,72311,66412,1593,44.68060566,7,108.5636652,71176.20481,3168,0.044509257,4.450925711,2.238107531,0.995083749,0.990378245,0.275844574,0.274836501,417,139,556,0.399260998,0.046286816,0.558066541,0.01147383,0.317011927,0.004411853,1,0.768649006,0.374611778,0.261129801,0.181853119,0.307742335,0.939843825,-0.015786025,5.275585208,,,,
1189.png,SLoG,512,512,FALSE,,0.35,90964,52252,5319,11.06950673,2,20.51959595,58878.70632,9248,0.157068668,15.70686684,9.033826204,0.9837901,0.968498813,0.347000122,0.355119644,940,736,1676,0.431676,0.238038735,0.81143072,0.087613871,0.537695055,0.027750134,0.522152901,0.609790969,0.365687507,0.303096677,0.198655003,0.331463186,0.966428403,-0.031858186,4.361726366,,,,
1189.png,LoG,512,512,FALSE,,0.16992259,45156,29976,4358,8.628911099,1,7.414213562,37604.79457,7032,0.186997432,18.69974316,11.58894777,0.942253828,0.893748332,0.17225647,0.187184311,317,499,816,0.353326648,0.373198559,0.934373566,0.167667467,0.663836622,0.041399786,0.272435278,0.609790969,0.209813272,0.09166399,0.068140536,0.127587211,0.597347845,-0.287232212,6.080725465,,,,
1189.png,Canny,512,512,FALSE,,0.9,66516,57438,2852,22.15246701,4,59.35046174,63178.8359,5048,0.079900174,7.990017429,4.51416991,0.990163326,0.980848915,0.253738403,0.252292985,658,431,1089,0.474240571,0.098819597,0.6542777,0.029214109,0.407082749,0.012900867,1,0.609790969,0.417686153,0.245952708,0.183151378,0.30959923,0.93869329,-0.017483971,3.890632982,,,,
119.png,SLoG,512,512,FALSE,,0.35,111731,58213,1991,36.03280529,2,51.21320344,71741.31533,5091,0.070963293,7.096329328,2.77524881,0.987932265,0.976637521,0.42621994,0.426751141,1393,1184,2577,0.417956233,0.068386786,0.744349573,0.027949084,0.524861878,0.009671379,0.525084853,0.700880885,0.40864177,0.407399468,0.256296932,0.408019673,0.991976416,-0.01217202,3.888918872,,,,
119.png,LoG,512,512,FALSE,,0.169922039,77133,51460,6552,9.439558552,2,9.828427125,61847.98763,12064,0.195058893,19.5058893,10.59371574,0.969549179,0.941197046,0.294239044,0.316327297,570,910,1480,0.373920143,0.347454333,0.903388278,0.136824718,0.589896215,0.028002332,0.258921236,0.700880885,0.293425806,0.216839295,0.142455687,0.249385054,0.658424711,-0.258601876,4.670466676,,,,
119.png,Canny,512,512,FALSE,,0.9,71120,64560,2144,32.16123077,6.414213562,84.2747258,68953.67876,4134,0.059953291,5.995329146,3.109333742,0.993494451,0.987407063,0.27130127,0.269851267,515,213,728,0.427236527,0.063150558,0.575559701,0.017905824,0.347481343,0.006598513,1,0.700880885,0.413221224,0.260501418,0.190158827,0.319552018,0.964876055,-0.013848931,3.785061649,,,,
1194.png,SLoG,512,512,FALSE,,0.35,95208,59066,4453,15.85302121,2,20.89949494,70593.50343,8441,0.119571909,11.95719095,6.307945893,0.987158418,0.974977144,0.363189697,0.375800388,1146,1231,2377,0.35920769,0.16960688,0.809791152,0.065062811,0.545250393,0.021653743,0.501776159,0.714241445,0.387305641,0.355053041,0.227354328,0.370478716,0.992222353,-0.005152323,4.174199577,,,,
1194.png,LoG,512,512,FALSE,,0.169922352,35180,22750,3219,8.335674229,1,8,26832.53534,5131,0.191223078,19.12230781,11.99663006,0.939736247,0.892923077,0.13420105,0.148058651,295,362,657,0.286650717,0.356043956,0.922646785,0.169538462,0.688101895,0.041274725,0.276834697,0.714241445,0.240432187,0.086837754,0.06814354,0.127592477,0.666011412,-0.188008128,5.364952402,,,,
1194.png,Canny,512,512,FALSE,,0.9,61652,55498,2381,24.80618859,4.414213562,64.21320344,59063.53504,4118,0.069721529,6.972152948,4.031252105,0.988495052,0.978143357,0.235183716,0.233698604,319,224,543,0.389614195,0.087444593,0.637967241,0.025388302,0.389332213,0.010072435,1,0.714241445,0.400572839,0.22835988,0.170198924,0.290888874,0.979728638,-0.009234174,4.055040178,,,,
1199.png,SLoG,512,512,FALSE,,0.35,124209,63013,1130,75.10410549,1,10.41421356,84867.6392,3799,0.044763823,4.476382324,1.331485135,0.98932761,0.979194769,0.473819733,0.474978505,1550,1824,3374,0.421104282,0.039531525,0.897345133,0.017948677,0.677876106,0.00736356,0.515822828,0.725708866,0.404289907,0.464291841,0.275687886,0.432218397,1.003050398,-0.003351075,4.37351153,,,,
1199.png,LoG,512,512,FALSE,,0.197265953,76158,49267,5195,12.09384682,2,10.41421356,62827.53424,9890,0.157415059,15.74150589,8.268667652,0.963687658,0.930298171,0.290519714,0.314231575,550,896,1446,0.364042789,0.282054925,0.893936477,0.11557432,0.596727623,0.023200114,0.306654125,0.725708866,0.254383169,0.193269085,0.123377418,0.219654439,0.631893765,-0.255272427,5.515058765,,,,
1199.png,Canny,512,512,FALSE,,0.9,69906,63616,1859,36.64277869,6,91.01909089,68118.92559,3498,0.051351368,5.135136777,2.729050677,0.994199574,0.988697812,0.266670227,0.264818819,410,136,546,0.424018413,0.055976484,0.58633674,0.016096579,0.356643357,0.006051937,1,0.725708866,0.391322164,0.250557546,0.180292633,0.305504971,0.930083095,-0.022961831,4.422162216,,,,
1200.png,SLoG,512,512,FALSE,,0.35,141391,67876,365,273.9606751,1,6.414213562,99995.6464,1749,0.017490761,1.749076148,0.365015891,0.990048051,0.980582238,0.539363861,0.534631248,1409,2215,3624,0.406036139,0.01023926,0.917808219,0.005996228,0.753424658,0.002416171,0.515289426,0.753473902,0.399285608,0.532373876,0.295608548,0.456323862,0.985649016,-0.014579757,4.890638248,,,,
1200.png,LoG,512,512,FALSE,,0.228516057,70683,45934,4678,12.80671984,2,9,59909.8354,8614,0.143782735,14.37827352,7.808400689,0.960388839,0.925327644,0.269634247,0.293096316,450,797,1247,0.327240527,0.271411155,0.908721676,0.111529586,0.607310817,0.024513432,0.359785467,0.753473902,0.199600798,0.145898684,0.092046523,0.168576193,0.537577161,-0.325450433,6.855227166,,,,
1200.png,Canny,512,512,FALSE,,0.9,72643,66351,1526,46.70869326,7,118.0269119,71277.46592,3042,0.042678285,4.267828494,2.140929087,0.99524498,0.99059547,0.277111053,0.27600112,411,111,522,0.404078811,0.041627104,0.547182176,0.011876234,0.324377457,0.004099411,1,0.753473902,0.377492468,0.259835134,0.181895778,0.307803415,0.938135985,-0.020169299,5.022127817,,,,
1201.png,SLoG,512,512,FALSE,,0.35,118128,61214,1250,63.06019598,1,26.32375901,78825.24498,3812,0.048360141,4.836014149,1.585786381,0.989798069,0.980331297,0.450622559,0.453114302,1349,1533,2882,0.357897401,0.041836835,0.8208,0.018770216,0.6152,0.007334923,0.510562479,0.783550525,0.379172576,0.439011302,0.255416932,0.406903755,0.998437654,-0.004227769,4.830144488,,,,
1201.png,LoG,512,512,FALSE,,0.185547322,73988,48256,4134,15.54942332,1.414213562,8.656854249,64281.31599,7650,0.119008142,11.90081423,6.43110667,0.966936767,0.937748674,0.282241821,0.309506508,465,824,1289,0.294165075,0.229339357,0.91509434,0.097770225,0.632801161,0.021199436,0.292236149,0.783550525,0.214678301,0.169780945,0.104733152,0.189608055,0.590264884,-0.276673982,6.271096382,,,,
1201.png,Canny,512,512,FALSE,,0.9,70265,65139,1651,41.70519213,7.414213562,120.0121933,68855.2722,3094,0.044934831,4.493483071,2.397782983,0.99437356,0.988931362,0.268039703,0.267785063,276,82,358,0.358265966,0.050092878,0.553603876,0.013049018,0.315566323,0.004283148,1,0.783550525,0.367051479,0.251156451,0.175254258,0.298240583,0.938241859,-0.023324205,4.848301841,,,,
1203.png,SLoG,512,512,FALSE,,0.35,139785,64895,469,197.2718269,1,7.048528137,92520.48681,2079,0.022470699,2.247069889,0.506914756,0.989182532,0.979289622,0.533237457,0.520611738,1367,2137,3504,0.416688293,0.016765544,0.933901919,0.007750982,0.699360341,0.00281994,0.520691872,0.761279881,0.412206906,0.524562736,0.300091604,0.461646861,0.996223535,-0.003312302,4.011074978,,,,
1203.png,LoG,512,512,FALSE,,0.220703274,84077,53785,4435,16.21006559,2,10.82842712,71891.64087,9008,0.125299686,12.52996856,6.169006502,0.973040819,0.948201171,0.320728302,0.3501539,561,1032,1593,0.352788091,0.221716092,0.885005637,0.085637259,0.572717024,0.018109138,0.345457703,0.761279881,0.251600988,0.215347348,0.131264468,0.23206681,0.601998517,-0.288686901,5.165682627,,,,
1203.png,Canny,512,512,FALSE,,0.9,70646,64808,1661,41.67533139,7.242640687,108.4264069,69222.72545,3189,0.046068686,4.606868596,2.399501015,0.99441427,0.989137144,0.269493103,0.271973327,364,130,494,0.406578928,0.046768917,0.550270921,0.013254536,0.329921734,0.0047525,1,0.761279881,0.384835104,0.25584045,0.181580424,0.307351781,0.911112221,-0.027314235,4.179369466,,,,
1204.png,SLoG,512,512,FALSE,,0.35,123523,63385,1102,75.8620172,1,13.2254834,83599.94296,3656,0.043732087,4.373208726,1.318182718,0.989839852,0.980500118,0.47120285,0.474097272,1413,1781,3194,0.353129506,0.037422103,0.872958258,0.017354264,0.656079855,0.006468407,0.502662778,0.795232558,0.364691487,0.451359092,0.252680014,0.403423079,0.997202827,-0.006560779,5.06286831,,,,
1204.png,LoG,512,512,FALSE,,0.193359539,61478,40068,3599,14.20106733,2,11,51109.64132,6834,0.133712541,13.37125408,7.041724237,0.961378157,0.927573126,0.234519958,0.258215982,444,730,1174,0.288986593,0.237096935,0.888024451,0.100379355,0.609058072,0.020465209,0.307096153,0.795232558,0.205154085,0.138290518,0.090045158,0.165213629,0.607433689,-0.242259548,6.610969212,,,,
1204.png,Canny,512,512,FALSE,,0.9,69197,64494,1690,40.18868161,7.742640687,109.6688384,67918.87191,3133,0.046128564,4.612856356,2.488262765,0.993828893,0.987952368,0.263965607,0.264340662,228,119,347,0.357165277,0.049120848,0.54260355,0.013598164,0.322485207,0.004543058,1,0.795232558,0.360727689,0.248927321,0.172729142,0.294576361,0.947113777,-0.016566574,5.038176666,,,,
1206.png,SLoG,512,512,FALSE,,0.35,91619,52088,4514,13.01319562,2,27.3137085,58741.56505,7866,0.133908587,13.39085874,7.684507548,0.984641373,0.97053064,0.349498749,0.355214362,845,663,1508,0.410517812,0.191944402,0.771377935,0.070380894,0.511962782,0.02288435,0.519493401,0.686237228,0.366050633,0.308477585,0.201062045,0.334807091,0.982996296,-0.021399373,4.446745229,,,,
1206.png,LoG,512,512,FALSE,,0.185547501,44779,29848,4085,9.033163401,1,7.828427125,36900.47249,6674,0.180864893,18.08648928,11.07031895,0.943848848,0.897413562,0.170818329,0.185242467,295,498,793,0.339175075,0.342166979,0.925336597,0.163595551,0.676376989,0.038394532,0.292514443,0.686237228,0.222663614,0.097854712,0.072937803,0.135959052,0.641767725,-0.24787762,5.905687467,,,,
1206.png,Canny,512,512,FALSE,,0.9,67505,60164,2319,27.98074905,5.242640687,77.7764502,64887.35705,4289,0.066099163,6.609916315,3.573885739,0.991622925,0.983761053,0.257511139,0.255184428,518,288,806,0.438883573,0.077621169,0.617507546,0.021374909,0.369555843,0.008659664,1,0.686237228,0.401928999,0.243329881,0.178646429,0.303138286,0.942933582,-0.020032371,4.116474196,,,,
1210.png,SLoG,512,512,FALSE,,0.35,121338,62911,1118,72.89272584,1,16.70832611,81494.06749,3572,0.043831411,4.383141142,1.371879002,0.99058193,0.981624835,0.462867737,0.466450721,1358,1573,2931,0.349629402,0.038816741,0.84078712,0.016722036,0.610912343,0.005976697,0.504891455,0.799863243,0.357357736,0.447633553,0.24799825,0.39743365,0.992857539,-0.006514398,5.494458207,,,,
1210.png,LoG,512,512,FALSE,,0.208984986,68331,44475,3404,17.84504792,1.414213562,9.414213562,60744.54312,6372,0.104898311,10.48983114,5.603795543,0.966014624,0.936413716,0.260662079,0.28681682,469,822,1291,0.287823766,0.196357504,0.902761457,0.087217538,0.636603995,0.019808881,0.333237261,0.799863243,0.188987681,0.145563265,0.089595978,0.164457248,0.567341479,-0.278543275,7.256694685,,,,
1210.png,Canny,512,512,FALSE,,0.9,70319,65135,1671,41.19836817,7,117.5269119,68842.47321,3115,0.045248229,4.52482291,2.427280605,0.994204342,0.988654333,0.268245697,0.269032825,253,93,346,0.352740884,0.049589315,0.554159186,0.013310816,0.323758229,0.00455976,1,0.799863243,0.350474733,0.253206972,0.17233621,0.294004755,0.943041949,-0.017281722,5.510756958,,,,
1216.png,SLoG,512,512,FALSE,,0.35,93055,53934,4219,14.29680938,2,29.53380951,60318.23879,7217,0.119648719,11.96487189,6.994567621,0.985259771,0.971891571,0.354976654,0.3623074,833,700,1533,0.360748082,0.166703749,0.777198388,0.065116624,0.536620052,0.022898357,0.515566111,0.749682367,0.360993268,0.325002595,0.206311767,0.342053808,0.98468115,-0.014972556,4.617163343,,,,
1216.png,LoG,512,512,FALSE,,0.173828423,45935,30866,3852,9.70947947,1,8.414213562,37400.91492,6378,0.170530588,17.05305877,10.29921329,0.950528085,0.909188103,0.175228119,0.191303186,289,503,792,0.308924049,0.315849154,0.916666667,0.149614463,0.669003115,0.033823625,0.273587555,0.749682367,0.229596961,0.109143747,0.079886961,0.147954302,0.66767965,-0.218640303,5.889669814,,,,
1216.png,Canny,512,512,FALSE,,0.9,67277,61775,2096,31.13699277,5.828427125,84.26345597,65263.13685,3787,0.058026632,5.802663162,3.211613939,0.992027521,0.984767301,0.256641388,0.255503903,329,207,536,0.3776443,0.065171995,0.590648855,0.019020639,0.36259542,0.0072845,1,0.749682367,0.387393131,0.245957447,0.17708201,0.300883046,0.965219962,-0.015155284,4.423516804,,,,
1223.png,SLoG,512,512,FALSE,,0.35,106356,59538,2550,27.94376461,2,37.82842712,71256.59975,5525,0.077536678,7.753667758,3.578615888,0.989401698,0.979508885,0.405715942,0.409546823,1130,1034,2164,0.342623949,0.092025261,0.774117647,0.035540327,0.534509804,0.012311465,0.522161186,0.799138606,0.385726849,0.391926853,0.24131247,0.388802136,1.007655226,0.000302948,4.199432076,,,,
1223.png,LoG,512,512,FALSE,,0.201172203,66710,44987,4713,11.90929486,1.414213562,9.828427125,56128.50668,8327,0.148355987,14.83559869,8.396802763,0.964311898,0.933558584,0.254478455,0.277505329,492,814,1306,0.29141888,0.273256719,0.900700191,0.116011292,0.623806493,0.026829973,0.31122449,0.799138606,0.260552646,0.179385942,0.118869756,0.212481847,0.679681478,-0.209200798,5.006350954,,,,
1223.png,Canny,512,512,FALSE,,0.9,67864,62680,1845,35.91673091,6.828427125,95.05584412,66266.36852,3360,0.050704453,5.070445348,2.784217758,0.992828667,0.985992342,0.258880615,0.257055628,277,123,400,0.350269943,0.055216975,0.558265583,0.014821315,0.324661247,0.005520102,1,0.799138606,0.375741284,0.239628033,0.171393112,0.292631245,0.919038324,-0.027002518,4.293987664,,,,
1224.png,SLoG,512,512,FALSE,,0.35,139518,64625,464,194.2455202,1,8.948528137,90129.92138,1933,0.021446818,2.144681778,0.514812387,0.989918768,0.980688588,0.532218933,0.521535675,1203,2058,3261,0.355220616,0.015907157,0.905172414,0.007257253,0.672413793,0.00298646,0.512642682,0.787623429,0.386517125,0.525938649,0.286650409,0.445576214,0.988992111,-0.010794203,5.315478084,,,,
1224.png,LoG,512,512,FALSE,,0.220703423,68137,43584,4032,13.41741969,2,9.414213562,54099.0362,7492,0.138486756,13.84867555,7.452997842,0.964023471,0.933002937,0.259922028,0.285284794,469,804,1273,0.2915847,0.253533407,0.905753968,0.102354075,0.60094246,0.020374449,0.35022828,0.787623429,0.190367006,0.141694381,0.088413781,0.162463545,0.54848527,-0.309796562,7.488364004,,,,
1224.png,Canny,512,512,FALSE,,0.9,69572,65430,1522,45.03749508,8.414213562,124.3075252,68547.06751,2876,0.041956572,4.195657239,2.220372155,0.994604945,0.989515513,0.265396118,0.267350978,247,92,339,0.350497395,0.044933517,0.532851511,0.010224668,0.285808147,0.003912578,1,0.787623429,0.366107277,0.255371521,0.177075668,0.300873892,0.945405235,-0.015630438,5.460525563,,,,
1225.png,SLoG,512,512,FALSE,,0.35,132223,65975,648,140.2242476,1,10.41421356,90865.31243,2528,0.027821398,2.782139776,0.713143424,0.990890503,0.982326639,0.504390717,0.502582719,1215,1920,3135,0.359799385,0.021614248,0.890432099,0.010382721,0.666666667,0.003395225,0.501120389,0.801515424,0.373900453,0.493199382,0.270117966,0.425343115,0.986715569,-0.011137261,5.329599122,,,,
1225.png,LoG,512,512,FALSE,,0.224609807,58152,38109,3230,15.43520157,2,9.414213562,49855.70106,5983,0.120006336,12.00063357,6.478697383,0.960035682,0.925450681,0.221832275,0.244516981,380,682,1062,0.286496073,0.228686137,0.905572755,0.096958724,0.619504644,0.019601669,0.360879481,0.801515424,0.175537588,0.1126518,0.073671899,0.137233542,0.543735562,-0.292034825,7.653228652,,,,
1225.png,Canny,512,512,FALSE,,0.9,70811,66113,1555,44.80099557,7.656854249,124.4735065,69665.5481,2970,0.042632263,4.263226345,2.232093255,0.994494259,0.989139806,0.270122528,0.269717415,273,102,375,0.358267456,0.044892835,0.544694534,0.01197949,0.31318328,0.003826781,1,0.801515424,0.360412345,0.255133584,0.175619913,0.298769885,0.945313457,-0.016104666,5.421603856,,,,
1228.png,SLoG,512,512,FALSE,,0.35,143548,67587,385,261.7560256,1,6,100776.0699,1657,0.016442396,1.644239553,0.38203514,0.989872336,0.980514004,0.547592163,0.541535965,1328,2217,3545,0.418562025,0.012783523,0.950649351,0.006376966,0.745454545,0.002530072,0.528513014,0.73304143,0.405373886,0.548923843,0.30408032,0.466352134,0.992172976,-0.008810534,5.062762886,,,,
1228.png,LoG,512,512,FALSE,,0.228516906,83370,52954,4994,13.93442932,2,9.414213562,69588.54001,9713,0.13957758,13.95775799,7.176468998,0.969822884,0.942195113,0.318031311,0.344772349,513,999,1512,0.345993668,0.247290101,0.904885863,0.10595989,0.611934321,0.021301507,0.358540326,0.73304143,0.213179188,0.183783388,0.109504106,0.197392882,0.54438609,-0.343687443,6.850936557,,,,
1228.png,Canny,512,512,FALSE,,0.9,72154,66087,1653,42.8943326,7.828427125,102.5126984,70904.33179,3297,0.046499275,4.649927468,2.331310314,0.994930923,0.989952638,0.275245667,0.27495462,461,146,607,0.415205419,0.045001286,0.542044767,0.012695386,0.328493648,0.004781576,1,0.73304143,0.378780043,0.260421678,0.182482394,0.308642893,0.944990121,-0.018108803,5.258838002,,,,
1229.png,SLoG,512,512,FALSE,,0.35,148105,70136,300,347.9591831,1,7,104387.7549,1373,0.013152884,1.31528837,0.28739003,0.991523623,0.983546253,0.564975739,0.554580258,1086,1999,3085,0.346730322,0.009353257,0.923333333,0.00473366,0.73,0.001825026,0.504093587,0.816775811,0.382466259,0.568605606,0.296445795,0.457320771,0.986611136,-0.010836119,5.770162761,,,,
1229.png,LoG,512,512,FALSE,,0.244141281,58825,38507,2699,19.31754417,1,9.828427125,52138.05171,5148,0.098737867,9.873786671,5.176641458,0.96386373,0.933804243,0.224399567,0.246803348,478,696,1174,0.242869258,0.184485938,0.901074472,0.079647856,0.631344943,0.017113772,0.394045532,0.816775811,0.14188764,0.093874841,0.059879122,0.112992361,0.486318123,-0.319111223,8.530647221,,,,
1229.png,Canny,512,512,FALSE,,0.9,72695,67522,1592,44.8434879,7,131.6217388,71390.83273,2969,0.041587973,4.158797266,2.229978191,0.994609177,0.989440479,0.277309418,0.277019369,274,70,344,0.336509705,0.046236782,0.557788945,0.01207014,0.320351759,0.004220847,1,0.816775811,0.348986983,0.259162981,0.174702634,0.297441461,0.943506392,-0.019500729,6.051022378,,,,
123.png,SLoG,512,512,FALSE,,0.35,70819,48552,7722,6.799413182,1.414213562,10.65685425,52505.06859,12720,0.242262325,24.22623252,14.70715153,0.971844614,0.94620201,0.270153046,0.287373089,635,722,1357,0.437730551,0.401095732,0.893162393,0.166522491,0.613960114,0.043273192,0.505681336,0.426710624,0.303627531,0.205438334,0.139642382,0.245063511,0.954581453,-0.042292847,5.350315201,,,,
123.png,LoG,512,512,FALSE,,0.173828453,25991,16016,2451,8.477241078,1,5.414213562,20777.71788,3763,0.181107474,18.11074739,11.79629069,0.924575448,0.869755245,0.099147797,0.108617598,197,267,464,0.349592,0.352397602,0.949408405,0.196553447,0.750305998,0.049575425,0.299978495,0.426710624,0.1553144,0.039719718,0.032663764,0.06326118,0.57433604,-0.28181466,8.261636224,,,,
123.png,Canny,512,512,FALSE,,0.9,54424,45056,2976,16.77466324,3.414213562,43.69238816,49921.39781,4650,0.09314643,9.314643027,5.961371537,0.974886835,0.952237216,0.207611084,0.206802289,528,347,875,0.537872076,0.125909979,0.670026882,0.042236328,0.445228495,0.019309304,1,0.426710624,0.415676287,0.202397355,0.157567307,0.272238695,1.03072205,0.012193027,4.167481835,,,,
1230.png,SLoG,512,512,FALSE,,0.35,114002,60211,1527,49.29793295,1.414213562,32.47939392,75277.94361,4160,0.055261871,5.526187088,2.028482616,0.990724266,0.981963429,0.434883118,0.441665305,1247,1307,2554,0.335722119,0.051917424,0.791748527,0.022554018,0.57956778,0.008287522,0.518886805,0.805507922,0.386214878,0.430048694,0.255457186,0.406954836,1.004968893,0.000359222,4.447961926,,,,
1230.png,LoG,512,512,FALSE,,0.193359852,77740,50459,4051,16.12206452,2,10.82842712,65310.48337,7783,0.11916923,11.91692298,6.202679556,0.970054924,0.943221229,0.296554565,0.3234625,600,958,1558,0.280966848,0.218355497,0.890397433,0.084979885,0.58775611,0.01858935,0.303126574,0.805507922,0.24138333,0.196845986,0.121611569,0.216851488,0.632739018,-0.243250967,5.457813188,,,,
1230.png,Canny,512,512,FALSE,,0.9,68974,64088,1615,41.92498871,7.414213562,108.9730014,67708.85676,2958,0.043687047,4.368704689,2.38521233,0.993821025,0.988047684,0.263114929,0.263064399,247,116,363,0.339467376,0.047153913,0.549845201,0.012685682,0.322600619,0.004681064,1,0.805507922,0.374157894,0.248148891,0.175361464,0.298395803,0.936523375,-0.02302437,4.549751959,,,,
1241.png,SLoG,512,512,FALSE,,0.35,115964,60693,1413,54.09208103,2,32.70782105,76432.11049,3985,0.052137773,5.213777265,1.848699442,0.990682602,0.981908952,0.442367554,0.445834556,1260,1341,2601,0.344461858,0.050038719,0.786978061,0.019903449,0.547062987,0.00693655,0.515892804,0.798839986,0.37805635,0.434642996,0.253431005,0.404379665,1.006456545,0.001092811,5.16179898,,,,
1241.png,LoG,512,512,FALSE,,0.193359852,76056,49220,4016,16.46369864,1.414213562,9,66118.21375,7541,0.114053293,11.40532929,6.073969293,0.967889071,0.939272653,0.290130615,0.317282294,532,904,1436,0.278288811,0.216863064,0.912599602,0.091121495,0.625498008,0.02001219,0.304279894,0.798839986,0.223481995,0.182848246,0.11181118,0.201133397,0.605057459,-0.263463434,6.297984017,,,,
1241.png,Canny,512,512,FALSE,,0.9,69375,64121,1733,39.24062568,6.414213562,117.515137,68004.00431,3174,0.046673722,4.667372212,2.548379346,0.99398011,0.988256577,0.264644623,0.263934426,252,100,352,0.345989585,0.052011042,0.568955568,0.014472638,0.336987882,0.005052947,1,0.798839986,0.368556496,0.250843316,0.175443505,0.298514568,0.941596757,-0.019681234,5.237766255,,,,
1248.png,SLoG,512,512,FALSE,,0.35,122307,61787,1018,77.04299637,1,21.24264069,78429.77031,3273,0.041731603,4.173160252,1.297976516,0.989787519,0.980416592,0.466564178,0.467881012,1180,1504,2684,0.357430428,0.036269765,0.837917485,0.015165002,0.604125737,0.005535145,0.513805866,0.79551959,0.372973263,0.452575554,0.257020967,0.408936643,0.995717274,-0.005854973,5.223180658,,,,
1248.png,LoG,512,512,FALSE,,0.197266206,73822,47717,4059,15.31572672,2,9.414213562,62166.53475,7708,0.123989539,12.39895392,6.529236375,0.965965986,0.935850955,0.281608582,0.306983043,477,868,1345,0.300885469,0.226711654,0.904902685,0.09904227,0.628233555,0.018986944,0.310274541,0.79551959,0.213163413,0.169709058,0.104344117,0.188970295,0.598828697,-0.273789546,6.697196465,,,,
1248.png,Canny,512,512,FALSE,,0.9,70200,65637,1694,40.68291354,6.414213562,100.1617316,68916.85554,3259,0.047288867,4.728886677,2.458034376,0.993898273,0.988055517,0.267791748,0.267033367,315,104,419,0.359410435,0.051038286,0.570838253,0.01354419,0.321133412,0.004326828,1,0.79551959,0.363996369,0.252081256,0.175000941,0.297873703,0.950907078,-0.017763792,5.255510306,,,,
1249.png,SLoG,512,512,FALSE,,0.35,137692,66933,453,207.106492,1,11.37989899,93819.24086,1871,0.019942604,1.994260434,0.482843387,0.991618454,0.983834581,0.525253296,0.520591845,1244,1815,3059,0.348366231,0.015627568,0.883002208,0.006947246,0.662251656,0.002569734,0.512460709,0.806711376,0.371872762,0.517525981,0.276139202,0.432772853,0.994226997,-0.006304006,6.183447777,,,,
1249.png,LoG,512,512,FALSE,,0.236328274,65261,43131,3123,19.12173019,1,9.414213562,59717.16339,5935,0.099385163,9.938516271,5.229652285,0.964457095,0.934316385,0.248950958,0.273100108,455,796,1251,0.26742509,0.180079293,0.904258726,0.085112796,0.657380724,0.019035033,0.377478689,0.806711376,0.166768929,0.121752374,0.075701872,0.140748796,0.534516132,-0.300086657,8.365542005,,,,
1249.png,Canny,512,512,FALSE,,0.9,71367,66346,1648,42.70029099,6.414213562,118.3719913,70370.07956,3097,0.044010182,4.401018188,2.341904415,0.994475901,0.989193018,0.2722435,0.272392139,288,87,375,0.345754534,0.049166491,0.569781553,0.013158291,0.32342233,0.004295662,1,0.806711376,0.349630131,0.254591471,0.172770453,0.294636435,0.942346072,-0.01799581,6.344990362,,,,
1250.png,SLoG,512,512,FALSE,,0.35,149336,64277,288,325.843964,1,6.414213562,93843.06163,1387,0.014779995,1.477999519,0.306895358,0.988051713,0.977410271,0.569671631,0.547236759,1312,2175,3487,0.410116315,0.009832444,0.9375,0.004962895,0.743055556,0.001991381,0.515897453,0.755450845,0.410113623,0.558244125,0.309628233,0.47284905,0.984408662,-0.015662983,4.58249637,,,,
1250.png,LoG,512,512,FALSE,,0.212890759,73549,46745,4520,13.25671817,2,10,59920.36613,8767,0.146310855,14.6310855,7.543345096,0.96717298,0.937768745,0.280567169,0.311364919,412,858,1270,0.322640836,0.263792919,0.896681416,0.105187721,0.585619469,0.020793668,0.339343697,0.755450845,0.200188111,0.155043179,0.095738509,0.174747,0.51850331,-0.347392782,6.59218396,,,,
1250.png,Canny,512,512,FALSE,,0.9,70479,64766,1638,42.08419727,7.656854249,116.4404112,68933.91513,3247,0.047103084,4.710308408,2.376188843,0.994734883,0.989763147,0.268856049,0.27679947,388,113,501,0.403423041,0.048358707,0.545177045,0.013263132,0.313186813,0.003921811,1,0.755450845,0.380866952,0.262230527,0.183856403,0.310605919,0.917935459,-0.024113719,4.80086283,,,,
1257.png,SLoG,512,512,FALSE,,0.35,138123,67461,431,217.1446496,1,12.82842712,93589.34396,1897,0.020269402,2.026940162,0.460522514,0.991773009,0.984050044,0.52689743,0.519514869,1120,1855,2975,0.3349877,0.014660322,0.865429234,0.006477817,0.633410673,0.002075273,0.507059216,0.823555529,0.373106915,0.523901093,0.278632705,0.435829154,0.993633113,-0.00512156,5.654738267,,,,
1257.png,LoG,512,512,FALSE,,0.228515998,65104,43055,2944,19.92808279,1,8.828427125,58668.27573,5575,0.095025803,9.50258028,5.018044187,0.967808604,0.940564394,0.248352051,0.272233057,542,849,1391,0.246749803,0.177006155,0.908627717,0.07706422,0.639945652,0.01795378,0.366946965,0.823555529,0.160048579,0.1177635,0.072781801,0.135687987,0.523461045,-0.293655372,7.913076109,,,,
1257.png,Canny,512,512,FALSE,,0.9,70912,66176,1666,41.88909272,6.414213562,124.9055916,69787.22848,3109,0.044549699,4.454969867,2.387256288,0.994046152,0.988364362,0.270507813,0.270906397,253,74,327,0.330934227,0.052541707,0.583433373,0.014355658,0.339135654,0.004125363,1,0.823555529,0.346752765,0.253896794,0.171747314,0.293147357,0.946073769,-0.015494422,5.798520119,,,,
1263.png,SLoG,512,512,FALSE,,0.35,142501,68643,333,304.2479499,1,6,101314.5673,1713,0.016907736,1.690773642,0.328679289,0.990181088,0.980901184,0.543598175,0.538163992,1323,2185,3508,0.409457415,0.0109698,0.93993994,0.005535889,0.723723724,0.00186472,0.515105903,0.749369383,0.39828867,0.537689287,0.296687314,0.457608108,0.981957688,-0.017558231,4.999935418,,,,
1263.png,LoG,512,512,FALSE,,0.224610075,67072,44241,4424,13.14509384,2,9.414213562,58153.89514,8297,0.14267316,14.26731603,7.607401,0.959607601,0.924165367,0.255859375,0.279239944,422,765,1187,0.324733078,0.267738071,0.903707052,0.111096042,0.609177215,0.022942519,0.355272442,0.749369383,0.198833653,0.139279188,0.089212804,0.163811523,0.537310604,-0.318120001,6.908837345,,,,
1263.png,Canny,512,512,FALSE,,0.9,73165,66749,1729,41.39831771,7.242640687,103.8724963,71577.69132,3463,0.048380996,4.838099604,2.415557094,0.995243371,0.990531693,0.279102325,0.278658054,434,129,563,0.404567957,0.051596279,0.563331405,0.013393459,0.322729902,0.004479468,1,0.749369383,0.375512657,0.262491336,0.182725977,0.308991229,0.94767637,-0.020113102,5.181069694,,,,
1266.png,SLoG,512,512,FALSE,,0.35,143125,66855,403,247.3628245,1,7,99687.21826,1711,0.017163685,1.716368487,0.404264465,0.990427017,0.981392566,0.545978546,0.533668784,1423,2170,3593,0.434026271,0.013626505,0.937965261,0.005908309,0.697270471,0.002752225,0.521606982,0.70792557,0.421954554,0.544147449,0.311753676,0.475323503,0.990661721,-0.006877259,4.749694109,,,,
1266.png,LoG,512,512,FALSE,,0.224609524,83291,53364,5007,14.40526928,2,9.242640687,72127.18329,9899,0.137243679,13.72436791,6.941904246,0.970045328,0.942620493,0.31772995,0.346030149,525,994,1519,0.358717591,0.244209579,0.904933094,0.105670489,0.615538246,0.021325238,0.351818085,0.70792557,0.235328333,0.196773801,0.120028431,0.214331043,0.546716658,-0.34095895,6.289830948,,,,
1266.png,Canny,512,512,FALSE,,0.9,72311,65578,1828,38.62162752,6.828427125,98.20681092,70600.33511,3630,0.051416187,5.141618654,2.589222837,0.994876325,0.9899204,0.275844574,0.277472378,491,144,635,0.426434547,0.053844277,0.564004376,0.01457806,0.330415755,0.005154168,1,0.70792557,0.396067883,0.265563572,0.189021752,0.317944985,0.945849948,-0.018410784,4.911330585,,,,
1267.png,SLoG,512,512,FALSE,,0.35,123432,64148,911,91.34228948,1,16.3137085,83212.82571,2897,0.034814345,3.481434473,1.094783157,0.990763545,0.982290952,0.470855713,0.476876691,1220,1547,2767,0.326406986,0.029478705,0.839736553,0.01337532,0.631174533,0.005315832,0.514519513,0.823283434,0.366884142,0.466634694,0.25848743,0.410790643,0.998053053,-0.001729258,5.38207875,,,,
1267.png,LoG,512,512,FALSE,,0.201172173,72486,47672,3383,19.16465464,1.414213562,9,64834.02666,6530,0.100718717,10.07187173,5.217939058,0.969478965,0.943279074,0.276512146,0.302382376,584,965,1549,0.261806607,0.184112267,0.908365356,0.082144655,0.644694059,0.018186776,0.32166031,0.823283434,0.189865715,0.153124617,0.092613954,0.169527314,0.562719651,-0.27372028,6.957058765,,,,
1267.png,Canny,512,512,FALSE,,0.9,70058,65400,1634,42.22885074,7,117.4972655,69001.94212,3073,0.044534978,4.453497838,2.368049289,0.993738532,0.987737003,0.267250061,0.268798274,262,94,356,0.330190569,0.046957187,0.547735618,0.013027523,0.318849449,0.004220183,1,0.823283434,0.352857899,0.252969585,0.17279972,0.294678992,0.940451494,-0.019864917,5.443343748,,,,
1271.png,SLoG,512,512,FALSE,,0.35,143116,68179,370,266.7206005,1,6.041421356,98686.62217,1585,0.016060941,1.606094084,0.374924171,0.990620255,0.981856583,0.545944214,0.539335165,1232,2055,3287,0.375933379,0.011836489,0.935135135,0.006072251,0.735135135,0.002288095,0.514246047,0.788566315,0.383328566,0.540681699,0.289164004,0.448607009,0.986199887,-0.01341123,5.366655282,,,,
1271.png,LoG,512,512,FALSE,,0.224609911,64224,42220,3690,14.83228453,2,10.82842712,54731.12992,6875,0.12561407,12.56140703,6.742049736,0.962517738,0.930601611,0.244995117,0.26695129,388,706,1094,0.301751941,0.229962103,0.891327913,0.097370914,0.612195122,0.020298437,0.356411189,0.788566315,0.175345161,0.122415823,0.077688512,0.144176191,0.540050056,-0.3035182,7.635846277,,,,
1271.png,Canny,512,512,FALSE,,0.9,72342,67327,1615,44.01470609,7.828427125,118.7837662,71083.75034,3078,0.043301036,4.330103554,2.271967914,0.995076299,0.990256509,0.27596283,0.276473948,347,88,435,0.370025694,0.04565776,0.544891641,0.011614954,0.309597523,0.004188513,1,0.788566315,0.356315599,0.257632589,0.175808804,0.299043183,0.946344667,-0.019324177,5.592555372,,,,
1272.png,SLoG,512,512,FALSE,,0.35,139161,67109,421,224.2277657,1,10,94399.88934,1817,0.019247904,1.924790392,0.445975099,0.990396202,0.981433191,0.530857086,0.525710038,1162,1999,3161,0.367068082,0.014379591,0.893111639,0.006511794,0.665083135,0.002294774,0.514578998,0.797080469,0.380630094,0.525147135,0.283169733,0.441359745,0.989706922,-0.009446612,5.342942933,,,,
1272.png,LoG,512,512,FALSE,,0.240234524,65534,42673,3721,14.76991555,1.414213562,9.414213562,54958.85575,6851,0.124656889,12.46568894,6.770519418,0.962118924,0.929580765,0.249992371,0.273211698,421,777,1198,0.296346188,0.231551567,0.902983069,0.0976027,0.622144585,0.021160921,0.381318212,0.797080469,0.182397628,0.130782635,0.08244837,0.152336818,0.555772851,-0.296815274,7.739853032,,,,
1272.png,Canny,512,512,FALSE,,0.9,71531,66874,1621,43.36656562,7.414213562,114.2132034,70297.20287,3154,0.04486665,4.486665004,2.305923897,0.994826078,0.989831624,0.27286911,0.272706392,307,96,403,0.362437367,0.049451207,0.554595928,0.011648772,0.299814929,0.003902862,1,0.797080469,0.353296989,0.252852274,0.172850143,0.294752308,0.937204513,-0.021906737,5.583959126,,,,
1274.png,SLoG,512,512,FALSE,,0.35,133390,65585,577,160.3740626,1,11,92535.83414,2361,0.02551444,2.551444013,0.623542226,0.990638077,0.981825112,0.508842468,0.505763242,1431,2076,3507,0.418868065,0.018891515,0.89254766,0.008950217,0.679376083,0.003537394,0.520881116,0.729470074,0.401577279,0.501172194,0.286902643,0.445880883,0.993596055,-0.008049394,5.137762445,,,,
1274.png,LoG,512,512,FALSE,,0.208984524,79044,51500,5008,13.69592833,2,8.828427125,68589.20906,9545,0.139161832,13.91618322,7.301440079,0.966106772,0.935339806,0.301528931,0.32721573,524,898,1422,0.353459239,0.256349515,0.911940895,0.111087379,0.623202875,0.022796117,0.326021731,0.729470074,0.232754761,0.187933118,0.116044155,0.207956208,0.582154672,-0.299525572,6.615990023,,,,
1274.png,Canny,512,512,FALSE,,0.9,72108,65660,1886,37.28982935,7,94.78427125,70328.61816,3649,0.051884995,5.188499498,2.68169637,0.994639039,0.989339019,0.27507019,0.273551028,441,141,582,0.416874111,0.054492842,0.559915164,0.014575084,0.324496288,0.00549802,1,0.729470074,0.383328998,0.258750142,0.18269988,0.308953917,0.950773119,-0.018893062,5.288402198,,,,
1276.png,SLoG,512,512,FALSE,,0.35,146836,65259,336,282.1200947,1,8.828427125,94792.35182,1466,0.015465383,1.546538272,0.354458976,0.988928735,0.979466434,0.560134888,0.540873023,1175,1981,3156,0.400180489,0.011845109,0.919642857,0.00568504,0.708333333,0.002038033,0.510199487,0.752603328,0.389599894,0.55595844,0.297138726,0.458144869,0.985137924,-0.016290046,5.972138177,,,,
1276.png,LoG,512,512,FALSE,,0.212890893,68147,43420,4052,13.63354461,2,8.828427125,55243.12277,7490,0.135582487,13.55824874,7.334849655,0.961377263,0.928327959,0.259960175,0.2860271,403,796,1199,0.300428838,0.250322432,0.912882527,0.106563795,0.622655479,0.02192538,0.341618389,0.752603328,0.144427301,0.108989499,0.066229137,0.124230589,0.472933988,-0.369992425,8.988494885,,,,
1276.png,Canny,512,512,FALSE,,0.9,71241,65927,1622,43.01464703,8,115.7582828,69769.75748,3221,0.046166134,4.616613439,2.324789506,0.993743062,0.98765301,0.271762848,0.275040768,387,102,489,0.386762381,0.047067211,0.53945746,0.012377326,0.30702836,0.003913419,1,0.752603328,0.360431534,0.261545968,0.178639321,0.303128052,0.946207748,-0.017786337,6.247737851,,,,
1277.png,SLoG,512,512,FALSE,,0.35,116926,62699,1302,59.78505183,2,34.43208512,77840.13748,3639,0.04674966,4.674966049,1.672658916,0.991387427,0.983396864,0.446037292,0.449120427,1223,1241,2464,0.327908874,0.044785403,0.788018433,0.018070464,0.55453149,0.00631589,0.521979332,0.82334342,0.367184441,0.431233849,0.247380587,0.396640111,1.010029116,0.003686997,5.181781658,,,,
1277.png,LoG,512,512,FALSE,,0.201172188,76520,51043,4100,16.34079268,1.414213562,9.414213562,66997.24997,7702,0.114959942,11.49599424,6.119654168,0.969359159,0.941715808,0.291900635,0.317571783,583,991,1574,0.273020387,0.213486668,0.905365854,0.091726583,0.630487805,0.019689282,0.314374715,0.82334342,0.233784728,0.194143927,0.118648491,0.212128282,0.642713164,-0.228171267,6.246773387,,,,
1277.png,Canny,512,512,FALSE,,0.9,69953,64933,1844,37.16357289,6,95.78183259,68529.62841,3352,0.04891315,4.891315009,2.690806944,0.993069768,0.986647775,0.266849518,0.26624206,282,138,420,0.33244276,0.055210756,0.581887202,0.0157085,0.349240781,0.00565198,1,0.82334342,0.360390683,0.250908852,0.173602746,0.295845841,0.948125339,-0.017393157,5.220492677,,,,
1278.png,SLoG,512,512,FALSE,,0.35,77985,51276,6787,8.248112241,1.414213562,12.93969696,55979.93778,10853,0.193873027,19.38730272,12.12398632,0.980370939,0.962419065,0.297489166,0.314338789,686,765,1451,0.380272835,0.317068414,0.869014292,0.127584055,0.597318403,0.039355644,0.495503306,0.598351836,0.323484001,0.253832978,0.165811593,0.284456929,0.969883002,-0.026741912,4.972945404,,,,
1278.png,LoG,512,512,FALSE,,0.193359539,24982,15624,1803,11.51647594,1,6.828427125,20764.20612,2893,0.139326299,13.93262994,8.683211818,0.948668718,0.910010241,0.095298767,0.104516016,196,276,472,0.300815523,0.27764977,0.936772047,0.14234511,0.716583472,0.036802355,0.330947846,0.598351836,0.155838437,0.040658813,0.03332021,0.064491547,0.58363665,-0.23581929,7.393386408,,,,
1278.png,Canny,512,512,FALSE,,0.9,60305,52506,2728,20.82193248,3.828427125,52.55634919,56802.2318,4872,0.085771278,8.577127775,4.802628196,0.985658765,0.972860245,0.230045319,0.228976303,507,380,887,0.44237268,0.107073477,0.66898827,0.033615206,0.424120235,0.012741401,1,0.598351836,0.402528824,0.230083135,0.171510428,0.292802222,1.034266066,0.005797609,4.250980411,,,,
128.png,SLoG,512,512,FALSE,,0.35,131780,63325,448,194.3093564,1,10.87989899,87050.59165,2316,0.026605218,2.660521837,0.514643257,0.99088037,0.98218713,0.502700806,0.501325325,1540,1908,3448,0.402480364,0.016833794,0.888392857,0.00682195,0.627232143,0.002479274,0.519843102,0.738067687,0.411117363,0.496418188,0.290121979,0.44975899,0.98880994,-0.009867268,4.29699643,,,,
128.png,LoG,512,512,FALSE,,0.197265774,78696,50524,5365,11.89375962,2,10.41421356,63810.02039,10293,0.161306954,16.13069536,8.40777039,0.966204166,0.935397039,0.300201416,0.322740415,445,890,1335,0.339560926,0.286873565,0.894874185,0.117468926,0.592357875,0.02268229,0.307257056,0.738067687,0.234332425,0.182157879,0.114191944,0.204977149,0.561214302,-0.324305568,5.687931857,,,,
128.png,Canny,512,512,FALSE,,0.9,72391,66813,1752,40.53477299,8.414213562,105.8529004,71016.92227,3427,0.048256104,4.825610418,2.46701764,0.994514525,0.989163785,0.27614975,0.275368872,392,140,532,0.400033504,0.048343885,0.52739726,0.012497568,0.304223744,0.004445243,1,0.738067687,0.394372138,0.261567205,0.186609453,0.314525479,0.932853045,-0.018990155,4.359396464,,,,
1283.png,SLoG,512,512,FALSE,,0.35,119045,60613,998,78.27094502,1,19.70832611,78114.40313,3333,0.042668188,4.266818751,1.277613295,0.990546584,0.98183558,0.454120636,0.460564,1262,1494,2756,0.360958219,0.036064871,0.828657315,0.0148483,0.600200401,0.005691848,0.514130473,0.781947279,0.376990522,0.450623599,0.258282235,0.410531482,0.993557131,-0.004841882,4.985177903,,,,
1283.png,LoG,512,512,FALSE,,0.193359524,75883,49207,4195,15.40739461,1.414213562,9.414213562,64634.02039,7830,0.121143632,12.11436323,6.490390006,0.967728198,0.939337899,0.289470673,0.317265961,489,854,1343,0.295544863,0.224358323,0.905125149,0.096978072,0.625983313,0.02030199,0.305629045,0.781947279,0.200964843,0.165476786,0.099808981,0.181502393,0.571730425,-0.290414434,6.557857003,,,,
1283.png,Canny,512,512,FALSE,,0.9,69741,65182,1683,40.68811962,7.414213562,116.2499567,68478.10532,3134,0.045766453,4.576645317,2.457719868,0.994438648,0.989214814,0.266040802,0.266925254,243,103,346,0.36330843,0.049538216,0.547237077,0.012994385,0.309566251,0.004341689,1,0.781947279,0.363789176,0.252018806,0.174922951,0.297760719,0.93487863,-0.020511008,5.088128126,,,,
1288.png,SLoG,512,512,FALSE,,0.35,107975,56035,2582,26.3782509,2,40.027417,68108.64383,5619,0.082500542,8.250054155,3.791001927,0.988069952,0.977139288,0.411891937,0.417814647,1228,1023,2251,0.426483721,0.093905595,0.772656855,0.040064246,0.554221534,0.013991255,0.533355832,0.690273988,0.406431752,0.393432279,0.249864375,0.399826381,0.986625475,-0.016836323,3.986813805,,,,
1288.png,LoG,512,512,FALSE,,0.181640774,66476,44430,5765,9.440357717,1.414213562,9.414213562,54423.66224,10362,0.190395125,19.03951255,10.59281894,0.963065505,0.929912221,0.253585815,0.276022289,531,805,1336,0.381460458,0.339657889,0.90633131,0.142156201,0.611274935,0.03067747,0.277979195,0.690273988,0.281856681,0.180248304,0.123520764,0.219881587,0.669163702,-0.248537854,4.898267707,,,,
1288.png,Canny,512,512,FALSE,,0.9,69635,62078,2283,29.45412373,5,78.85584412,67243.76448,4413,0.065626903,6.562690287,3.395110339,0.992992699,0.986355875,0.265636444,0.265443271,612,311,923,0.442975074,0.071732337,0.608409987,0.020796417,0.373631187,0.008102709,1,0.690273988,0.411847339,0.253283375,0.186003906,0.313664914,0.93167534,-0.023922723,3.917372035,,,,
1295.png,SLoG,512,512,FALSE,,0.35,138781,63983,455,197.5478192,1,10,89884.25774,1829,0.020348391,2.034839076,0.50620655,0.989950478,0.980557336,0.529407501,0.525991815,1193,1939,3132,0.389524072,0.016098026,0.894505495,0.007517622,0.665934066,0.002485035,0.509095013,0.771429718,0.378082475,0.519171436,0.28002799,0.437534167,0.9881347,-0.010064443,6.182389102,,,,
1295.png,LoG,512,512,FALSE,,0.224609658,61625,40124,3604,14.1545532,2,9.776955262,51013.00972,6598,0.129339555,12.93395555,7.064864473,0.959911764,0.925705314,0.235080719,0.256898856,412,703,1115,0.296666175,0.239731831,0.901498335,0.099018044,0.608490566,0.021333865,0.35550186,0.771429718,0.165596502,0.111060234,0.071210374,0.132953107,0.52554068,-0.324813583,9.216197004,,,,
1295.png,Canny,512,512,FALSE,,0.9,72102,66552,1545,45.84098197,7,121.2641702,70824.31715,3059,0.04319138,4.319138007,2.181454142,0.994853675,0.989797452,0.275047302,0.275348701,400,111,511,0.383298248,0.045498257,0.551456311,0.011299435,0.308737864,0.004041952,1,0.771429718,0.357518768,0.256996457,0.175803769,0.2990359,0.946825518,-0.01794447,6.352679101,,,,
1298.png,SLoG,512,512,FALSE,,0.35,96427,54883,3738,16.51323662,2,33.3137085,61726.47847,6784,0.109904212,10.99042124,6.055748023,0.985241354,0.972195397,0.367839813,0.373292571,767,702,1469,0.35592401,0.143815025,0.745050829,0.0548075,0.502140182,0.017491755,0.516876042,0.756454647,0.360387035,0.33577273,0.210393456,0.347644735,0.988091257,-0.014772525,4.890818437,,,,
1298.png,LoG,512,512,FALSE,,0.177734673,47008,31918,3800,10.05709649,1.414213562,9.242640687,38216.96665,6418,0.167935882,16.7935882,9.943227663,0.954022825,0.915345573,0.179321289,0.195511363,338,482,820,0.298876137,0.312425591,0.907631579,0.134218936,0.632631579,0.030828999,0.27856335,0.756454647,0.22205393,0.108357103,0.0785413,0.145643566,0.660638942,-0.221676979,6.428952483,,,,
1298.png,Canny,512,512,FALSE,,0.9,68350,62503,2189,30.23911713,5.414213562,78.45828278,66193.4274,4042,0.061063464,6.106346444,3.306974856,0.99187237,0.984352751,0.260734558,0.259445865,406,223,629,0.374380022,0.070540614,0.602101416,0.019439067,0.359524897,0.007199654,1,0.756454647,0.381464512,0.247017551,0.176373961,0.299860363,0.952213221,-0.01678786,4.698316597,,,,
130.png,SLoG,512,512,FALSE,,0.35,138188,64889,332,276.5002543,1,9.828427125,91798.08444,1751,0.019074472,1.90744721,0.36166332,0.990668654,0.982107907,0.527145386,0.523514841,1396,2038,3434,0.381681204,0.011789363,0.906626506,0.005193484,0.674698795,0.002049654,0.527341247,0.77163291,0.4138376,0.526516342,0.301596977,0.463426056,0.994557887,-0.005100092,4.264559876,,,,
130.png,LoG,512,512,FALSE,,0.197265908,82467,53122,4936,13.5207034,2,10.82842712,66738.19196,9640,0.144445028,14.44450279,7.396064914,0.970445395,0.943036783,0.314586639,0.340166635,549,981,1530,0.316653222,0.256447423,0.891207455,0.100259779,0.582050243,0.019577576,0.308239788,0.77163291,0.223760022,0.184980998,0.112675622,0.202530943,0.547079687,-0.331651275,5.763316037,,,,
130.png,Canny,512,512,FALSE,,0.9,73251,68256,1715,41.95894811,8.414213562,116.5185858,71959.59601,3274,0.045497754,4.549775404,2.383281862,0.995033383,0.990213315,0.279430389,0.279755302,321,115,436,0.376551718,0.044435654,0.525947522,0.012731481,0.316618076,0.004395218,1,0.77163291,0.389926513,0.26510261,0.18738136,0.315621192,0.930491807,-0.022360828,4.388231161,,,,
1301.png,SLoG,512,512,FALSE,,0.35,91038,56509,6131,10.46625714,2,19.24264069,64168.62255,11178,0.174197288,17.41972876,9.554513961,0.985453665,0.971703622,0.34728241,0.357925616,850,924,1774,0.429171652,0.263657117,0.825150873,0.099134651,0.541999674,0.026491355,0.498428971,0.545279634,0.363763025,0.303050107,0.198065816,0.330642629,0.956098952,-0.040755198,4.249099562,,,,
1301.png,LoG,512,512,FALSE,,0.193359539,28965,19403,3294,7.443057644,1,5,24517.43188,5033,0.205282512,20.52825118,13.43533865,0.919883549,0.857393187,0.110492706,0.121202724,206,321,527,0.344359666,0.409060455,0.960534305,0.213987528,0.733454766,0.05354842,0.319753557,0.545279634,0.194765231,0.054944841,0.044773865,0.085710156,0.645531055,-0.242991936,6.28016484,,,,
1301.png,Canny,512,512,FALSE,,0.9,60988,51796,3068,18.56653421,3,47.41492783,56962.12696,5243,0.092043614,9.204361354,5.386034834,0.984043181,0.969476407,0.232650757,0.229376637,586,424,1010,0.483850271,0.120125106,0.692307692,0.037995212,0.44654498,0.016854583,1,0.545279634,0.429103864,0.229094527,0.175578796,0.298710383,0.999771598,-0.001911155,3.760100233,,,,
1303.png,SLoG,512,512,FALSE,,0.35,91259,55047,4088,15.17439911,2,28.09238816,62032.94355,7286,0.11745372,11.74537203,6.590046782,0.986257195,0.973695206,0.348125458,0.355146156,830,659,1489,0.359435529,0.166403255,0.769569472,0.059222119,0.503669276,0.019456101,0.512747765,0.756898367,0.363884285,0.323421861,0.206608867,0.342462041,0.996224685,-0.006491616,4.546039488,,,,
1303.png,LoG,512,512,FALSE,,0.193359688,41758,27827,3321,10.17025418,1,9.414213562,33775.41413,5516,0.16331406,16.33140597,9.832595946,0.948772788,0.907104611,0.159294128,0.17399327,343,450,793,0.307642072,0.298918317,0.903342367,0.136953319,0.653417645,0.031983326,0.307533294,0.756898367,0.238255195,0.103746578,0.077905572,0.144549901,0.688208627,-0.191455683,5.5607889,,,,
1303.png,Canny,512,512,FALSE,,0.9,67349,61501,2186,29.87144592,5.414213562,84.22792206,65298.98079,4009,0.061394526,6.13945264,3.347678591,0.991496086,0.983593763,0.256916046,0.255354057,364,227,591,0.376996011,0.071283394,0.610247027,0.02074763,0.369167429,0.007268175,1,0.756898367,0.379796295,0.242712665,0.173819678,0.296160784,0.953986913,-0.01645104,4.445713707,,,,
1306.png,SLoG,512,512,FALSE,,0.35,117799,63148,1116,70.96931465,1.414213562,34.24264069,79201.75515,3607,0.04554192,4.554192004,1.409059683,0.991076529,0.982754798,0.449367523,0.452108803,1313,1375,2688,0.347022057,0.03840185,0.802867384,0.016073351,0.577060932,0.005479192,0.519728184,0.798257947,0.366595384,0.435059656,0.248364619,0.39790397,0.998055136,-0.003243365,5.305035942,,,,
1306.png,LoG,512,512,FALSE,,0.197266728,74094,49081,4055,15.96750572,1.414213562,10,64748.23568,7680,0.118613271,11.86132706,6.26271891,0.968439937,0.940363888,0.282646179,0.307863908,572,966,1538,0.286370009,0.210977771,0.895930949,0.094211609,0.631812577,0.020517104,0.310546517,0.798257947,0.213045665,0.172167168,0.105239477,0.190437419,0.597375567,-0.258277224,6.511703478,,,,
1306.png,Canny,512,512,FALSE,,0.9,70483,65310,1783,38.76955407,7,116.2357431,69126.11491,3352,0.04849108,4.849108046,2.57934357,0.993860066,0.98796509,0.268871307,0.267571267,323,108,431,0.353104204,0.054095851,0.565900168,0.0145307,0.330902973,0.004823151,1,0.798257947,0.362255592,0.254432994,0.175722535,0.298918375,0.974985222,-0.011271234,5.311161904,,,,
131.png,SLoG,512,512,FALSE,,0.35,118647,60450,1201,64.63978175,1,22.48528137,77632.37788,3792,0.048845599,4.884559901,1.547034926,0.989023983,0.978858561,0.452602386,0.451715046,1445,1475,2920,0.395263463,0.041009098,0.830141549,0.018411911,0.616985845,0.007328371,0.53120625,0.744142449,0.411204596,0.44148298,0.270491604,0.425806205,0.998550626,-0.007372953,3.907700025,,,,
131.png,LoG,512,512,FALSE,,0.173828423,86696,56672,5567,12.81188983,2,10.82842712,71323.79066,10833,0.151884804,15.18848045,7.805249761,0.97363776,0.949304771,0.330718994,0.355403793,606,1110,1716,0.348699987,0.267468944,0.892042393,0.103472614,0.576791809,0.021633258,0.266269803,0.744142449,0.281766853,0.238014497,0.148138091,0.258049258,0.64894984,-0.264081393,4.817559281,,,,
131.png,Canny,512,512,FALSE,,0.9,71459,65728,1993,34.99224203,6.656854249,88.68183259,69739.53836,3804,0.054545816,5.454581561,2.857776301,0.993564367,0.987554771,0.272594452,0.272066983,409,174,583,0.398369789,0.056520813,0.564977421,0.01533593,0.326141495,0.005690117,1,0.744142449,0.403097447,0.260661768,0.188069653,0.316597016,0.948763445,-0.020809126,3.885347469,,,,
1312.png,SLoG,512,512,FALSE,,0.35,137501,65133,434,215.5366789,1,7.242640687,93542.91863,1984,0.021209516,2.120951569,0.463958156,0.990404248,0.981376568,0.524524689,0.520156319,1355,1983,3338,0.408366382,0.01573703,0.928571429,0.006939647,0.686635945,0.002625397,0.512430191,0.748558939,0.393306549,0.518522834,0.288092996,0.447317075,0.986554715,-0.012889892,5.836007478,,,,
1312.png,LoG,512,512,FALSE,,0.232422575,67110,43615,4444,12.7979169,1.414213562,8.242640687,56873.94268,8015,0.140925697,14.09256968,7.813771633,0.958087802,0.921403187,0.256004333,0.279325406,428,710,1138,0.327756375,0.266811877,0.918541854,0.1151668,0.627812781,0.025656311,0.366177171,0.748558939,0.188897202,0.133733064,0.084951179,0.156599081,0.527694646,-0.333107943,8.322666478,,,,
1312.png,Canny,512,512,FALSE,,0.9,73411,66677,1645,43.55094877,7.414213562,105.7719913,71641.31072,3268,0.045616139,4.561613917,2.296161228,0.995373189,0.990791427,0.280040741,0.279317047,434,106,540,0.405648291,0.046822742,0.544072948,0.011608201,0.299696049,0.004139358,1,0.748558939,0.375067337,0.265527506,0.1840849,0.310931927,0.940889462,-0.018500145,5.976504619,,,,
1320.png,SLoG,512,512,FALSE,,0.35,138778,62805,544,166.7158724,1,8.169848481,90693.43458,2119,0.023364426,2.336442555,0.599822912,0.988734961,0.979078099,0.529396057,0.508403061,1390,2006,3396,0.446737081,0.018660935,0.920955882,0.009601146,0.727941176,0.003693973,0.518112183,0.692690027,0.42394814,0.519920601,0.304678366,0.467055136,0.993075584,-0.005230474,4.621045269,,,,
1320.png,LoG,512,512,FALSE,,0.185547009,90521,57988,4580,18.51027238,2,10,84777.0475,9711,0.114547514,11.45475136,5.402405645,0.977115929,0.955594261,0.345310211,0.377434537,658,1035,1693,0.391274631,0.206353039,0.899344978,0.086000552,0.598908297,0.017745051,0.293625355,0.692690027,0.267185762,0.243260213,0.145910024,0.25466227,0.584350495,-0.313528276,5.766792048,,,,
1320.png,Canny,512,512,FALSE,,0.9,71189,63633,1784,38.80418072,7.414213562,104.0198052,69226.65841,3609,0.052133096,5.213309558,2.57704191,0.994106829,0.988465105,0.271564484,0.278025249,533,157,690,0.441182494,0.052928512,0.551569507,0.013860733,0.31838565,0.005107413,1,0.692690027,0.402358733,0.269844646,0.192634418,0.323040178,0.943677882,-0.019622386,4.732294939,,,,
1322.png,SLoG,512,512,FALSE,,0.35,137227,66250,484,193.3975949,1,10.3627417,93604.43595,2046,0.021857938,2.185793845,0.517069512,0.990739644,0.981901887,0.523479462,0.51903738,1288,2019,3307,0.389839858,0.016513208,0.894628099,0.00765283,0.675619835,0.002807547,0.514240146,0.765730381,0.380958905,0.516730982,0.280883253,0.438577446,0.988558639,-0.012302336,6.083366616,,,,
1322.png,LoG,512,512,FALSE,,0.216797009,67856,43994,3999,14.30476361,2,10.24264069,57204.74968,7440,0.13005913,13.00591304,6.99067826,0.960119545,0.925103423,0.258850098,0.282716184,502,777,1279,0.30705449,0.236941401,0.896724181,0.098467973,0.605901475,0.022116652,0.343576074,0.765730381,0.177317452,0.131005608,0.081480575,0.150683381,0.524102927,-0.322396005,8.562125841,,,,
1322.png,Canny,512,512,FALSE,,0.9,73323,67116,1630,43.95562623,7.414213562,113.7560533,71647.67076,3136,0.043769741,4.376974111,2.27502162,0.995083153,0.990330175,0.279705048,0.279566294,384,95,479,0.385189652,0.047023065,0.548466258,0.011755766,0.315337423,0.004514572,1,0.765730381,0.358466004,0.261890967,0.178315172,0.302661251,0.926868385,-0.022441569,6.31852164,,,,
1323.png,SLoG,512,512,FALSE,,0.35,134069,67445,513,178.9590611,1,11.96568542,91805.99836,1997,0.021752391,2.17523913,0.558787017,0.991370738,0.983438357,0.511432648,0.505002344,1137,1798,2935,0.333423764,0.015642375,0.875243665,0.008303062,0.705653021,0.003054341,0.506895423,0.823737013,0.359071279,0.501371544,0.264585878,0.418454583,0.995652606,-0.004588222,6.260407501,,,,
1323.png,LoG,512,512,FALSE,,0.216797024,64421,42686,3334,17.02271482,1.414213562,11,56753.73121,6166,0.108644839,10.86448392,5.874503629,0.966077864,0.937262803,0.245746613,0.269243327,490,786,1276,0.249278486,0.199222227,0.892021596,0.089748395,0.634973005,0.019889425,0.346781939,0.823737013,0.170214089,0.12671443,0.078328683,0.145277936,0.548976703,-0.273436827,8.210179513,,,,
1323.png,Canny,512,512,FALSE,,0.9,71257,66759,1681,41.81581244,6.414213562,129.5563492,70292.38072,3152,0.044841275,4.484127537,2.391439844,0.993970871,0.988256265,0.271823883,0.272290781,274,85,359,0.329015046,0.051483695,0.57584771,0.013990623,0.332540155,0.004194191,1,0.823737013,0.344812213,0.259597912,0.173845307,0.296197985,0.972716945,-0.011969396,6.34479121,,,,
1324.png,SLoG,512,512,FALSE,,0.35,131031,66483,585,153.2897588,1,10.41421356,89674.5089,2177,0.024276687,2.427668717,0.652359302,0.99150157,0.983514583,0.499843597,0.497440495,1199,1747,2946,0.341023415,0.019177835,0.897435897,0.00867891,0.682051282,0.003790443,0.508355379,0.808564389,0.357260754,0.489590546,0.260308266,0.41308666,0.992495686,-0.006320163,6.361171485,,,,
1324.png,LoG,512,512,FALSE,,0.208984658,65507,43632,3318,17.99744717,1.414213562,10.41421356,59715.5297,6198,0.103792096,10.37920962,5.556343579,0.96381098,0.932984965,0.249889374,0.274051391,435,762,1197,0.262151361,0.195040337,0.894816154,0.085533553,0.626883665,0.019251925,0.334874183,0.808564389,0.176823956,0.133499515,0.08233159,0.15213746,0.566471904,-0.26964308,8.403951897,,,,
1324.png,Canny,512,512,FALSE,,0.9,72212,67237,1617,43.98410243,7.414213562,113.0901587,71122.29363,3060,0.043024484,4.302448422,2.273548725,0.994630933,0.989455211,0.275466919,0.275743765,286,90,376,0.338929713,0.048202627,0.555967842,0.012106429,0.31292517,0.004194119,1,0.808564389,0.343197873,0.260709505,0.173929446,0.296320101,0.96772694,-0.014323612,6.430848412,,,,
1325.png,SLoG,512,512,FALSE,,0.35,144167,65156,337,281.9224175,1,8.828427125,95007.85471,1536,0.016167084,1.616708434,0.354707514,0.988888204,0.979526061,0.549953461,0.532716396,1310,2006,3316,0.399480671,0.011295967,0.913946588,0.005647983,0.712166172,0.002133342,0.510682702,0.736290658,0.388022679,0.538877953,0.291300878,0.451174289,0.987353978,-0.014633832,6.422958753,,,,
1325.png,LoG,512,512,FALSE,,0.220703259,68163,43539,4216,13.35086817,2,9,56287.26022,7589,0.134826246,13.48262461,7.490149607,0.960851192,0.92689313,0.26002121,0.285289997,490,784,1274,0.305308312,0.253703576,0.909629981,0.109993339,0.62642315,0.023863662,0.353053868,0.736290658,0.164171862,0.122101925,0.075295213,0.140045658,0.492826738,-0.356847897,9.351097787,,,,
1325.png,Canny,512,512,FALSE,,0.9,72092,66310,1565,45.14058774,6.414213562,120.0700577,70645.01982,3063,0.043357621,4.335762107,2.21530124,0.99476701,0.989714975,0.275009155,0.278494182,387,89,476,0.386069745,0.04447293,0.559744409,0.01239632,0.32971246,0.004222591,1,0.736290658,0.362565524,0.263232721,0.179951853,0.305015587,0.931771029,-0.021719204,6.687286511,,,,
1327.png,SLoG,512,512,FALSE,,0.35,128381,62835,648,128.3999791,1,12.24264069,83203.18646,2392,0.028748899,2.874889895,0.778816326,0.990061283,0.980727302,0.48973465,0.488360356,1278,1722,3000,0.368265539,0.021628074,0.87654321,0.010169492,0.668209877,0.004105992,0.515930951,0.779634178,0.380731124,0.477085429,0.268630452,0.423496775,0.992078984,-0.00592671,5.979896048,,,,
1327.png,LoG,512,512,FALSE,,0.212891787,72026,46675,3922,15.4703279,2,9.414213562,60674.62602,7529,0.124088115,12.40881155,6.463987102,0.964156389,0.932876272,0.274757385,0.299373073,466,884,1350,0.293752998,0.227487949,0.902855686,0.092040707,0.596124426,0.018403856,0.334635884,0.779634178,0.193975366,0.149003575,0.092025594,0.168541094,0.553840074,-0.30144075,8.251540616,,,,
1327.png,Canny,512,512,FALSE,,0.9,72399,67429,1622,43.89087554,7,117.4193001,71191.00012,3140,0.044106699,4.41066988,2.278377881,0.994720399,0.989589049,0.276180267,0.276498388,331,76,407,0.364297956,0.049667057,0.567200986,0.0125317,0.313193588,0.003870738,1,0.779634178,0.363474535,0.257871867,0.177647683,0.301699202,0.937542176,-0.019144155,6.119369087,,,,
1328.png,SLoG,512,512,FALSE,,0.35,113288,59112,1588,45.2939366,1.414213562,35.00071427,71926.77132,3969,0.055181123,5.518112279,2.207801033,0.989596009,0.980020977,0.432159424,0.436204427,1114,1154,2268,0.342064023,0.056418325,0.80163728,0.02331168,0.574307305,0.008881445,0.520239711,0.796990705,0.366051285,0.417271305,0.242225766,0.389986703,0.994563879,-0.004970951,5.571175652,,,,
1328.png,LoG,512,512,FALSE,,0.181640789,80231,52136,4408,14.99992306,2,10.82842712,66119.66086,8412,0.127223883,12.7223883,6.666700861,0.971353769,0.945718889,0.306056976,0.333488279,543,996,1539,0.279349357,0.230282338,0.8926951,0.092603959,0.592105263,0.018892896,0.283717096,0.796990705,0.21864758,0.190551233,0.113359375,0.203634833,0.610602331,-0.266801268,6.993776357,,,,
1328.png,Canny,512,512,FALSE,,0.9,70682,66013,1712,40.54600299,7.414213562,107.0462987,69414.75712,3253,0.046863234,4.686323391,2.466334352,0.993925452,0.988093254,0.269630432,0.269663392,293,123,416,0.348105431,0.051611046,0.555490654,0.012800509,0.311915888,0.004499114,1,0.796990705,0.367006243,0.258631822,0.178850898,0.303432603,0.975866581,-0.011346543,5.505423232,,,,
1331.png,SLoG,512,512,FALSE,,0.35,134531,65893,496,189.809555,1,9.828427125,94145.53926,2174,0.023091907,2.309190661,0.526843867,0.990643919,0.981727953,0.513195038,0.509418978,1396,2051,3447,0.417571992,0.016982077,0.899193548,0.007588059,0.669354839,0.002959343,0.527217269,0.7325477,0.409578352,0.512210388,0.294649919,0.45518084,0.993583504,-0.002871123,4.603859146,,,,
1331.png,LoG,512,512,FALSE,,0.189453527,86377,56583,4570,17.70980618,2,10.65685425,80933.81424,9380,0.11589717,11.58971697,5.646589183,0.972818673,0.947563756,0.329502106,0.355839683,584,1075,1659,0.369170547,0.20449605,0.892997812,0.090168425,0.615536105,0.019316756,0.29658246,0.7325477,0.260915017,0.227923824,0.138502307,0.243306151,0.605402633,-0.272200294,5.681783172,,,,
1331.png,Canny,512,512,FALSE,,0.9,72064,64685,1770,39.55528259,6.414213562,102.9482323,70012.85019,3445,0.049205253,4.92052529,2.528107333,0.994898379,0.989951302,0.274902344,0.274448174,427,126,553,0.414334327,0.052763392,0.570621469,0.01428461,0.329378531,0.005008889,1,0.7325477,0.385946209,0.260029962,0.183933574,0.310716037,0.929375076,-0.022154397,4.747832467,,,,
1338.png,SLoG,512,512,FALSE,,0.35,131840,66656,575,157.5349523,1,11,90582.59757,2168,0.023933957,2.393395705,0.634779765,0.991081059,0.982597216,0.502929688,0.500817373,1252,1753,3005,0.352689177,0.018332933,0.886956522,0.008536366,0.683478261,0.0037506,0.510868907,0.800616682,0.368281769,0.49649421,0.268137171,0.422883545,0.994383075,-0.006209918,5.856184848,,,,
1338.png,LoG,512,512,FALSE,,0.208986551,66725,44656,3680,16.61818338,1.414213562,9.656854249,61154.91483,6955,0.113727572,11.37275723,6.017504906,0.965368569,0.934768004,0.254535675,0.278224441,473,782,1255,0.282421947,0.215670906,0.901902174,0.09181297,0.618478261,0.019795772,0.331777573,0.800616682,0.186577706,0.139736419,0.086835498,0.159795108,0.572012418,-0.273082458,7.51420913,,,,
1338.png,Canny,512,512,FALSE,,0.9,71891,66456,1621,43.50385919,9,111.1837662,70519.75575,3102,0.043987674,4.398767362,2.298646646,0.994319558,0.988894908,0.274242401,0.274465781,285,87,372,0.35123539,0.043667991,0.514497224,0.011691947,0.293028994,0.003852173,1,0.800616682,0.350038844,0.258618167,0.174717346,0.297462783,0.942906343,-0.017468926,5.944725029,,,,
1342.png,SLoG,512,512,FALSE,,0.35,65396,45820,6988,7.135173343,1,11.24264069,49860.59132,11119,0.223001768,22.30017676,14.01507647,0.96965301,0.94257966,0.249465942,0.268190686,672,717,1389,0.414490163,0.362723701,0.885374928,0.155085116,0.622925014,0.04604976,0.506421089,0.476868725,0.287354352,0.188554081,0.128476212,0.227698574,0.96373132,-0.037548491,6.32443136,,,,
1342.png,LoG,512,512,FALSE,,0.162109524,26991,17167,2053,11.79909929,1,6,24223.55085,3200,0.132102846,13.21028457,8.475223193,0.938544869,0.892875866,0.102962494,0.112743194,230,325,555,0.32151112,0.276052892,0.945445689,0.145511738,0.731125183,0.040834159,0.280859679,0.476868725,0.13543558,0.0373592,0.030165228,0.058563863,0.540712589,-0.286918934,10.14756232,,,,
1342.png,Canny,512,512,FALSE,,0.9,54979,45674,2951,17.04977159,3.414213562,43.65685425,50313.87595,4806,0.095520369,9.552036907,5.865181214,0.978401303,0.958838727,0.209728241,0.208207481,514,319,833,0.52450496,0.129570434,0.676380888,0.040592022,0.426973907,0.017099444,1,0.476868725,0.409306152,0.208506245,0.160277514,0.276274446,1.06199138,0.015096547,4.849348135,,,,
1344.png,SLoG,512,512,FALSE,,0.35,93275,56859,4060,15.94521161,2.414213562,27.66396103,64737.55913,7338,0.113349964,11.3349964,6.271475252,0.987152457,0.975201815,0.355815887,0.360366605,961,748,1709,0.346872658,0.157952127,0.756157635,0.055576074,0.49137931,0.018730544,0.519558668,0.747701979,0.360948254,0.327850219,0.207440752,0.343604026,0.993051984,-0.01164656,4.925567112,,,,
1344.png,LoG,512,512,FALSE,,0.158204138,45498,29940,3592,9.984788844,1,9,35865.36153,6007,0.167487507,16.74875073,10.01523433,0.950417519,0.909185037,0.173561096,0.189260736,391,484,875,0.287548661,0.300434202,0.910634744,0.13997996,0.65785078,0.032631931,0.25032264,0.747701979,0.221016171,0.105431545,0.076867596,0.142761461,0.667188205,-0.211902218,6.268158526,,,,
1344.png,Canny,512,512,FALSE,,0.9,65197,59435,2086,30.27074089,5,75.36396103,63144.76549,3764,0.059609058,5.960905818,3.303520068,0.991663158,0.983797426,0.248706818,0.246422681,358,192,550,0.367582589,0.067165811,0.608820709,0.021367881,0.389741131,0.007588121,1,0.747701979,0.385261874,0.239288984,0.173169636,0.295216703,0.983176076,-0.008058782,4.688080924,,,,
1357.png,SLoG,512,512,FALSE,,0.35,139284,64231,375,246.8446723,1,7,92566.75211,1744,0.018840458,1.884045794,0.405113058,0.989537776,0.979636001,0.531326294,0.526929119,1355,2144,3499,0.404230505,0.013124504,0.922666667,0.005853871,0.690666667,0.002568853,0.516912282,0.750156581,0.419701691,0.529602465,0.305730608,0.468290482,0.989966332,-0.010707924,4.414469335,,,,
1357.png,LoG,512,512,FALSE,,0.212891191,70662,45947,4921,11.82582171,2,9.414213562,58194.86866,9373,0.16106231,16.10623104,8.45607201,0.962358832,0.928591638,0.269554138,0.293571273,415,810,1225,0.338567436,0.294687357,0.903678114,0.116416741,0.58484048,0.02276536,0.33508715,0.750156581,0.229814549,0.161565324,0.104813216,0.189739251,0.54523763,-0.327915504,6.037010547,,,,
1357.png,Canny,512,512,FALSE,,0.9,72146,66165,1608,44.11258102,6.742640687,113.3185858,70933.03028,3207,0.045211659,4.521165933,2.266926978,0.9951334,0.990327212,0.275215149,0.274806545,390,122,512,0.400815278,0.051296002,0.585199005,0.01255951,0.324004975,0.004156276,1,0.750156581,0.393720541,0.259102871,0.185207702,0.312532059,0.921784601,-0.023265372,4.590008018,,,,
1359.png,SLoG,512,512,FALSE,,0.35,142289,64214,413,220.7605418,1,10.41421356,91174.10377,1710,0.018755326,1.875532557,0.452979501,0.986404836,0.977325817,0.542789459,0.521560221,1246,1893,3139,0.380433738,0.013501729,0.895883777,0.00664964,0.702179177,0.002803127,0.499255478,0.75887388,0.386648078,0.524412771,0.286268333,0.445114484,0.99201668,-0.008981982,6.179234243,,,,
1359.png,LoG,512,512,FALSE,,0.189453259,64713,42326,3765,15.11730367,2,8.414213562,56916.64831,7013,0.123215267,12.32152667,6.614936247,0.96278882,0.930184756,0.246860504,0.271811361,410,746,1156,0.287741125,0.237230071,0.911288181,0.099725937,0.615936255,0.020720125,0.304404587,0.75887388,0.16530587,0.116844648,0.073487458,0.136913491,0.504816186,-0.333498405,8.870090206,,,,
1359.png,Canny,512,512,FALSE,,0.9,69295,64091,1573,43.16948385,7.242640687,116.8180808,67905.5981,2996,0.044120074,4.41200738,2.316451138,0.993727684,0.987533351,0.264339447,0.271273354,283,92,375,0.369534403,0.045310574,0.548633185,0.013199981,0.326764145,0.004041129,1,0.75887388,0.365122405,0.257571949,0.177897391,0.302059233,0.92982214,-0.020060887,6.392425466,,,,
1361.png,SLoG,512,512,FALSE,,0.35,146682,63537,368,249.2081532,1,6,91708.60038,1528,0.016661469,1.666146898,0.401270981,0.986425221,0.976832397,0.559547424,0.536913514,1192,2006,3198,0.388370335,0.01381872,0.940217391,0.005839117,0.6875,0.002549695,0.49785006,0.748569298,0.391797153,0.544816844,0.295175035,0.455807172,0.986949591,-0.015239583,6.185089299,,,,
1361.png,LoG,512,512,FALSE,,0.208984509,57635,36980,3653,12.84071564,1.414213562,8.242640687,46907.13425,6386,0.136141338,13.61413376,7.78772794,0.956841528,0.919929692,0.219860077,0.242286728,374,639,1013,0.282384366,0.260843699,0.92116069,0.113791239,0.638379414,0.025175771,0.337002873,0.748569298,0.15145203,0.095036326,0.062015339,0.116788028,0.492012045,-0.348246105,9.443799532,,,,
1361.png,Canny,512,512,FALSE,,0.9,69980,64581,1458,47.08195099,7.414213562,127.4653896,68645.48454,2882,0.041983825,4.198382486,2.123956164,0.994038522,0.988169895,0.266952515,0.274510876,343,85,428,0.378028154,0.044331924,0.548010974,0.010622319,0.295610425,0.003700779,1,0.748569298,0.368509752,0.261995273,0.180815636,0.306255491,0.934571031,-0.019761782,6.390159823,,,,
1369.png,SLoG,512,512,FALSE,,0.35,143329,66585,334,282.4075417,1,10.45979797,94324.11892,1425,0.015107483,1.510748275,0.354098192,0.990147948,0.980776451,0.546756744,0.542212263,1217,2057,3274,0.348433733,0.011368927,0.895209581,0.005181347,0.670658683,0.001997447,0.510065377,0.80030036,0.377492516,0.541652863,0.286101746,0.444913083,0.993027384,-0.008008057,6.50915636,,,,
1369.png,LoG,512,512,FALSE,,0.216798037,60257,39863,3376,15.44811381,2,9,52152.83223,6233,0.119514123,11.95141229,6.47328219,0.96198231,0.929383137,0.229862213,0.251212205,428,649,1077,0.25442192,0.229511075,0.908471564,0.096229586,0.614632701,0.01936633,0.344254225,0.80030036,0.160027906,0.106384858,0.068265238,0.127805784,0.523278006,-0.309323823,9.236859037,,,,
1369.png,Canny,512,512,FALSE,,0.9,71773,67116,1553,45.51870261,7.828427125,123.1931024,70690.54515,2973,0.042056544,4.205654368,2.196899171,0.994844735,0.989898087,0.273792267,0.273616084,273,68,341,0.343521535,0.042195602,0.537669028,0.011427975,0.305859627,0.003709995,1,0.80030036,0.351588355,0.254577177,0.173240654,0.295319896,0.928648724,-0.019161536,6.767348802,,,,
1371.png,SLoG,512,512,FALSE,,0.35,130222,64763,605,141.316972,1,12.14558441,85496.76807,2392,0.027977666,2.797766575,0.707629088,0.991476595,0.983617189,0.496757507,0.493039813,1280,1702,2982,0.324875176,0.020304804,0.87768595,0.009341754,0.662809917,0.003690379,0.508361757,0.817643738,0.363582181,0.484561702,0.262182955,0.415443662,0.992769137,-0.006670796,5.838681189,,,,
1371.png,LoG,512,512,FALSE,,0.173828274,70805,46703,3760,15.77419707,2,12.41421356,59310.981,7408,0.124900986,12.49009859,6.339466886,0.967785776,0.939404321,0.27009964,0.296752473,531,925,1456,0.26605466,0.218165857,0.878191489,0.087895853,0.584042553,0.016851166,0.276345521,0.817643738,0.203027302,0.162859574,0.099347238,0.180738595,0.590449185,-0.259978108,7.319472574,,,,
1371.png,Canny,512,512,FALSE,,0.9,69431,65396,1561,43.7832988,8,126.7989899,68345.72942,2890,0.042285012,4.228501217,2.283975917,0.994143367,0.988577283,0.264858246,0.26719057,191,68,259,0.324336946,0.04413114,0.527226137,0.01208025,0.306213965,0.003776989,1,0.817643738,0.355297888,0.256612766,0.175086521,0.297997668,0.96037456,-0.015290976,5.845605043,,,,
1373.png,SLoG,512,512,FALSE,,0.35,139413,65794,408,231.9199057,1,8,94623.32152,1788,0.018895976,1.889597587,0.431183342,0.990713418,0.981928443,0.53181839,0.526872487,1252,2040,3292,0.380494863,0.014788583,0.919117647,0.007006718,0.696078431,0.002264644,0.505208135,0.765494692,0.386420195,0.523903459,0.285991691,0.444779999,0.989595514,-0.012250541,6.361349677,,,,
1373.png,LoG,512,512,FALSE,,0.220703274,57187,36953,3604,12.71573548,1.414213562,8.704163056,45827.51066,6417,0.140025062,14.00250615,7.864271806,0.954496264,0.916488512,0.218151093,0.239351542,370,647,1017,0.273997098,0.256244419,0.91509434,0.110708197,0.62763596,0.023895218,0.351536721,0.765494692,0.145962407,0.089900721,0.058912035,0.111268987,0.491178285,-0.345701686,9.63814339,,,,
1373.png,Canny,512,512,FALSE,,0.9,71828,66267,1531,45.99416219,8,124.5979797,70417.06232,3023,0.042929936,4.292993631,2.174188967,0.994861722,0.989889387,0.274002075,0.274271113,350,86,436,0.372824252,0.042841837,0.532331809,0.011800745,0.302416721,0.003500988,1,0.765494692,0.366359165,0.258566978,0.17866613,0.303166649,0.9386385,-0.019719962,6.609918489,,,,
1374.png,SLoG,512,512,FALSE,,0.35,114099,61627,1986,38.4856904,1.414213562,36.93502884,76432.58113,4753,0.062185523,6.218552258,2.598368354,0.989704192,0.980219709,0.435253143,0.440012361,1186,1299,2485,0.341056854,0.068525159,0.787009063,0.027374365,0.554380665,0.010011845,0.508865774,0.788777411,0.378302711,0.419929838,0.248463504,0.398030865,1.001859162,-0.002881531,4.970394228,,,,
1374.png,LoG,512,512,FALSE,,0.158203274,69571,46752,4817,12.12354686,2,10,58399.12523,8946,0.153187226,15.31872261,8.248411224,0.964675307,0.933478782,0.265392303,0.288107706,471,821,1292,0.289767593,0.28005219,0.89889973,0.112979124,0.59995848,0.023186174,0.247185603,0.788777411,0.26140712,0.189996102,0.12362901,0.220053076,0.684556812,-0.19720558,5.637799367,,,,
1374.png,Canny,512,512,FALSE,,0.9,68640,63851,1866,35.99197165,6.121320344,96.59188309,67161.0191,3432,0.051101071,5.110107092,2.778397387,0.993187249,0.986844372,0.26184082,0.260709245,279,123,402,0.347324103,0.057837779,0.581457663,0.015583155,0.339764202,0.005606803,1,0.788777411,0.367637872,0.241795982,0.170771268,0.291724392,0.917550093,-0.025386262,5.036219312,,,,
1376.png,SLoG,512,512,FALSE,,0.35,105629,57778,3138,22.94830168,1.414213562,27.67817459,72011.77067,6998,0.097178558,9.717855755,4.357620943,0.989675999,0.979871231,0.402942657,0.420538287,1432,1202,2634,0.438028961,0.115026481,0.804333971,0.048634428,0.574888464,0.016944166,0.515329063,0.642736185,0.411784653,0.394488926,0.252309949,0.40295128,0.97134059,-0.028924033,3.593805371,,,,
1376.png,LoG,512,512,FALSE,,0.158203274,57271,38383,6289,7.365230338,1,8,46319.9336,10256,0.221416552,22.14165523,13.57730789,0.951541066,0.909413021,0.218471527,0.238915709,480,619,1099,0.396369487,0.401193237,0.919701065,0.186358544,0.660518365,0.046583123,0.247028947,0.642736185,0.305654548,0.166354551,0.120730304,0.215449343,0.696129308,-0.213293195,4.221638131,,,,
1376.png,Canny,512,512,FALSE,,0.9,66506,58367,2497,25.42929041,4.414213562,66.8391919,63496.93814,4711,0.074192554,7.419255381,3.932473082,0.990868151,0.982233111,0.253700256,0.257609375,584,331,915,0.456311435,0.083077767,0.622346816,0.0250998,0.386864237,0.009765792,1,0.642736185,0.434435037,0.254944488,0.191414573,0.321323202,0.94424454,-0.016605846,3.469847225,,,,
1380.png,SLoG,512,512,FALSE,,0.35,104342,57086,3404,19.77268744,2,31.81959595,67306.22803,6712,0.099723312,9.972331233,5.057481454,0.987080872,0.975107732,0.398033142,0.405953122,1044,977,2021,0.389686167,0.128420278,0.760869565,0.047875136,0.512338425,0.016378797,0.507809818,0.730421126,0.380500751,0.374191982,0.232528901,0.377319998,0.990300124,-0.013972809,4.477195063,,,,
1380.png,LoG,512,512,FALSE,,0.162110507,57534,38808,5795,7.77445968,1.414213562,8,45052.99385,9636,0.213881458,21.38814577,12.86263022,0.949005365,0.904401154,0.219474792,0.238534102,361,581,942,0.336146563,0.386569779,0.9188956,0.170609153,0.641932701,0.038007627,0.251728714,0.730421126,0.254542908,0.147087089,0.102803408,0.186440135,0.673384495,-0.220530792,5.423840823,,,,
1380.png,Canny,512,512,FALSE,,0.9,68527,62006,2159,30.66903718,6,76.92792206,66214.45128,4049,0.061149793,6.114979316,3.260617521,0.992000759,0.98456601,0.26140976,0.260094124,441,183,624,0.402418524,0.069880334,0.596572487,0.019820663,0.360352015,0.007176725,1,0.730421126,0.392678815,0.247417883,0.178943518,0.303565888,0.944117159,-0.020022667,4.40917937,,,,
1383.png,SLoG,512,512,FALSE,,0.35,155346,56117,574,129.4725752,1,14.24264069,74317.25819,1983,0.0266829,2.668290042,0.772364339,0.98328495,0.969171552,0.592597961,0.489365102,930,1495,2425,0.250210226,0.020778017,0.871080139,0.010674127,0.68466899,0.00406294,0.46744886,0.822747612,0.363030544,0.493760844,0.264559984,0.418422198,0.994245754,-0.006073571,6.229573152,,,,
1383.png,LoG,512,512,FALSE,,0.224609524,61165,39469,2662,19.75053979,2,10.65685425,52575.93692,5291,0.100635392,10.06353916,5.063152758,0.97225672,0.947503104,0.233325958,0.305343168,509,805,1314,0.264428407,0.181560212,0.893313298,0.077123819,0.614575507,0.015176468,0.362766087,0.822747612,0.178374577,0.151377611,0.089188747,0.163770967,0.532129054,-0.292906946,7.827804042,,,,
1383.png,Canny,512,512,FALSE,,0.9,56988,53560,1242,45.13196241,8,128.8293506,56053.89732,2323,0.041442257,4.144225667,2.215724614,0.992793143,0.986034354,0.217391968,0.270169849,191,57,248,0.3261033,0.046415235,0.54589372,0.011557132,0.306763285,0.003771471,1,0.822747612,0.346242005,0.259990284,0.174384613,0.296980411,0.941680047,-0.02370841,6.29942185,,,,
1389.png,SLoG,512,512,FALSE,,0.35,86729,51775,3669,16.0120264,2,30.16223664,58748.12487,6537,0.111271637,11.12716366,6.245305715,0.986431658,0.974099469,0.330844879,0.36597963,853,691,1544,0.349425107,0.149744085,0.773780322,0.060859488,0.545652766,0.020608402,0.528270304,0.73625468,0.362038137,0.336730138,0.211332623,0.348925835,0.980279669,-0.017279982,4.652038948,,,,
1389.png,LoG,512,512,FALSE,,0.185547039,49103,32540,3742,10.50329647,1,9.218376618,39303.33541,6376,0.162225418,16.22254176,9.520820462,0.959050417,0.923478795,0.18731308,0.215421642,399,514,913,0.306217432,0.298094653,0.905130946,0.130731407,0.641902726,0.030608482,0.294481069,0.73625468,0.237390418,0.12996406,0.091685039,0.167969764,0.665976107,-0.212895251,5.516604719,,,,
1389.png,Canny,512,512,FALSE,,0.9,60228,55094,1888,30.93881447,4.828427125,80.99188309,58412.48173,3318,0.056802928,5.68029281,3.232185903,0.991097033,0.982956402,0.229751587,0.246054995,311,193,504,0.376548588,0.064144916,0.613877119,0.019403202,0.385063559,0.008222311,1,0.73625468,0.389986613,0.243866777,0.176529046,0.300084467,0.973578918,-0.010003954,4.45757485,,,,
1390.png,SLoG,512,512,FALSE,,0.35,112500,61046,1444,51.87679453,1.414213562,35.5119841,74910.09131,3867,0.051621883,5.162188341,1.92764416,0.990171373,0.981178128,0.429153442,0.43500044,1193,1203,2396,0.332392961,0.04855355,0.787396122,0.020656554,0.569944598,0.007731874,0.529482841,0.806205606,0.377313611,0.423070694,0.249128898,0.398884211,1.001688195,-0.003521731,4.817783872,,,,
1390.png,LoG,512,512,FALSE,,0.185547039,79229,52375,4486,14.7723444,2,11.82842712,66268.73698,8599,0.129759528,12.97595275,6.769406215,0.972926021,0.94821957,0.30223465,0.328631811,618,959,1577,0.288970202,0.228505967,0.881631743,0.094357995,0.598751672,0.019264916,0.288101107,0.806205606,0.256010198,0.216864087,0.133026885,0.23481682,0.661311144,-0.225519571,5.557851997,,,,
1390.png,Canny,512,512,FALSE,,0.9,67970,63533,1737,38.31245337,6.414213562,115.6416306,66548.73151,3154,0.047393841,4.7393841,2.610117369,0.992814779,0.986101711,0.259284973,0.260257962,237,99,336,0.336827964,0.054585806,0.574553828,0.014244566,0.328151986,0.005036753,1,0.806205606,0.371072624,0.248933712,0.175069294,0.297972715,0.956643716,-0.018146125,4.865801089,,,,
1391.png,SLoG,512,512,FALSE,,0.35,102247,55197,3133,20.96108588,2.414213562,43.37056275,65671.08207,6195,0.094333759,9.433375855,4.770745207,0.986466646,0.973839158,0.390041351,0.39273977,985,888,1873,0.414244652,0.112777868,0.724225981,0.041922568,0.487073093,0.015689258,0.523650229,0.683233309,0.378526087,0.361076739,0.226689505,0.369595573,0.986265272,-0.017541185,5.165669052,,,,
1391.png,LoG,512,512,FALSE,,0.173828274,55083,37303,5312,8.583691621,1,8.242640687,45596.56989,8743,0.19174688,19.17468797,11.64999914,0.949977219,0.906843954,0.210124969,0.228426226,435,605,1040,0.349205732,0.354502319,0.919427711,0.161568775,0.656061747,0.040130821,0.26718244,0.683233309,0.240598892,0.133486825,0.093917251,0.171708144,0.665263484,-0.244027314,6.759417134,,,,
1391.png,Canny,512,512,FALSE,,0.9,69667,61785,2325,28.86137928,5.414213562,75.73279938,67102.70683,4369,0.065109147,6.510914696,3.464837873,0.992182553,0.984850692,0.265758514,0.263959009,614,263,877,0.431423366,0.071748806,0.601290323,0.021332039,0.373333333,0.008497208,1,0.683233309,0.40056953,0.256810759,0.185516251,0.312971249,0.965333465,-0.013674725,4.858123247,,,,
1394.png,SLoG,512,512,FALSE,,0.35,104706,58637,2567,26.95451298,2,48.34213562,69192.23482,5260,0.076020091,7.602009118,3.70995388,0.98835206,0.977625049,0.399421692,0.401807083,1083,883,1966,0.340008378,0.088783533,0.73120374,0.033477156,0.503700818,0.012637072,0.527051628,0.781269789,0.374329387,0.38273334,0.233414216,0.378484718,0.989984403,-0.008348373,4.699120752,,,,
1394.png,LoG,512,512,FALSE,,0.177734539,64343,43747,4891,10.77262361,1,9.242640687,52688.90207,8461,0.160584102,16.05841015,9.282789749,0.962523162,0.929572314,0.245449066,0.265875564,482,759,1241,0.287231773,0.28607676,0.906563075,0.126065787,0.638928644,0.029579171,0.273071378,0.781269789,0.234717561,0.158799376,0.104627753,0.189435314,0.653306186,-0.232775742,5.815210627,,,,
1394.png,Canny,512,512,FALSE,,0.9,67294,62259,1923,34.09466269,6.414213562,97.03330445,65564.03634,3447,0.052574554,5.257455447,2.933010393,0.992892623,0.986347355,0.256706238,0.255435009,286,120,406,0.348492265,0.059654026,0.579303172,0.016126183,0.345293812,0.006344464,1,0.781269789,0.380725409,0.24746687,0.176444333,0.299962061,0.969433756,-0.013728799,4.642019323,,,,
1397.png,SLoG,512,512,FALSE,,0.35,75361,45325,2912,19.24185437,1,25.96345597,56032.27991,5886,0.105046591,10.50465912,5.197004306,0.989542186,0.979702151,0.287479401,0.412935464,966,1060,2026,0.373843282,0.131958081,0.810782967,0.057517926,0.590315934,0.021820188,0.531314731,0.676940632,0.379667399,0.38624346,0.236802696,0.382927198,0.965401949,-0.031339042,4.481712102,,,,
1397.png,LoG,512,512,FALSE,,0.154297039,41410,27021,4062,7.96827297,1,7.787005769,32367.1248,6562,0.202736574,20.27365742,12.54977087,0.951019585,0.909255764,0.157966614,0.232941998,274,459,733,0.341926694,0.373783354,0.924667651,0.177047482,0.677252585,0.043114615,0.245294407,0.676940632,0.263772672,0.151374683,0.106413909,0.192358227,0.680868205,-0.218968088,5.224457223,,,,
1397.png,Canny,512,512,FALSE,,0.9,45289,40652,1689,25.66001621,4.828427125,67.46173157,43339.76737,2975,0.068643654,6.864365409,3.897113673,0.988930404,0.978598839,0.172763824,0.239966875,247,216,463,0.401088089,0.086268818,0.640023683,0.024869625,0.396684429,0.009864213,1,0.676940632,0.401319342,0.237255909,0.175234483,0.298211949,0.97917275,-0.010451841,4.32824935,,,,
1403.png,SLoG,512,512,FALSE,,0.35,84195,50629,6162,9.18876326,2,17.48528137,56621.15921,10436,0.184312722,18.43127224,10.88285737,0.985077739,0.970945506,0.321178436,0.338344321,818,614,1432,0.443354309,0.288688301,0.82278481,0.104347311,0.535215839,0.032273993,0.499820441,0.586467505,0.376171435,0.291274048,0.19640364,0.328323375,0.957127206,-0.038927848,4.350289884,,,,
1403.png,LoG,512,512,FALSE,,0.166015774,30447,20780,3941,6.629181598,1,5,26125.60468,5858,0.224224475,22.42244753,15.08481832,0.917180002,0.851299326,0.116146088,0.127308978,174,246,420,0.369888693,0.449470645,0.957624968,0.240230991,0.735853844,0.059720885,0.268815279,0.586467505,0.237744292,0.069266974,0.0566794,0.107278328,0.677481376,-0.225383929,5.896345272,,,,
1403.png,Canny,512,512,FALSE,,0.9,64684,55545,2808,21.83313172,4,54.95168107,61307.43388,5210,0.084981538,8.498153764,4.580194965,0.989603043,0.98005221,0.246749878,0.249608364,666,443,1109,0.483141571,0.101845351,0.651709402,0.031794041,0.411680912,0.012170312,1,0.586467505,0.43814606,0.250285177,0.189473379,0.318583639,0.971681459,-0.007284333,3.838086226,,,,
1404.png,SLoG,512,512,FALSE,,0.35,142457,65342,382,251.1604391,1,9.787005769,95943.28775,1688,0.017593727,1.759372687,0.398151876,0.990029395,0.980869885,0.543430328,0.529719494,1407,2140,3547,0.418541104,0.012120841,0.90052356,0.006534847,0.722513089,0.002372134,0.521677434,0.726858163,0.419864148,0.537137121,0.308314175,0.471315195,0.991569015,-0.006567607,4.710119329,,,,
1404.png,LoG,512,512,FALSE,,0.208986089,83224,53983,4645,16.0364337,2,10.41421356,74489.23452,9532,0.1279648,12.79648,6.235800421,0.972528398,0.947094456,0.317474365,0.34685549,571,1041,1612,0.350359589,0.226460182,0.895371367,0.095029917,0.601506997,0.019117129,0.327803731,0.726858163,0.239780664,0.200859857,0.122713334,0.218601366,0.558662953,-0.325006697,5.973223053,,,,
1404.png,Canny,512,512,FALSE,,0.9,72057,65467,1700,41.46403648,7,112.7399062,70488.86202,3430,0.04866017,4.866016987,2.411728536,0.995066226,0.990269907,0.274875641,0.277394543,456,125,581,0.410917699,0.048024195,0.551176471,0.013823759,0.328823529,0.004506087,1,0.726858163,0.394315034,0.264162805,0.187913848,0.316376222,0.937416333,-0.019406147,4.883354874,,,,
1405.png,SLoG,512,512,FALSE,,0.35,136161,63922,575,149.2746198,1,12.41421356,85832.90638,2067,0.024081673,2.408167319,0.669906245,0.989901781,0.98072651,0.519412994,0.506599562,1252,1705,2957,0.344195634,0.022042489,0.876521739,0.008854541,0.624347826,0.003050593,0.519126832,0.806427658,0.376834334,0.506954628,0.275767044,0.432315672,0.988989454,-0.007965371,6.041724477,,,,
1405.png,LoG,512,512,FALSE,,0.212891012,76987,50082,3924,16.77865799,2,10.58406204,65839.45394,7654,0.116252483,11.6252483,5.959952225,0.970688045,0.944351264,0.293682098,0.320987654,548,935,1483,0.267225713,0.210674494,0.891692151,0.086498143,0.591997961,0.016672657,0.335365653,0.806427658,0.189114511,0.161200729,0.09531755,0.174045509,0.551251788,-0.29935728,7.762869598,,,,
1405.png,Canny,512,512,FALSE,,0.9,70758,66272,1588,43.85646778,6.414213562,121.7509668,69644.07083,2958,0.042473106,4.247310596,2.280165391,0.994296253,0.988848986,0.269920349,0.272060946,235,91,326,0.338161916,0.047501207,0.569269521,0.012509054,0.327455919,0.004330637,1,0.806427658,0.356614538,0.257643425,0.1758866,0.299155718,0.945867633,-0.015055963,6.18781324,,,,
1410.png,SLoG,512,512,FALSE,,0.35,78523,50731,5580,10.05074081,1.414213562,15.82842712,56083.13374,8994,0.16036907,16.036907,9.949515349,0.980416298,0.96282352,0.299541473,0.310279852,676,588,1264,0.358063072,0.26035363,0.846774194,0.101712957,0.580824373,0.032701898,0.516106665,0.65882777,0.328030741,0.254904417,0.167461161,0.286880912,0.970724606,-0.02567988,5.677320287,,,,
1410.png,LoG,512,512,FALSE,,0.154297024,39132,25658,3229,9.893872289,1,7.414213562,31947.31362,5284,0.165397318,16.53973183,10.1072661,0.948670983,0.907787045,0.149276733,0.162775089,283,427,710,0.300764352,0.310156676,0.923505729,0.151141944,0.681944875,0.035778315,0.252872437,0.65882777,0.184295446,0.075129723,0.056381287,0.106744198,0.607841056,-0.239117523,7.739832248,,,,
1410.png,Canny,512,512,FALSE,,0.9,61726,54823,2483,23.71982031,4.414213562,63.5019336,58896.31383,4418,0.075013184,7.501318355,4.215883539,0.987997711,0.976907502,0.235466003,0.233494666,413,332,745,0.402891427,0.093628587,0.657269432,0.027670868,0.404752316,0.010834869,1,0.65882777,0.386145331,0.225806788,0.166160891,0.284970782,0.96189136,-0.012141482,5.076006727,,,,
1411.png,SLoG,512,512,FALSE,,0.35,82022,51519,6261,9.14231482,2,16.3137085,57240.03309,10325,0.180380748,18.03807483,10.93814881,0.982802451,0.966653079,0.312889099,0.321959058,752,603,1355,0.4135001,0.301597469,0.836128414,0.104078107,0.538412394,0.033676896,0.49634558,0.630958331,0.354212307,0.274457613,0.182925196,0.309276017,0.973438528,-0.022983382,5.059769806,,,,
1411.png,LoG,512,512,FALSE,,0.162110269,29480,19733,3063,8.349641813,1,6.414213562,25574.95287,4714,0.184320965,18.43209653,11.97656166,0.925277472,0.867075457,0.112457275,0.122848021,172,313,485,0.352474898,0.369837328,0.940907607,0.191709319,0.715638263,0.047838646,0.264717907,0.630958331,0.242398505,0.071665327,0.058550796,0.110624443,0.704242767,-0.193997259,6.471581835,,,,
1411.png,Canny,512,512,FALSE,,0.9,64505,56177,2642,23.24550317,4,61.43158005,61414.61938,4822,0.078515507,7.851550736,4.301907309,0.988838851,0.978443135,0.246067047,0.242670228,589,354,943,0.454592496,0.095216904,0.652914459,0.029068836,0.408781226,0.011588372,1,0.630958331,0.414687419,0.242185617,0.180488499,0.30578612,0.992701389,-0.006589176,4.515413353,,,,
1412.png,SLoG,512,512,FALSE,,0.35,67784,45829,7640,6.419125697,1.414213562,11.42132034,49042.12032,11913,0.242913641,24.29136408,15.57844553,0.972070098,0.946431299,0.258575439,0.274444333,603,514,1117,0.427008122,0.409369613,0.885340314,0.165899321,0.607460733,0.048790067,0.498374611,0.487001938,0.305869797,0.201512701,0.138277561,0.242959303,0.951751498,-0.042342682,5.642500079,,,,
1412.png,LoG,512,512,FALSE,,0.185547188,22024,14364,2048,9.925292576,1,4.414213562,20326.9992,3020,0.148570872,14.85708722,10.07526975,0.921888053,0.864592036,0.084014893,0.092132791,158,223,381,0.348651201,0.313700919,0.962402344,0.184697856,0.775390625,0.051796157,0.31683442,0.487001938,0.150824288,0.033357775,0.028083379,0.054632493,0.617655085,-0.245187351,8.7865481,,,,
1412.png,Canny,512,512,FALSE,,0.9,56886,47439,2959,17.79236642,3,49.07594514,52647.61224,4914,0.093337566,9.333756634,5.620387847,0.980258882,0.962604608,0.217002869,0.214659905,544,382,926,0.518056095,0.123358418,0.682663062,0.040430869,0.444406894,0.017390754,1,0.487001938,0.419242915,0.216037044,0.166276256,0.285140429,1.044676063,0.011208436,4.458678658,,,,
1418.png,SLoG,512,512,FALSE,,0.35,114201,58301,1823,40.67074314,1.414213562,35.41665222,74142.76475,4645,0.062649404,6.26494037,2.458769923,0.988396406,0.977907755,0.435642242,0.439556348,1354,1305,2659,0.421561956,0.062400302,0.786066923,0.027460935,0.578716402,0.010308571,0.510929167,0.724028051,0.398473268,0.422650958,0.258024752,0.410206161,0.996615778,-0.005281702,4.610574822,,,,
1418.png,LoG,512,512,FALSE,,0.169922024,74370,48829,5462,11.4568142,2,10.81126984,62577.11916,10237,0.163590145,16.3590145,8.728429933,0.964744329,0.9330316,0.283699036,0.308222044,505,872,1377,0.368810654,0.297016117,0.891797876,0.116815827,0.584950568,0.025763378,0.264888197,0.724028051,0.265494774,0.197463933,0.127701388,0.226480856,0.638275068,-0.244285732,5.72657207,,,,
1418.png,Canny,512,512,FALSE,,0.9,70816,63690,2072,33.055549,5.828427125,82.81442277,68491.09752,3966,0.057905336,5.790533578,3.025210684,0.993829489,0.987957293,0.270141602,0.269191184,474,161,635,0.42601338,0.068849113,0.606660232,0.017522374,0.342181467,0.006358926,1,0.724028051,0.395626428,0.256988824,0.184540769,0.311581962,0.933349617,-0.023220693,4.680592587,,,,
142.png,SLoG,512,512,FALSE,,0.35,80775,51745,6701,8.541196158,2,13.72792206,57234.55546,11248,0.196524633,19.65246329,11.70796199,0.978596985,0.958855928,0.308132172,0.321225667,713,751,1464,0.422450244,0.323857378,0.863751679,0.12410861,0.574988808,0.03478597,0.512905955,0.524137914,0.336067273,0.255056986,0.169598253,0.290011125,0.963706961,-0.035122724,4.675902788,,,,
142.png,LoG,512,512,FALSE,,0.173829079,34050,21739,3277,8.15740642,1,6.828427125,26731.82084,5271,0.197180732,19.7180732,12.25879831,0.929090559,0.873913243,0.129890442,0.141383745,271,393,664,0.344373345,0.35999816,0.930119011,0.189567137,0.709795545,0.043240259,0.289344519,0.524137914,0.190614972,0.063673285,0.050121918,0.095459236,0.594335757,-0.276896326,6.787202452,,,,
142.png,Canny,512,512,FALSE,,0.9,59798,50809,2982,18.72226448,3.414213562,48.60315293,55829.79269,5132,0.091922247,9.192224712,5.341234234,0.982266903,0.966265819,0.228111267,0.226707622,595,445,1040,0.487046242,0.118384538,0.669684775,0.037198134,0.427900738,0.015410656,1,0.524137914,0.409866162,0.219537619,0.166809878,0.285924693,0.965135717,-0.006246648,3.881263356,,,,
1421.png,SLoG,512,512,FALSE,,0.35,99480,56592,3142,20.84568396,2.414213562,36.47523087,65497.139,5977,0.091255894,9.125589439,4.797156102,0.98728621,0.975526576,0.379486084,0.38277516,902,751,1653,0.351041228,0.116288521,0.736155315,0.041896381,0.48854233,0.014807747,0.523208082,0.76793921,0.370738729,0.354036491,0.221146716,0.362195161,0.986329777,-0.012765798,5.069101658,,,,
1421.png,LoG,512,512,FALSE,,0.19336158,57427,39144,4476,10.56580365,1.414213562,9,47292.53714,7778,0.164465695,16.44656952,9.464495396,0.958678186,0.923666462,0.21906662,0.237947746,422,624,1046,0.295606673,0.295498672,0.909964254,0.130926834,0.639857015,0.029072144,0.297676027,0.76793921,0.22905812,0.135976423,0.093284275,0.170649624,0.660949917,-0.228906329,6.59456447,,,,
1421.png,Canny,512,512,FALSE,,0.9,68341,62419,2118,31.33000158,5,83.97228714,66356.94334,3873,0.05836616,5.836616042,3.191828757,0.992085755,0.984732213,0.260700226,0.258305818,396,195,591,0.366013348,0.065380733,0.603399433,0.01952931,0.372049103,0.007369551,1,0.76793921,0.387588882,0.249770891,0.179091995,0.303779512,0.968165884,-0.01149383,4.905089424,,,,
1425.png,SLoG,512,512,FALSE,,0.35,140863,63493,382,232.4322608,1,10.35563492,88789.12362,1699,0.019135227,1.91352266,0.430232876,0.989739001,0.980769534,0.537349701,0.521335472,1286,1955,3241,0.380999535,0.013497551,0.897905759,0.006189659,0.670157068,0.002346715,0.505558133,0.762860882,0.380451855,0.523240357,0.282516119,0.440565409,0.994542453,-0.007471112,6.523898555,,,,
1425.png,LoG,512,512,FALSE,,0.185547009,68175,44332,4096,13.7980846,2,9.414213562,56516.95452,7670,0.135711488,13.57114881,7.247382728,0.964247048,0.93296039,0.260066986,0.285725683,473,797,1270,0.295713544,0.247608951,0.903808594,0.103717405,0.604492188,0.02016602,0.295431793,0.762860882,0.1816445,0.136916499,0.084681315,0.156140451,0.537081357,-0.31432427,8.959868425,,,,
1425.png,Canny,512,512,FALSE,,0.9,70640,65259,1598,43.36469399,7.414213562,123.8796031,69296.781,3096,0.0446774,4.467739995,2.306023421,0.994215369,0.988706539,0.269470215,0.272343249,336,97,433,0.371937454,0.048238557,0.549436796,0.012044316,0.307259074,0.004152684,1,0.762860882,0.367263869,0.263863349,0.181400024,0.307093314,0.957984063,-0.014310036,6.634810705,,,,
1426.png,SLoG,512,512,FALSE,,0.35,169718,51090,393,172.8628481,1,5.828427125,67935.09932,1515,0.022300696,2.230069604,0.578493303,0.975376785,0.956801722,0.647422791,0.510659843,968,1374,2342,0.239521816,0.016128401,0.938931298,0.008749266,0.755725191,0.003327461,0.458421797,0.804411876,0.3718424,0.518896158,0.276512025,0.433230584,0.997122847,-0.005296097,5.973899367,,,,
1426.png,LoG,512,512,FALSE,,0.193359524,62373,39942,2566,21.01576543,2,12,53926.45409,5488,0.101768234,10.1768234,4.758332517,0.976741254,0.955385309,0.237934113,0.343085136,487,796,1283,0.305236429,0.178133293,0.87451286,0.06832407,0.566640686,0.012943768,0.312394679,0.804411876,0.235282795,0.220588014,0.128476206,0.227698565,0.61497956,-0.23465269,6.935774206,,,,
1426.png,Canny,512,512,FALSE,,0.9,52257,48499,1247,41.00083524,7.828427125,115.2381818,51128.04154,2337,0.045708772,4.570877212,2.438974704,0.992793679,0.986061568,0.199344635,0.27073909,195,74,269,0.353068054,0.049238129,0.544506816,0.013402338,0.319967923,0.004309367,1,0.804411876,0.350394341,0.259237537,0.175088621,0.298000709,0.93254789,-0.024640597,6.21005625,,,,
1427.png,SLoG,512,512,FALSE,,0.35,123693,62035,825,97.61283155,1,14.14558441,80530.58603,2912,0.036160174,3.616017396,1.024455478,0.990811646,0.982284194,0.471851349,0.478257955,1390,1582,2972,0.344906271,0.029193197,0.867878788,0.013121625,0.652121212,0.005093899,0.512946069,0.794294047,0.367314398,0.460958287,0.256946743,0.408842688,0.993682778,-0.006850481,5.482711453,,,,
1427.png,LoG,512,512,FALSE,,0.177734539,75774,49442,4346,14.30487095,2,10.82842712,62168.96916,8450,0.135919899,13.59198988,6.990625803,0.969408572,0.942093766,0.289054871,0.315919585,535,926,1461,0.28362754,0.236499333,0.890704096,0.095384491,0.592268753,0.019356013,0.278626531,0.794294047,0.221199501,0.183367416,0.111428839,0.200514572,0.608386823,-0.259452469,6.630542646,,,,
1427.png,Canny,512,512,FALSE,,0.9,70506,65284,1677,41.14734433,6.414213562,116.8156421,69004.09644,3223,0.046707372,4.670737197,2.430290499,0.993888259,0.987975614,0.268959045,0.269330685,325,127,452,0.347909659,0.051452117,0.573643411,0.013877826,0.329159213,0.004319588,1,0.794294047,0.362435632,0.256140467,0.176578038,0.30015525,0.966586532,-0.012297428,5.454955861,,,,
1428.png,SLoG,512,512,FALSE,,0.35,121631,61166,1139,69.30389138,1,14,78937.13228,3521,0.044605117,4.460511673,1.442920419,0.989422202,0.979547461,0.463985443,0.465863756,1305,1536,2841,0.37149629,0.039597162,0.865671642,0.018588758,0.657594381,0.007160841,0.511476994,0.760800648,0.373135132,0.447786276,0.255545173,0.407066473,0.998409936,-0.005476278,5.565969154,,,,
1428.png,LoG,512,512,FALSE,,0.173828453,74705,48633,4723,12.8260762,2,10.41421356,60577.55791,8883,0.146638463,14.66384633,7.796616706,0.966175258,0.935928279,0.284976959,0.309906745,492,906,1398,0.313567787,0.260173133,0.894135084,0.104270763,0.596019479,0.022577262,0.271793067,0.760800648,0.234077293,0.186868469,0.115962859,0.20782566,0.639826245,-0.239480454,6.844186568,,,,
1428.png,Canny,512,512,FALSE,,0.9,69874,64487,1873,36.41925905,6.414213562,94.67005769,68213.2722,3512,0.051485582,5.148558172,2.745799959,0.993285477,0.98686557,0.266548157,0.265006482,336,127,463,0.374018818,0.059019647,0.57554725,0.014871214,0.324079018,0.00527238,1,0.760800648,0.362610658,0.247538511,0.172486526,0.294223468,0.933418885,-0.023790163,5.661811799,,,,
1429.png,SLoG,512,512,FALSE,,0.35,120716,61721,909,88.57949496,1,17.65685425,80518.76092,3259,0.040475039,4.047503914,1.128929444,0.990724385,0.982113057,0.460494995,0.47174317,1468,1501,2969,0.359955549,0.03180441,0.848184818,0.014322516,0.633663366,0.00542765,0.509664237,0.780925226,0.375211664,0.461012012,0.260803578,0.413710086,0.993297136,-0.007662714,5.612788161,,,,
1429.png,LoG,512,512,FALSE,,0.177734539,77199,50948,4421,15.01357467,2,11.41421356,66375.0136,8640,0.130169465,13.01694648,6.660638936,0.971863449,0.946415954,0.294490814,0.323358026,545,903,1448,0.306642234,0.232923765,0.881248586,0.093271571,0.580411672,0.018842742,0.281381547,0.780925226,0.226336592,0.190620107,0.115417001,0.206948614,0.599165769,-0.260244208,7.001420357,,,,
1429.png,Canny,512,512,FALSE,,0.9,70090,64400,1763,38.74995223,6.414213562,104.2308658,68316.16578,3319,0.048582937,4.858293732,2.580648343,0.993563652,0.98734472,0.267372131,0.269631791,311,100,411,0.364994228,0.055698758,0.574588769,0.013804348,0.317073171,0.004860248,1,0.780925226,0.374191134,0.262781556,0.182552602,0.30874331,0.970293087,-0.011115581,5.538099947,,,,
1430.png,SLoG,512,512,FALSE,,0.35,65871,46575,7368,6.845646042,1,9.828427125,50438.72004,11122,0.220505199,22.0505199,14.60782509,0.982737541,0.96691358,0.251277924,0.291911356,621,691,1312,0.393965036,0.368395062,0.900515744,0.163199141,0.648072747,0.052431562,0.506225169,0.511691689,0.294118543,0.218983151,0.143543053,0.251049669,0.956148007,-0.037218556,6.207538321,,,,
1430.png,LoG,512,512,FALSE,,0.169922054,27840,17373,2180,10.33176694,1,7,22523.25194,3465,0.153841018,15.38410177,9.67888654,0.943792105,0.900938237,0.106201172,0.123763587,180,305,485,0.301099032,0.297242848,0.92706422,0.154204801,0.712844037,0.037989984,0.292150885,0.511691689,0.109877874,0.034684899,0.027076787,0.052725925,0.537742997,-0.287592631,9.804757886,,,,
1430.png,Canny,512,512,FALSE,,0.9,51098,43654,2414,19.76192813,3.414213562,54.5119841,47705.2945,4051,0.084917199,8.491719929,5.060234981,0.982384205,0.966875888,0.194923401,0.215145925,437,305,742,0.479459852,0.107367022,0.670256835,0.035117057,0.44076222,0.015577038,1,0.511691689,0.402285313,0.220751979,0.166229797,0.285072114,1.041906472,0.013509957,5.047189845,,,,
1435.png,SLoG,512,512,FALSE,,0.35,109880,55947,1649,43.69934235,1.414213562,33.49949494,72060.21554,4352,0.060393935,6.039393537,2.288363957,0.989892244,0.980481527,0.419158936,0.437746254,1353,1213,2566,0.43106997,0.058895026,0.783505155,0.024666202,0.562158884,0.009723488,0.528897047,0.69350214,0.40854497,0.421926052,0.261931331,0.415127709,0.995270797,-0.007314577,4.353593242,,,,
1435.png,LoG,512,512,FALSE,,0.177734539,86110,57183,5407,14.72638981,2,10.65685425,79625.58971,10860,0.136388315,13.63883149,6.790530557,0.978420138,0.957924558,0.328483582,0.359239771,655,1002,1657,0.392550409,0.252050435,0.893101535,0.100694262,0.585907157,0.020408163,0.276919276,0.69350214,0.291758944,0.247276375,0.154522605,0.267682252,0.648615643,-0.261294839,5.176694984,,,,
1435.png,Canny,512,512,FALSE,,0.9,69453,62198,1956,34.42543632,6.414213562,90.83452378,67336.15344,3826,0.056819402,5.681940243,2.904828833,0.993038356,0.986269655,0.264942169,0.270676882,555,194,749,0.439318955,0.057734975,0.571063395,0.01675295,0.346625767,0.006350687,1,0.69350214,0.408416534,0.260812569,0.189298869,0.318336919,0.939373527,-0.020098375,4.275945633,,,,
1440.png,SLoG,512,512,FALSE,,0.35,98143,59400,4115,16.9630108,2,26.24507935,69802.78943,7968,0.114150166,11.4150166,5.895179882,0.98797977,0.976767677,0.374385834,0.383756651,1075,988,2063,0.371854037,0.155892256,0.788092345,0.058013468,0.52709599,0.018670034,0.50303334,0.710975349,0.365516565,0.349859789,0.2176685,0.357516845,0.986531323,-0.013254544,4.767819733,,,,
1440.png,LoG,512,512,FALSE,,0.158203438,39702,26623,4233,7.504152844,1,7.414213562,31765.07899,6528,0.205508697,20.55086972,13.32595458,0.933610022,0.879915862,0.151451111,0.165446939,265,367,632,0.308391958,0.387935244,0.929600756,0.190624648,0.693125443,0.047703114,0.250680685,0.710975349,0.242692939,0.100149072,0.076303562,0.141788181,0.705370393,-0.179561284,5.823930838,,,,
1440.png,Canny,512,512,FALSE,,0.9,65072,58777,2306,27.17697739,4.414213562,73.72792206,62670.10986,4205,0.067097377,6.709737719,3.679585061,0.990404427,0.981591439,0.24822998,0.24607855,431,225,656,0.394055098,0.078585161,0.627493495,0.023852868,0.388985256,0.008642836,1,0.710975349,0.390576966,0.239723957,0.17446589,0.297098266,0.991882307,-0.006633888,4.577215383,,,,
1441.png,SLoG,512,512,FALSE,,0.35,64997,46439,7145,7.146814023,1,9.828427125,51063.9862,11046,0.216316837,21.63168374,13.99224881,0.976000786,0.954499451,0.247943878,0.270549791,694,688,1382,0.401377439,0.364413532,0.901609517,0.15932729,0.643526942,0.049871875,0.507266343,0.480378658,0.277284896,0.191386275,0.127690532,0.226463784,0.961145013,-0.031772796,6.199299893,,,,
1441.png,LoG,512,512,FALSE,,0.158203289,30298,18962,2449,10.16919471,1,8,24904.35785,3827,0.153667885,15.36678851,9.833620343,0.945153475,0.904598671,0.115577698,0.127585568,228,332,560,0.326973259,0.296224027,0.916700694,0.155205147,0.70722744,0.040607531,0.271386355,0.480378658,0.126642023,0.041220833,0.0320967,0.062197079,0.529312117,-0.286321432,9.024655574,,,,
1441.png,Canny,512,512,FALSE,,0.9,54391,46012,2672,18.83409581,3.414213562,45.48233765,50324.70402,4325,0.085941886,8.594188648,5.309519553,0.980983198,0.964161523,0.207485199,0.210875387,479,266,745,0.501452684,0.112209858,0.669535928,0.035316874,0.427769461,0.016343563,1,0.480378658,0.395630729,0.212840015,0.160617435,0.27677929,1.043238419,0.012106739,4.900526689,,,,
1443.png,SLoG,512,512,FALSE,,0.35,105137,56467,2188,31.00099043,2,53.75584412,67830.16707,4805,0.070838687,7.083868738,3.225703392,0.988825321,0.978660102,0.401065826,0.412955517,1099,938,2037,0.358902514,0.080294685,0.744058501,0.030123789,0.506855576,0.011086121,0.524141371,0.77534616,0.365014992,0.392009606,0.23306919,0.378031001,0.995603434,-0.006690456,5.184924773,,,,
1443.png,LoG,512,512,FALSE,,0.193359554,79446,52923,4820,14.28199036,2,10.82842712,68839.19354,9032,0.131204326,13.12043261,7.001825198,0.972847342,0.94801882,0.303062439,0.331485104,534,955,1489,0.305421501,0.241709654,0.890041494,0.099503052,0.599377593,0.020803809,0.300100505,0.77534616,0.235745489,0.203231088,0.12251344,0.21828414,0.643052671,-0.251521189,6.356029356,,,,
1443.png,Canny,512,512,FALSE,,0.9,69716,64230,1828,37.22796663,6.242640687,103.5107648,68052.72299,3340,0.049079594,4.907959378,2.686152618,0.993725657,0.987840573,0.265945435,0.267131452,326,128,454,0.370043308,0.056655768,0.58643326,0.015210961,0.347374179,0.005760548,1,0.77534616,0.367927345,0.255605283,0.177613265,0.301649566,0.962590362,-0.013587695,5.138111269,,,,
1445.png,SLoG,512,512,FALSE,,0.35,99467,54518,3637,17.56561861,2.414213562,33.97056275,63886.15487,7030,0.110039492,11.00394916,5.692939272,0.985610247,0.972064272,0.379436493,0.382828733,1015,801,1816,0.423233926,0.142521736,0.740720374,0.052459738,0.492988727,0.016856818,0.52679354,0.66992619,0.38839883,0.345990621,0.223967937,0.365970269,0.980375702,-0.019384485,4.351837701,,,,
1445.png,LoG,512,512,FALSE,,0.185549498,55798,38084,5320,8.8240238,1,8.414213562,46943.80661,8997,0.191654675,19.1654675,11.33269836,0.951081812,0.908833106,0.212852478,0.229941247,412,596,1008,0.372577906,0.352956622,0.914849624,0.158675559,0.644736842,0.036944649,0.286791801,0.66992619,0.258103654,0.13809976,0.098857654,0.179928044,0.655255505,-0.245220752,5.361753382,,,,
1445.png,Canny,512,512,FALSE,,0.9,67595,59813,2452,26.41168586,4.828427125,63.5391919,64761.45373,4501,0.069501219,6.950121934,3.78620284,0.991515219,0.983632321,0.257854462,0.254804149,571,292,863,0.445188969,0.081253239,0.626835237,0.02399144,0.388254486,0.009579857,1,0.66992619,0.41661628,0.247015735,0.183532867,0.310144099,0.950274344,-0.018168301,4.096642808,,,,
1452.png,SLoG,512,512,FALSE,,0.35,102443,62076,3461,21.87756786,2,26.07106781,75718.26237,7174,0.094745967,9.474596716,4.570892004,0.988280475,0.977253689,0.390789032,0.400089551,1221,1282,2503,0.381933481,0.123606547,0.793123375,0.047651266,0.542906674,0.016141504,0.506674111,0.712615275,0.386292085,0.384270434,0.238603768,0.385278608,0.984595436,-0.010297818,4.461452977,,,,
1452.png,LoG,512,512,FALSE,,0.169922709,48442,32688,5114,7.529873682,1,7.828427125,38507.77401,8047,0.208970791,20.89707912,13.28043527,0.944429159,0.897699462,0.184791565,0.201754202,337,477,814,0.340646237,0.392590553,0.924325381,0.183217083,0.67540086,0.046133138,0.266111463,0.712615275,0.271586502,0.13623689,0.099778254,0.181451585,0.726218651,-0.163331198,5.429226918,,,,
1452.png,Canny,512,512,FALSE,,0.9,64985,58404,2416,25.78674206,4.828427125,65.54163056,62300.76881,4294,0.068923708,6.892370804,3.877961775,0.990163326,0.981028697,0.247898102,0.245513016,392,233,625,0.398468673,0.083761386,0.628311258,0.024724334,0.386589404,0.009331553,1,0.712615275,0.395619567,0.241499501,0.176414255,0.299918595,0.995524612,-0.005436802,4.379339351,,,,
1455.png,SLoG,512,512,FALSE,,0.35,162375,62465,187,487.7192329,1,4.648528137,91203.49656,1074,0.011775864,1.177586431,0.205035999,0.986368358,0.975650364,0.619411469,0.566998496,1164,1848,3012,0.36057961,0.00633955,0.957219251,0.003842152,0.796791444,0.001216681,0.496233881,0.788462567,0.381918488,0.58824095,0.301355187,0.463140563,0.984490843,-0.014720435,5.856211953,,,,
1455.png,LoG,512,512,FALSE,,0.220703259,65222,42783,3348,17.2953968,2,10.07106781,57904.9885,6563,0.113340839,11.33408394,5.781885269,0.970011473,0.942874506,0.248802185,0.288558535,475,776,1251,0.282778859,0.212303953,0.897252091,0.085547998,0.595280765,0.017553701,0.357335836,0.788462567,0.174118369,0.136483823,0.082849389,0.153021075,0.515441673,-0.320934192,8.307195616,,,,
1455.png,Canny,512,512,FALSE,,0.9,67075,62373,1411,46.73753781,9.242640687,140.9411255,65946.66585,2683,0.040684392,4.068439193,2.13960779,0.994075954,0.988536707,0.255870819,0.279130165,233,80,313,0.357159972,0.041668671,0.51523742,0.010838023,0.29340893,0.003559232,1,0.788462567,0.353785921,0.268256334,0.180039202,0.305141053,0.930079914,-0.024945561,6.054292767,,,,
1460.png,SLoG,512,512,FALSE,,0.35,66664,47655,6793,7.675536173,1.414213562,11.82842712,52139.91722,10842,0.207940491,20.79404912,13.0284058,0.974598706,0.951358724,0.254302979,0.273116696,684,676,1360,0.399211407,0.346679257,0.880170764,0.140992551,0.607831591,0.042870633,0.510581434,0.518457758,0.288138708,0.200321588,0.134002921,0.236336112,0.965800845,-0.02757472,5.909606509,,,,
1460.png,LoG,512,512,FALSE,,0.177734718,31004,19913,2512,10.35214385,1,8,26004.58534,4084,0.157049226,15.7049226,9.65983486,0.945061028,0.903279265,0.118270874,0.129651785,239,340,579,0.326206893,0.307537789,0.920382166,0.149349671,0.679140127,0.036107066,0.302244425,0.518457758,0.146258833,0.048270134,0.037659198,0.072584907,0.538333755,-0.27198699,8.41363419,,,,
1460.png,Canny,512,512,FALSE,,0.9,56009,47647,2765,18.80642936,3.828427125,49.79898987,51999.77718,4632,0.089077305,8.907730478,5.317330477,0.980953693,0.963985141,0.213657379,0.214350256,495,311,806,0.483497232,0.114886562,0.663291139,0.036077822,0.419168174,0.014985204,1,0.518457758,0.379313037,0.206966318,0.154606127,0.267807563,0.998891993,-0.001616838,4.889525561,,,,
1463.png,SLoG,512,512,FALSE,,0.35,91739,52368,1566,44.64504387,1,9.828427125,69914.13871,4216,0.060302538,6.030253791,2.239890284,0.990872264,0.982164681,0.349956512,0.455508044,1304,1511,2815,0.378058493,0.062881913,0.901660281,0.032061564,0.706896552,0.012259395,0.534190774,0.712428272,0.408813373,0.447070298,0.271525995,0.427086817,0.990054436,-0.013661684,3.937117888,,,,
1463.png,LoG,512,512,FALSE,,0.162109539,63838,41862,4416,12.28247478,2,10.53553391,54239.40863,8390,0.154684577,15.46845774,8.141681688,0.975168407,0.952343414,0.243522644,0.330935776,499,819,1318,0.353519589,0.276193206,0.894701087,0.114853566,0.604846014,0.024962974,0.255921662,0.712428272,0.307302487,0.24415435,0.157482982,0.272112825,0.703872073,-0.201243862,4.440610321,,,,
1463.png,Canny,512,512,FALSE,,0.9,52441,47512,1784,28.36437444,5,76.47300141,50602.04399,3133,0.061914495,6.1914495,3.525549285,0.990034103,0.980910086,0.200046539,0.254139301,276,179,455,0.394497484,0.074233878,0.620515695,0.022015491,0.38396861,0.008797777,1,0.712428272,0.406517061,0.24803061,0.18209358,0.308086574,0.926275727,-0.023785825,3.988489968,,,,
1467.png,SLoG,512,512,FALSE,,0.35,132339,65176,513,175.2190342,1,9.828427125,89887.36452,2326,0.025876829,2.587682943,0.570714252,0.990249455,0.981250767,0.504833221,0.504109853,1367,2019,3386,0.387062997,0.01833497,0.900584795,0.008377317,0.680311891,0.00294587,0.503637731,0.757755232,0.380686306,0.494550482,0.274057225,0.430211798,0.995568837,-0.005980287,5.917006158,,,,
1467.png,LoG,512,512,FALSE,,0.19336009,59963,39911,4200,12.26037876,2,8.828427125,51493.59081,7641,0.148387399,14.83873989,8.156354866,0.955676377,0.917040415,0.228740692,0.250636074,417,676,1093,0.308227122,0.280699557,0.913095238,0.119891759,0.623571429,0.024980582,0.307229489,0.757755232,0.200969981,0.129805459,0.08561861,0.157732392,0.583030896,-0.272817564,8.072143243,,,,
1467.png,Canny,512,512,FALSE,,0.9,71684,65739,1799,38.91960937,6,101.0783838,70016.37725,3411,0.048717174,4.871717352,2.569398862,0.994394481,0.988849846,0.273452759,0.272264674,393,110,503,0.386199564,0.054290452,0.586992774,0.014831379,0.340188994,0.005065486,1,0.757755232,0.364359941,0.255646651,0.17679752,0.300472285,0.938219549,-0.020713104,6.090053716,,,,
1469.png,SLoG,512,512,FALSE,,0.35,72949,47488,7206,7.188088746,1.414213562,13.07106781,51797.36751,11310,0.218350865,21.8350865,13.91190392,0.977257431,0.956494272,0.278278351,0.288930315,607,528,1135,0.427320212,0.374326146,0.86400222,0.137487365,0.570774355,0.04441122,0.493287414,0.571628535,0.349130573,0.23516687,0.163490655,0.281034754,0.965017572,-0.030577691,4.433988336,,,,
1469.png,LoG,512,512,FALSE,,0.162109524,24354,15776,2508,8.163085884,1,5.414213562,20473.0194,3820,0.186587036,18.65870356,12.25026925,0.92041707,0.858392495,0.092903137,0.101685281,186,254,440,0.364640236,0.368154158,0.949760766,0.204994929,0.747208931,0.051977688,0.271244377,0.571628535,0.218102598,0.051702801,0.043618009,0.08358999,0.671448074,-0.207823333,5.987876911,,,,
1469.png,Canny,512,512,FALSE,,0.9,62888,53887,2805,21.13739611,4,55.55634919,59290.39608,5002,0.084364422,8.436442208,4.730951698,0.986657262,0.974502199,0.239898682,0.235466963,627,419,1046,0.479958415,0.106352181,0.662388592,0.032085661,0.416042781,0.013324178,1,0.571628535,0.42270347,0.232038977,0.17620073,0.299609965,0.97822907,-0.008387012,3.86143162,,,,
1474.png,SLoG,512,512,FALSE,,0.35,130292,63963,660,133.8618936,1,9.301219331,88348.8498,2505,0.02835351,2.835351004,0.747038588,0.989704967,0.979894627,0.497024536,0.494832279,1482,1920,3402,0.404337496,0.021715679,0.903030303,0.010474806,0.695454545,0.004440067,0.519964039,0.735466754,0.402239318,0.492023727,0.284211659,0.442624325,0.994369701,-0.003069979,4.868647258,,,,
1474.png,LoG,512,512,FALSE,,0.19336009,82364,53284,4842,14.83404566,2,9.828427125,71826.4491,9337,0.129993897,12.99938966,6.741249304,0.969718874,0.942252834,0.314193726,0.341362704,542,1019,1561,0.341164917,0.242136476,0.901486989,0.099973726,0.605328377,0.021451092,0.301148385,0.735466754,0.241357313,0.203666705,0.124173972,0.220915935,0.591700378,-0.29404635,5.988936749,,,,
1474.png,Canny,512,512,FALSE,,0.9,71338,65057,1756,39.61577345,7.656854249,107.4705627,69565.29817,3389,0.048716818,4.871681843,2.524247069,0.994474053,0.989071122,0.272132874,0.271276017,407,126,533,0.400962591,0.048910955,0.543849658,0.013296033,0.31833713,0.004918764,1,0.735466754,0.380267992,0.25500264,0.180139531,0.30528514,0.922433905,-0.023475687,5.011205787,,,,
1476.png,SLoG,512,512,FALSE,,0.35,120413,60789,1085,71.19921196,1,16.6627417,77251.14498,3469,0.044905483,4.490548329,1.404509927,0.990244925,0.981065653,0.459339142,0.463456556,1278,1481,2759,0.367904305,0.039398575,0.84516129,0.016631298,0.60921659,0.006070177,0.519294858,0.780403042,0.382363051,0.449815907,0.260522018,0.413355759,0.994161539,-0.006206941,5.006397357,,,,
1476.png,LoG,512,512,FALSE,,0.185547173,78321,51499,4305,15.76150185,2,10.04264069,67853.26548,8408,0.123914449,12.39144489,6.344573057,0.970785856,0.944639702,0.298770905,0.326442747,532,916,1448,0.310197353,0.229868541,0.898025552,0.090933805,0.586295006,0.017922678,0.289033771,0.780403042,0.229886091,0.190488859,0.116284055,0.208341335,0.612382226,-0.267553166,6.175537259,,,,
1476.png,Canny,512,512,FALSE,,0.9,70248,65290,1776,38.74173694,7.414213562,105.7989899,68805.3248,3430,0.049850793,4.985079294,2.581195576,0.993965387,0.988267729,0.267974854,0.268636444,303,131,434,0.369116098,0.05588911,0.556306306,0.013233267,0.300675676,0.004380456,1,0.780403042,0.365480649,0.249217869,0.173953088,0.296354411,0.91118208,-0.024120796,5.155999721,,,,
1480.png,SLoG,512,512,FALSE,,0.35,141185,63197,419,218.7850598,1,8.8627417,91670.94006,2026,0.022100788,2.210078787,0.457069601,0.988440931,0.978210991,0.538578033,0.517221816,1508,2120,3628,0.435818136,0.013450006,0.914081146,0.007120591,0.735083532,0.002990648,0.517396688,0.708273554,0.431720496,0.525943816,0.310785122,0.474196902,0.995251941,-0.00284301,4.004523722,,,,
1480.png,LoG,512,512,FALSE,,0.189453274,87821,55860,4899,15.57225875,2,11.24264069,76288.49563,10145,0.132982043,13.29820429,6.421675981,0.976467967,0.954368063,0.335010529,0.36641956,608,1043,1651,0.382726699,0.237665593,0.888548683,0.09226638,0.572361706,0.018546366,0.298776835,0.708273554,0.272092303,0.234830638,0.144224982,0.252092,0.58953124,-0.308885256,5.029877055,,,,
1480.png,Canny,512,512,FALSE,,0.9,70195,63731,1755,39.02853914,7.828427125,103.0558441,68495.08619,3433,0.050120384,5.012038368,2.562227595,0.993856966,0.987965041,0.267772675,0.273183052,399,138,537,0.429767638,0.050807299,0.536182336,0.013509909,0.312250712,0.004770049,1,0.708273554,0.404461195,0.260249837,0.188150767,0.316711939,0.920422886,-0.024664439,4.139251645,,,,
1488.png,SLoG,512,512,FALSE,,0.35,66441,44290,7845,5.958844925,1.414213562,10.48528137,46747.13843,12191,0.260786016,26.07860162,16.78177588,0.973978341,0.950304809,0.253452301,0.270668272,574,452,1026,0.451785326,0.446195529,0.8930529,0.172951005,0.597323136,0.051253105,0.499298304,0.473501295,0.320859095,0.201508442,0.141258818,0.247549137,0.948464381,-0.052092158,5.100714442,,,,
1488.png,LoG,512,512,FALSE,,0.169922024,23447,15008,2360,8.755989949,1,4.414213562,20664.13628,3440,0.166471995,16.64719954,11.42075317,0.91880995,0.858808635,0.089443207,0.098313487,137,244,381,0.357430756,0.345682303,0.967372881,0.205956823,0.787288136,0.058568763,0.290620327,0.473501295,0.15443686,0.035229429,0.029532939,0.057371528,0.615251364,-0.261950452,8.170932001,,,,
1488.png,Canny,512,512,FALSE,,0.9,59076,49334,3011,18.19920941,3.414213562,47.79898987,54797.81953,5241,0.095642492,9.564249172,5.494744182,0.982182682,0.966068026,0.225357056,0.22578548,680,430,1110,0.531480014,0.120586208,0.682165394,0.038594073,0.436399867,0.016763287,1,0.473501295,0.435744539,0.228280862,0.176196199,0.299603415,1.005627819,0.005670007,4.031994418,,,,
1495.png,SLoG,512,512,FALSE,,0.35,15787,8665,732,13.54462846,2.414213562,32.66934342,9914.668032,1325,0.13364038,13.36403797,7.383000597,0.968436241,0.938257357,0.060222626,0.325538715,164,128,292,0.380816013,0.188920946,0.75136612,0.061627236,0.464480874,0.021004039,0.67037791,0.613144898,0.198644454,0.179826825,0.104220671,0.188767832,0.73005459,-0.131952264,7.339462329,,,,
1495.png,LoG,512,512,FALSE,,0.271484494,17387,10332,534,29.44013731,1.414213562,10.11837662,15721.03332,1319,0.083900337,8.390033739,3.396723288,0.967479646,0.936217576,0.066326141,0.358531807,126,231,357,0.358989894,0.135985288,0.898876404,0.059136663,0.631086142,0.012485482,0.456201434,0.613144898,0.129061943,0.128677103,0.068872384,0.128869236,0.244063996,-0.488441128,7.918421372,,,,
1495.png,Canny,512,512,FALSE,,0.9,12725,11377,451,26.80116575,10.24264069,74.87005769,12087.32575,886,0.073299919,7.329991911,3.731180984,0.983255684,0.967654039,0.048542023,0.25740798,80,28,108,0.418023705,0.070405203,0.498891353,0.017315637,0.261640798,0.005010108,1,0.613144898,0.289273412,0.207064625,0.137242978,0.241360872,0.713233933,-0.080926856,6.462178052,,,,
1496.png,SLoG,512,512,FALSE,,0.35,110922,58060,1969,35.7962355,2,49.56812409,70482.7877,4596,0.065207409,6.52074095,2.793589846,0.987977982,0.976989321,0.42313385,0.42655497,1129,1142,2271,0.364705652,0.071443334,0.757237176,0.028091629,0.524631793,0.009679642,0.517778099,0.775959992,0.372687044,0.401758293,0.239677383,0.386677028,0.998034219,-0.004849462,5.127714654,,,,
1496.png,LoG,512,512,FALSE,,0.185547352,73201,49011,4923,12.68077507,2,9.414213562,62427.45567,9088,0.145576973,14.55769725,7.885953299,0.966028035,0.935606292,0.279239655,0.303447786,499,792,1291,0.303160459,0.27363245,0.90432663,0.109914101,0.601056267,0.022627573,0.286143243,0.775959992,0.2343421,0.179713143,0.113228625,0.203423847,0.646219084,-0.241162048,6.37363136,,,,
1496.png,Canny,512,512,FALSE,,0.9,70359,65190,1801,38.29070881,7.414213562,104.3847763,68961.56657,3398,0.049273823,4.927382264,2.611599605,0.993749022,0.987743519,0.268398285,0.267332893,322,145,467,0.371930778,0.053612517,0.559689062,0.014097254,0.327040533,0.005031447,1,0.775959992,0.371600406,0.251058036,0.176236127,0.299661137,0.948009462,-0.018616992,5.116948944,,,,
1498.png,SLoG,512,512,FALSE,,0.35,144053,66414,409,240.2057009,1,7.165685425,98244.13169,1756,0.017873841,1.787384111,0.416309853,0.990024686,0.98126901,0.549518585,0.532954813,1364,2173,3537,0.416683018,0.014304213,0.926650367,0.006429367,0.701711491,0.00261993,0.507788658,0.720105171,0.40831962,0.541842119,0.303525335,0.465699173,0.987283495,-0.016469125,5.506933689,,,,
1498.png,LoG,512,512,FALSE,,0.224609524,68640,45127,4685,13.00015433,2,8.414213562,60905.72306,8632,0.14172724,14.17272395,7.692216371,0.961442173,0.927028165,0.26184082,0.287352704,413,774,1187,0.328666955,0.273472644,0.91696905,0.11870942,0.626467449,0.024530769,0.357984841,0.720105171,0.196597298,0.140661407,0.089319126,0.163990742,0.516228703,-0.344462678,7.671322333,,,,
1498.png,Canny,512,512,FALSE,,0.9,72084,65773,1681,41.96715629,7,101.3847763,70546.78973,3341,0.04735864,4.735863975,2.382815726,0.995127201,0.990421602,0.274978638,0.277591735,420,123,543,0.409094065,0.047998419,0.547888162,0.012315084,0.309934563,0.004469919,1,0.720105171,0.386370164,0.267049788,0.187518342,0.315815488,0.953198972,-0.015006203,5.704632974,,,,
150.png,SLoG,512,512,FALSE,,0.35,74068,49984,7853,6.756511879,1.414213562,11.82842712,53058.88778,12599,0.237453149,23.74531493,14.8005364,0.977992952,0.958006562,0.282546997,0.298101896,661,640,1301,0.422305942,0.389604673,0.879663823,0.157890525,0.602954285,0.044074104,0.499534994,0.472953469,0.302044584,0.215856962,0.144020271,0.25177923,0.949122382,-0.051432211,5.059781167,,,,
150.png,LoG,512,512,FALSE,,0.166015774,21587,13485,2016,8.722634039,1,5.414213562,17584.83022,2981,0.169521114,16.95211135,11.46442686,0.920689642,0.865035224,0.08234787,0.089969192,188,248,436,0.327891827,0.339414164,0.952380952,0.193177605,0.768353175,0.053244346,0.284979135,0.472953469,0.124739354,0.026904664,0.022632119,0.044262484,0.579806296,-0.277363947,8.506060973,,,,
150.png,Canny,512,512,FALSE,,0.9,56997,47752,2978,17.66527764,3.414213562,47.07178208,52607.1968,4993,0.094910969,9.491096853,5.660822437,0.979906619,0.961823589,0.2174263,0.217254274,534,388,922,0.510063112,0.124853409,0.669576897,0.037946055,0.42578912,0.017213939,1,0.472953469,0.410223936,0.213658215,0.163450364,0.280975225,1.017961038,0.008940022,4.060205606,,,,
1503.png,SLoG,512,512,FALSE,,0.35,112435,56610,790,94.47610841,1,12.85269119,74636.12565,2598,0.034808881,3.480888079,1.058468661,0.989586651,0.980427486,0.428905487,0.482528396,1104,1475,2579,0.375200242,0.032715068,0.873417722,0.013531178,0.629113924,0.004981452,0.52711904,0.77056843,0.381395654,0.487414791,0.272213301,0.427936575,0.989607798,-0.008955532,5.42583953,,,,
1503.png,LoG,512,512,FALSE,,0.193359524,77167,48935,3632,18.40736593,2,10.65685425,66855.55307,7386,0.110476986,11.0476986,5.432607814,0.976152062,0.95402064,0.294368744,0.348934515,562,1011,1573,0.305810034,0.204230101,0.893171806,0.077510984,0.575715859,0.016368652,0.309820414,0.77056843,0.20711693,0.191407794,0.110465036,0.198952749,0.552053586,-0.315099238,7.218292877,,,,
1503.png,Canny,512,512,FALSE,,0.9,63793,58934,1590,39.19965312,7.828427125,97.62914139,62327.44847,3023,0.048501905,4.850190525,2.551042982,0.993272126,0.986917569,0.243350983,0.270743148,295,96,391,0.378699809,0.056181491,0.55408805,0.0127261,0.300628931,0.004700173,1,0.77056843,0.368212651,0.264031819,0.181710997,0.30753881,0.940272442,-0.021789418,5.49104885,,,,
1507.png,SLoG,512,512,FALSE,,0.35,77126,52502,6861,8.455914378,1.414213562,13.24264069,58016.02855,11163,0.192412343,19.24123433,11.82604217,0.980181694,0.961944307,0.294212341,0.307067316,774,792,1566,0.399750352,0.319283075,0.86809503,0.121919165,0.586649177,0.039541351,0.495647341,0.601002693,0.350828053,0.26062363,0.175828819,0.299072137,0.975699156,-0.023899235,4.668457069,,,,
1507.png,LoG,512,512,FALSE,,0.169922352,26009,16566,2593,8.069257137,1,6,20923.58376,3945,0.188543227,18.85432269,12.39271451,0.928528309,0.873717252,0.099216461,0.108554513,160,260,420,0.336860925,0.372087408,0.94446587,0.199203187,0.732741998,0.049619703,0.284035891,0.601002693,0.213461538,0.05606004,0.046462566,0.08879929,0.693397042,-0.192900011,6.444653459,,,,
1507.png,Canny,512,512,FALSE,,0.9,60052,52189,2853,19.76621044,3.828427125,48.86761902,56392.99839,4901,0.086907952,8.690795205,5.05913869,0.985744119,0.972407979,0.2290802,0.225526176,475,337,812,0.451785862,0.112724904,0.673676831,0.03437506,0.42341395,0.014102589,1,0.601002693,0.410470972,0.223957334,0.169452406,0.289797866,1.016090607,0.003946165,4.122998007,,,,
1511.png,SLoG,512,512,FALSE,,0.35,80541,49428,6910,7.785765246,2,15.24264069,53799.63785,11200,0.20817984,20.817984,12.84395263,0.981650054,0.964716355,0.307239532,0.317152954,725,506,1231,0.430717945,0.341081978,0.835745297,0.12185401,0.545151954,0.038561139,0.494908214,0.593551302,0.362438004,0.265624096,0.181034426,0.306569262,0.952296525,-0.046021435,4.340063744,,,,
1511.png,LoG,512,512,FALSE,,0.181640774,26683,17885,2944,7.773488643,1,5,22885.15057,4503,0.196765146,19.67651463,12.86423697,0.919485629,0.856975119,0.101787567,0.111218201,166,276,442,0.341694087,0.391165781,0.960597826,0.209169695,0.73607337,0.052110707,0.297828883,0.593551302,0.195415666,0.050222719,0.041617065,0.079908571,0.646402178,-0.240758245,6.181965746,,,,
1511.png,Canny,512,512,FALSE,,0.9,64326,55620,2667,22.89250731,4,58.99898987,61054.317,4933,0.080796907,8.079690745,4.368241479,0.989509165,0.979899317,0.245384216,0.243081198,684,357,1041,0.476406187,0.095037756,0.64791901,0.027975548,0.398575178,0.01175836,1,0.593551302,0.430552695,0.241848088,0.183236665,0.309721073,0.978519574,-0.00753812,3.770634885,,,,
1512.png,SLoG,512,512,FALSE,,0.35,79141,42581,1724,30.70588444,1.414213562,34.48355698,52936.94478,3999,0.075542705,7.554270495,3.256704759,0.987306535,0.975716869,0.301898956,0.421469542,941,928,1869,0.389846236,0.080787206,0.778422274,0.033911839,0.563805104,0.013268829,0.545144081,0.723470712,0.388349768,0.407136598,0.248066543,0.397521341,0.987132101,-0.015793921,4.503870942,,,,
1512.png,LoG,512,512,FALSE,,0.201172039,62688,40993,3635,15.32760062,2,10.82842712,55715.82825,7051,0.126552906,12.65529064,6.524178342,0.975800753,0.953601834,0.239135742,0.344557475,462,800,1262,0.344448954,0.233039787,0.889958735,0.096138365,0.604676754,0.020954797,0.317660511,0.723470712,0.251657534,0.215686275,0.131405738,0.232287558,0.613406785,-0.290479865,5.592976786,,,,
1512.png,Canny,512,512,FALSE,,0.9,51319,46651,1544,32.16574609,6,83.00731599,49663.91196,2861,0.057607222,5.760722197,3.108897264,0.992872596,0.986302544,0.195766449,0.265201308,278,125,403,0.407197595,0.063921459,0.587435233,0.018091788,0.353626943,0.006602216,1,0.723470712,0.388691699,0.25640815,0.182722988,0.308986956,0.913369381,-0.026056054,4.448376813,,,,
1515.png,SLoG,512,512,FALSE,,0.35,112263,58354,1897,38.39215673,2,39.79310242,72829.92132,4736,0.065028218,6.502821799,2.604698681,0.989109576,0.978956027,0.428249359,0.43933135,1246,1286,2532,0.372035295,0.064914145,0.750658935,0.026030778,0.527675277,0.009870789,0.504503787,0.760677052,0.374885566,0.412382381,0.244354523,0.392741005,0.996209147,-0.006935893,4.812036576,,,,
1515.png,LoG,512,512,FALSE,,0.166015953,69154,45796,4705,12.34949137,2,10.41421356,58104.3569,8943,0.153912727,15.39127266,8.097499484,0.962955296,0.929819198,0.263801575,0.288503917,441,806,1247,0.319268495,0.276552537,0.895217853,0.114158442,0.59936238,0.022447375,0.260929823,0.760677052,0.245487417,0.177333235,0.114775914,0.205917462,0.657743426,-0.221204924,5.637389832,,,,
1515.png,Canny,512,512,FALSE,,0.9,69041,63587,1790,37.63444524,6.828427125,110.4411255,67365.65698,3324,0.049342649,4.934264949,2.65714027,0.993504941,0.987450265,0.263370514,0.263618082,316,132,448,0.38320896,0.055750389,0.574301676,0.014059478,0.326815642,0.005347005,1,0.760677052,0.381672838,0.251927535,0.178908788,0.303515911,0.944347303,-0.019799949,4.729231847,,,,
1518.png,SLoG,512,512,FALSE,,0.35,90448,53159,4591,13.27817101,2,24.72792206,60960.08309,8203,0.134563465,13.45634649,7.531157714,0.986154735,0.973306496,0.345031738,0.36473436,868,834,1702,0.37224704,0.194680111,0.790677412,0.071841081,0.527336092,0.023815346,0.498932064,0.721971989,0.370688467,0.327779639,0.210592234,0.347916049,0.990640368,-0.015371249,4.446281836,,,,
1518.png,LoG,512,512,FALSE,,0.154297516,44752,30147,4750,7.621417525,1,7.414213562,36201.73324,7516,0.207614369,20.76143689,13.12091874,0.937987208,0.887816366,0.170715332,0.187082778,276,439,715,0.319552034,0.392145155,0.926736842,0.186917438,0.678736842,0.045178625,0.245558962,0.721971989,0.261215079,0.118475425,0.088740342,0.163014703,0.690418338,-0.196709136,5.291179365,,,,
1518.png,Canny,512,512,FALSE,,0.9,65563,59792,2064,30.84868283,5.121320344,85.55462479,63671.68136,3761,0.059068646,5.906864589,3.24162949,0.991520584,0.983609847,0.250102997,0.253038336,371,187,558,0.395626336,0.067835162,0.60998062,0.020554589,0.382267442,0.007542815,1,0.721971989,0.39999338,0.245377844,0.179359684,0.304164517,0.968817018,-0.013706372,4.15710272,,,,
1524.png,SLoG,512,512,FALSE,,0.35,110569,59068,2370,31.29919899,2.414213562,40.05878785,74179.10162,5766,0.077730788,7.77307877,3.194969942,0.988674045,0.977906819,0.421787262,0.429070425,1324,1312,2636,0.398984045,0.08476671,0.742616034,0.031658428,0.497468354,0.010411729,0.503832996,0.714337647,0.385008834,0.406017746,0.246287855,0.395234302,1.003940276,-0.001498672,4.972638964,,,,
1524.png,LoG,512,512,FALSE,,0.154297367,75882,49240,5277,11.88480114,2,10.41421356,62716.09564,9990,0.159289253,15.92892526,8.414107967,0.967018664,0.937063363,0.289466858,0.3146106,496,893,1389,0.352754533,0.277822908,0.893310593,0.120633631,0.609816183,0.024086109,0.243068799,0.714337647,0.268098192,0.207306528,0.132384552,0.233815539,0.662717984,-0.221725937,5.690753664,,,,
1524.png,Canny,512,512,FALSE,,0.9,69396,62977,1986,34.01294322,6.414213562,85.17766953,67549.70524,3842,0.056876636,5.687663604,2.940057241,0.993219733,0.986836464,0.264724731,0.263120642,437,217,654,0.406945109,0.063610524,0.585599194,0.016037601,0.336858006,0.006367404,1,0.714337647,0.38467783,0.248769893,0.177956304,0.302144152,0.926792891,-0.02356829,4.988693641,,,,
1527.png,SLoG,512,512,FALSE,,0.35,65951,44965,7596,6.302816092,1,10.82842712,47876.19103,11589,0.242061863,24.20618631,15.86592383,0.97069943,0.944245524,0.251583099,0.26602709,593,530,1123,0.421235561,0.40831758,0.889810427,0.166707439,0.615323855,0.052240632,0.497194827,0.527869463,0.323934798,0.206036588,0.144080844,0.251871789,0.972210472,-0.029197944,5.308829423,,,,
1527.png,LoG,512,512,FALSE,,0.166015789,23789,15145,2080,9.870910855,1,5.414213562,20531.49458,3197,0.155711996,15.57119959,10.13077734,0.931627572,0.881545064,0.090747833,0.09954878,156,288,444,0.3649984,0.311786068,0.948557692,0.174380984,0.751442308,0.047144272,0.282450318,0.527869463,0.207753437,0.04944758,0.041602816,0.079882303,0.676768292,-0.2085021,7.707985975,,,,
1527.png,Canny,512,512,FALSE,,0.9,59548,50938,2943,18.97801886,3.828427125,48.82253967,55852.3095,5116,0.091598719,9.159871894,5.269253906,0.984451711,0.970002748,0.227157593,0.224257873,556,405,961,0.492914826,0.117535043,0.667346245,0.035945659,0.417601087,0.014802309,1,0.527869463,0.414655542,0.22232897,0.169219637,0.289457398,0.987028027,-0.002609793,4.446829667,,,,
1528.png,SLoG,512,512,FALSE,,0.35,68366,37088,1316,35.37341953,1,33.3492424,46551.42011,3073,0.066013024,6.601302373,2.826981426,0.987071276,0.975436799,0.260795593,0.429746428,780,882,1662,0.365378857,0.069267688,0.802431611,0.032652071,0.6056231,0.012349008,0.552835524,0.762628436,0.379306696,0.414882183,0.24711421,0.396297642,0.99376541,-0.011555535,4.581551904,,,,
1528.png,LoG,512,512,FALSE,,0.181640759,53133,34354,2749,16.66855049,2,10,45821.84529,5499,0.120008262,12.00082617,5.999321902,0.975315809,0.953338767,0.20268631,0.344819745,435,717,1152,0.31854406,0.218751819,0.898508549,0.088053793,0.602400873,0.018484019,0.286913604,0.762628436,0.241281206,0.211756924,0.12711427,0.225557023,0.61160571,-0.283211637,5.725044501,,,,
1528.png,Canny,512,512,FALSE,,0.9,43536,39937,1231,34.33872471,5.828427125,100.4558441,42270.97012,2215,0.052400028,5.240002758,2.912164061,0.991186142,0.983198538,0.16607666,0.264538302,184,98,282,0.378875643,0.055512432,0.577579204,0.016826502,0.360682372,0.00668553,1,0.762628436,0.370450415,0.249425382,0.175173327,0.298123388,0.914635281,-0.031046333,4.59021586,,,,
1532.png,SLoG,512,512,FALSE,,0.35,98017,55190,4472,14.36018896,2.414213562,25.72792206,64218.76505,8321,0.129572719,12.9572719,6.963696665,0.986301839,0.973400978,0.373905182,0.381226486,1021,905,1926,0.412641317,0.184526182,0.771914132,0.063381047,0.495751342,0.020945824,0.501192987,0.680491543,0.390319857,0.348553244,0.225682513,0.36825607,0.985046398,-0.015451749,4.22699206,,,,
1532.png,LoG,512,512,FALSE,,0.166016877,41688,28298,5226,6.171679437,1,6.414213562,32253.19674,7971,0.247138293,24.71382934,16.20304506,0.925595462,0.864478055,0.1590271,0.17334671,289,371,660,0.345841587,0.454519754,0.941446613,0.225316277,0.703214696,0.055551629,0.259910226,0.680491543,0.263841999,0.107133415,0.082478968,0.152389044,0.687842981,-0.209497297,5.203879042,,,,
1532.png,Canny,512,512,FALSE,,0.9,67998,60882,2193,29.92301524,5.828427125,79.27005769,65621.17241,4160,0.063394174,6.339417366,3.341909203,0.992354035,0.985184455,0.259391785,0.257261099,492,236,728,0.431774378,0.068312473,0.593251254,0.020515095,0.368445052,0.00758845,1,0.680491543,0.413977446,0.249468788,0.18436211,0.311327268,0.964140193,-0.013494218,4.049733166,,,,
1533.png,SLoG,512,512,FALSE,,0.35,111727,57250,2374,29.80269534,2,39.91492783,70751.59873,5581,0.07888161,7.888160974,3.35540121,0.987860262,0.976419214,0.426204681,0.430892983,1391,1219,2610,0.416059762,0.085729258,0.761583825,0.033659389,0.533277169,0.012576419,0.509841979,0.713866174,0.404131598,0.406753495,0.254263168,0.405438308,0.988590617,-0.011574978,3.956607915,,,,
1533.png,LoG,512,512,FALSE,,0.158203274,75335,48990,5908,10.23229828,2,9.828427125,60452.41822,11063,0.183003432,18.30034319,9.772975463,0.966391087,0.93557869,0.287380219,0.310791253,569,883,1452,0.370221645,0.329087569,0.901150982,0.131557461,0.59140149,0.02602572,0.246290892,0.713866174,0.276033325,0.200386919,0.131352594,0.232204522,0.626508624,-0.257939613,4.656071037,,,,
1533.png,Canny,512,512,FALSE,,0.9,70071,63578,1938,35.29151509,6.242640687,92.55878785,68394.95625,3796,0.055501169,5.550116862,2.833542276,0.993920863,0.988077637,0.267299652,0.266321989,447,189,636,0.423573166,0.062411526,0.58875129,0.016247759,0.339525284,0.005709522,1,0.713866174,0.409781994,0.254917096,0.186457031,0.314308948,0.923762184,-0.022945248,3.925707081,,,,
1535.png,SLoG,512,512,FALSE,,0.35,3051,1156,89,14.67593835,4.414213562,38.16223664,1306.158513,186,0.142402318,14.24023181,6.813874359,0.86678201,0.762110727,0.011638641,0.243865398,26,15,41,0.535091341,0.171280277,0.651685393,0.046712803,0.325842697,0.008650519,0.943701565,0,0.038020321,0.020191471,0.013364055,0.026375625,0.041829204,-0.455749469,18.58439488,,,,
1535.png,LoG,512,512,FALSE,,0.259765685,4471,2493,18,316.3417827,1,19.61959595,5694.152088,65,0.01141522,1.141522021,0.31611379,0.924989998,0.856397914,0.017055511,0.357365518,6,22,28,0.458662033,0.011632571,0.833333333,0.006819093,0.666666667,0.002807862,0.469044924,0,0.000447327,0.000348129,0.00019581,0.000391543,0.06709946,-0.713160294,21.06262858,,,,
1535.png,Canny,512,512,FALSE,,0.9,2446,2124,128,17.70941614,7.035533906,48.92081528,2266.805266,249,0.109846224,10.98462244,5.646713545,0.957627118,0.919491525,0.00933075,0.195507953,26,9,35,0.589963675,0.124293785,0.5859375,0.027306968,0.2890625,0.008945386,1,0,0.201962388,0.085987815,0.06418085,0.120620193,0.313747686,-0.191765916,14.21252535,,,,
1537.png,SLoG,512,512,FALSE,,0.35,2793,1143,40,41.51124817,2,82.4276262,1660.449927,125,0.075280801,7.528080069,2.408985622,0.891951025,0.795275591,0.010654449,0.375403226,9,38,47,0.346842915,0.078740157,0.775,0.034995626,0.55,0.006124234,0.980295837,0,0.52094522,0.318102317,0.246109608,0.395004751,1.107769785,0.094535277,6.349238374,,,,
1537.png,LoG,512,512,FALSE,,0.220703125,1455,990,21,87.9519583,1,213.3086579,1846.991124,75,0.040606584,4.060658387,1.136984348,0.913636386,0.828282828,0.005550385,0.195564516,11,28,39,0.758503139,0.031313131,0.80952381,0.022222222,0.714285714,0.008080808,0.385519594,0,0.00137457,0.000437254,0.00033184,0.00066346,0.267694878,-0.23975879,12.58593496,,,,
1537.png,Canny,512,512,FALSE,,0.9,802,703,46,15.88426501,2,25.3137085,730.6761902,70,0.095801671,9.580167102,6.295538381,0.911095321,0.840682788,0.003059387,0.107795699,1,2,3,0.544948876,0.142247511,0.760869565,0.054054054,0.52173913,0.018492176,1,0,0.300498753,0.052689112,0.046932814,0.089657738,0.433385716,-0.036028543,8.682931517,,,,
1538.png,SLoG,512,512,FALSE,,0.35,110180,58523,2010,35.62324081,2.414213562,52.19848481,71602.71403,4774,0.06667345,6.667345037,2.807156163,0.988038898,0.97703467,0.420303345,0.422266258,1212,1083,2295,0.392749727,0.067870752,0.720895522,0.02530629,0.493532338,0.010081506,0.523761034,0.743507934,0.39062624,0.402564339,0.247275833,0.396505451,0.997078438,-0.005222957,4.715497693,,,,
1538.png,LoG,512,512,FALSE,,0.173828274,74760,50498,5406,12.05713945,2,10,65180.89585,10036,0.153971495,15.39714953,8.293841208,0.967869997,0.938690641,0.285186768,0.309657175,538,911,1449,0.3422364,0.282585449,0.89881613,0.12020278,0.615797262,0.024555428,0.267056823,0.743507934,0.264364861,0.199789373,0.128403953,0.227585082,0.664804612,-0.232090446,5.662637687,,,,
1538.png,Canny,512,512,FALSE,,0.9,69767,63104,2176,31.07129308,6.242640687,82.76345597,67611.13374,4102,0.060670481,6.067048092,3.218404839,0.992773831,0.985880451,0.266139984,0.263396916,460,197,657,0.402898282,0.067729462,0.583639706,0.018651749,0.34375,0.00665568,1,0.743507934,0.388780201,0.249920759,0.179423186,0.304255822,0.935888105,-0.021335665,4.673742828,,,,
1553.png,SLoG,512,512,FALSE,,0.35,69375,47228,7265,6.940841526,1.414213562,13,50425.21369,11446,0.226989618,22.69896182,14.40747489,0.974739552,0.951681206,0.264644623,0.27643801,602,573,1175,0.410279125,0.376704497,0.867584308,0.145019903,0.586235375,0.045290929,0.494777471,0.570679617,0.340689822,0.226507377,0.15747812,0.272105567,0.972341348,-0.026396617,4.962269622,,,,
1553.png,LoG,512,512,FALSE,,0.173828438,22774,14322,2086,9.022778354,1,5.414213562,18821.51565,3129,0.16624591,16.62459102,11.08306068,0.919948339,0.860843458,0.086875916,0.094863044,161,267,428,0.338568658,0.327049295,0.94966443,0.183982684,0.754554171,0.050481776,0.294814557,0.570679617,0.216657881,0.049430725,0.041935923,0.080496165,0.688526322,-0.192798467,6.87868901,,,,
1553.png,Canny,512,512,FALSE,,0.9,59757,51410,2785,20.13924002,4.414213562,50.97300141,56087.78345,4831,0.086132839,8.613283861,4.965430667,0.984419346,0.970278156,0.227954865,0.223922456,509,370,879,0.477122158,0.110737211,0.65529623,0.031530831,0.399281867,0.013791091,1,0.570679617,0.412904306,0.222368105,0.168949841,0.289062602,1.002800696,-0.002808057,4.347174064,,,,
1557.png,SLoG,512,512,FALSE,,0.35,57037,39243,6722,6.145091195,1,10.07106781,41307.30301,10222,0.247462295,24.74622949,16.2731515,0.96427387,0.933236501,0.217578888,0.238984515,512,463,975,0.403244436,0.416634814,0.898839631,0.174324083,0.626152931,0.052697296,0.518244386,0.465895462,0.262161257,0.153186009,0.107038218,0.193377638,0.959322011,-0.041185097,6.606578382,,,,
1557.png,LoG,512,512,FALSE,,0.166015789,28192,17327,2039,11.79695908,1,5.828427125,24053.99955,3215,0.133657606,13.36576062,8.476760779,0.938506365,0.892191378,0.107543945,0.118782261,215,330,545,0.34343943,0.265712472,0.937714566,0.143994921,0.730259931,0.04063023,0.289014548,0.465895462,0.15491309,0.04499047,0.036124347,0.069729751,0.518355567,-0.290515047,9.845562526,,,,
1557.png,Canny,512,512,FALSE,,0.9,54824,45822,2857,17.71940137,4,44.75634919,50624.3297,4643,0.091714795,9.171479459,5.643531513,0.977030694,0.95694208,0.209136963,0.214541241,536,349,885,0.518211842,0.118021911,0.649282464,0.037580202,0.418620931,0.016695037,1,0.465895462,0.3934716,0.206397775,0.156580459,0.27076449,0.981021316,-0.001590396,4.956802315,,,,
1558.png,SLoG,512,512,FALSE,,0.35,89477,55512,5222,11.85365747,2,21.07106781,61899.79932,9087,0.146801768,14.68017683,8.436214749,0.985192418,0.9715557,0.341327667,0.352056432,819,821,1640,0.365052313,0.222042081,0.811374952,0.079172071,0.530831099,0.026192535,0.496581554,0.718943799,0.368036335,0.31972873,0.20640796,0.342186005,0.996486906,-0.010891103,4.497153635,,,,
1558.png,LoG,512,512,FALSE,,0.169922188,33122,21829,3158,8.41314022,1,7,26568.69681,4968,0.186986966,18.69869657,11.88616823,0.934788585,0.883182922,0.126350403,0.137751979,225,347,572,0.313791007,0.364056988,0.930652312,0.170781987,0.680177327,0.042878739,0.274361283,0.718943799,0.266588072,0.090618578,0.072535408,0.135259699,0.749378159,-0.155593366,5.272722784,,,,
1558.png,Canny,512,512,FALSE,,0.9,64126,58232,2278,27.16162097,4.414213562,71.94995667,61874.17256,4063,0.065665525,6.566552459,3.681665396,0.989893854,0.980560517,0.244621277,0.242611878,372,232,604,0.389928013,0.078479187,0.633011414,0.023767001,0.396839333,0.008946971,1,0.718943799,0.389389492,0.23311755,0.170712437,0.291638547,0.940887216,-0.016231439,4.327097241,,,,
156.png,SLoG,512,512,FALSE,,0.35,125992,62096,751,109.6099562,1,11.41421356,82317.07708,2936,0.035666961,3.566696127,0.912325883,0.989161968,0.979225715,0.480621338,0.479527739,1508,1792,3300,0.388313979,0.027376965,0.888149134,0.012335738,0.672436751,0.004734604,0.526373029,0.754089153,0.420276034,0.475055612,0.28699302,0.445990018,1.000334409,-0.002993424,3.779286835,,,,
156.png,LoG,512,512,FALSE,,0.189454168,89358,57762,5205,14.31395218,2,12.24264069,74504.1211,10525,0.141267353,14.12673533,6.986190727,0.97463733,0.950624978,0.340873718,0.365091771,565,1121,1686,0.345644146,0.24495343,0.877425552,0.094491188,0.560999039,0.017918355,0.291465014,0.754089153,0.276869997,0.238272561,0.146871395,0.256125308,0.620859508,-0.280472635,4.678989951,,,,
156.png,Canny,512,512,FALSE,,0.9,72244,66806,1900,37.12163301,8,102.3754401,70531.10272,3562,0.050502542,5.050254232,2.693847008,0.994439125,0.989132713,0.275588989,0.275212538,332,117,449,0.38829276,0.054516061,0.543157895,0.013456875,0.306315789,0.005029488,1,0.754089153,0.399283999,0.259027703,0.18639072,0.314214731,0.910962391,-0.026864525,3.861656201,,,,
1561.png,SLoG,512,512,FALSE,,0.35,91298,56430,4804,13.21731179,2,21.07106781,63495.96585,8454,0.133142317,13.31423168,7.565834988,0.985805452,0.972869041,0.348274231,0.360704486,813,851,1664,0.348418951,0.196136807,0.809117402,0.073967748,0.548501249,0.024189261,0.49962306,0.754749584,0.37301716,0.333495512,0.213703392,0.352150934,0.997474644,-0.011328305,4.428896,,,,
1561.png,LoG,512,512,FALSE,,0.158203438,41777,28121,4038,8.345409193,1,8,33698.76232,6438,0.191045592,19.10455921,11.98263592,0.94089824,0.892464706,0.159366608,0.174129312,269,417,686,0.31063205,0.361473632,0.921991085,0.169197397,0.674839029,0.041036947,0.251101613,0.754749584,0.284508191,0.12279376,0.093821185,0.171547573,0.758820974,-0.148604386,5.01582427,,,,
1561.png,Canny,512,512,FALSE,,0.9,64716,59289,2147,29.12618042,5.414213562,83.70437226,62533.90936,3822,0.06111884,6.111883999,3.433337244,0.990453541,0.981548011,0.246871948,0.245475845,312,180,492,0.366315395,0.071918906,0.608756404,0.021622898,0.377736376,0.007724873,1,0.754749584,0.384595753,0.234003789,0.17025427,0.290969706,0.949438808,-0.017729788,4.368378559,,,,
1564.png,SLoG,512,512,FALSE,,0.35,13004,7088,928,8.572691581,2,23.12670273,7955.457787,1524,0.1915666,19.15666,11.66494782,0.962895036,0.927624153,0.049606323,0.282898601,131,93,224,0.466498673,0.305445824,0.80387931,0.1001693,0.505387931,0.036681716,0.678197265,0.484572345,0.204014149,0.145044011,0.092626213,0.169547851,0.663811621,-0.171978004,7.197917547,,,,
1564.png,LoG,512,512,FALSE,,0.251953244,15642,9670,662,24.32689136,1,10.2254834,16104.40208,1393,0.086498089,8.649808872,4.110677296,0.964839697,0.931437435,0.059669495,0.340287598,74,141,215,0.447109103,0.1663909,0.897280967,0.077973113,0.641993958,0.01737332,0.425296396,0.484572345,0.157780335,0.134929747,0.078436358,0.145463118,0.251629551,-0.485568083,7.817485902,,,,
1564.png,Canny,512,512,FALSE,,0.9,12361,10538,481,24.04395678,6.828427125,61.45584412,11565.14321,890,0.076955381,7.695538081,4.159049232,0.980024695,0.961757449,0.047153473,0.263188809,94,45,139,0.507054925,0.091858038,0.58004158,0.022395141,0.326403326,0.009109888,1,0.484572345,0.314184163,0.207807118,0.14295923,0.250156307,0.616185537,-0.109063174,5.904194505,,,,
1567.png,SLoG,512,512,FALSE,,0.35,13962,7736,873,10.45396304,2.414213562,22.67939392,9126.309735,1530,0.16764717,16.764717,9.565750291,0.968265235,0.937306101,0.053260803,0.292864035,150,116,266,0.481957167,0.260470527,0.778923253,0.085056877,0.489117984,0.02934333,0.671174467,0.421657377,0.216301389,0.160955071,0.101666386,0.184568373,0.746727674,-0.130906016,7.933979596,,,,
1567.png,LoG,512,512,FALSE,,0.224609494,17240,10670,604,30.52418972,1.414213562,11.94680374,18436.61059,1379,0.074796828,7.479682846,3.276090239,0.968978465,0.938987816,0.065765381,0.361622687,93,161,254,0.472894698,0.137394564,0.885761589,0.057544517,0.604304636,0.015370197,0.379854739,0.421657377,0.18787703,0.172626979,0.098858503,0.17992945,0.319442318,-0.450993785,8.351459374,,,,
1567.png,Canny,512,512,FALSE,,0.9,12436,10577,490,23.96234148,5,57.3529004,11741.54732,961,0.081846112,8.184611222,4.173214879,0.979861975,0.961425735,0.047439575,0.253429542,145,66,211,0.524199188,0.085752104,0.597959184,0.025810721,0.363265306,0.009738111,1,0.421657377,0.312862109,0.201460321,0.139663772,0.24509645,0.660349122,-0.091040535,6.65413097,,,,
1571.png,SLoG,512,512,FALSE,,0.35,91534,51813,4576,12.87629562,2,25.77817459,58921.92876,8177,0.138776856,13.87768556,7.766208772,0.986972392,0.974851871,0.3491745,0.369978947,861,756,1617,0.407535732,0.197691699,0.763111888,0.069461332,0.501311189,0.023314612,0.50135684,0.691221058,0.380903608,0.335206161,0.21698682,0.356596828,0.985510399,-0.020220884,4.235718268,,,,
1571.png,LoG,512,512,FALSE,,0.146484524,47540,31612,5384,6.825098667,1,7,36746.33122,8453,0.23003657,23.00365701,14.65180283,0.938314557,0.88589776,0.181350708,0.199726316,289,464,753,0.353262663,0.432873592,0.935921248,0.20428951,0.682578009,0.04855751,0.232367173,0.691221058,0.256919996,0.122054302,0.090209257,0.165489802,0.670047115,-0.223628959,5.020015897,,,,
1571.png,Canny,512,512,FALSE,,0.9,66366,59715,2104,30.51214298,5.414213562,75.84701295,64197.54882,3954,0.061591137,6.159113662,3.277383699,0.988922358,0.980239471,0.253166199,0.256673684,479,217,696,0.428874612,0.066800636,0.599334601,0.020396885,0.37404943,0.007452064,1,0.691221058,0.410334646,0.250518283,0.184204131,0.311101991,0.956299025,-0.014434041,4.028528766,,,,
1573.png,SLoG,512,512,FALSE,,0.35,78585,41349,903,59.82275728,1,11.82842712,54019.94983,2705,0.050074093,5.007409316,1.671604663,0.987581313,0.976130015,0.299777985,0.467194409,884,1206,2090,0.363308072,0.045490822,0.88593577,0.022080341,0.686600221,0.009165881,0.543636441,0.762289417,0.381981123,0.45130515,0.26084284,0.413759482,0.98691719,-0.01809048,4.441353554,,,,
1573.png,LoG,512,512,FALSE,,0.181640774,53826,34262,2981,14.82727604,2,11.41421356,44200.10986,5915,0.133823197,13.38231968,6.744327128,0.97179091,0.946237814,0.205329895,0.332632425,349,738,1087,0.308986276,0.238806841,0.879570614,0.092026151,0.573633009,0.018300158,0.290285259,0.762289417,0.227554151,0.191416819,0.116025975,0.207927016,0.59088849,-0.280682527,5.630287632,,,,
1573.png,Canny,512,512,FALSE,,0.9,45122,41433,1383,31.61850948,6,88.55046174,43728.39862,2517,0.057559849,5.755984851,3.16270443,0.990683734,0.982381194,0.17212677,0.260842945,211,99,310,0.378400803,0.068954698,0.593637021,0.018294596,0.347794649,0.006299327,1,0.762289417,0.376982716,0.248674518,0.176243682,0.299672057,0.938036044,-0.02289164,4.434457611,,,,
1574.png,SLoG,512,512,FALSE,,0.35,10951,5994,683,9.873715924,2.414213562,22.67939392,6743.747976,1166,0.172900886,17.2900886,10.12789924,0.956956983,0.91658325,0.04177475,0.268354244,113,85,198,0.425502747,0.267767768,0.7715959,0.07957958,0.469985359,0.031031031,0.717374921,0.451195449,0.141539585,0.105049136,0.064166253,0.120594414,0.524391916,-0.210577589,9.857426631,,,,
1574.png,LoG,512,512,FALSE,,0.263671994,15036,9139,430,36.30702874,1.414213562,14.65685425,15612.02236,1104,0.070714733,7.071473348,2.754287626,0.965860605,0.932596564,0.057357788,0.368457165,83,156,239,0.415633827,0.109640004,0.86744186,0.054163475,0.641860465,0.01127038,0.452295959,0.451195449,0.121840915,0.124161301,0.065524518,0.122990165,0.200145016,-0.519041069,10.14836226,,,,
1574.png,Canny,512,512,FALSE,,0.9,10616,9136,423,23.5800528,9.414213562,52.0391919,9974.362333,828,0.083012826,8.301282552,4.240872608,0.978710592,0.958625219,0.040496826,0.25759655,97,42,139,0.473223746,0.084063047,0.517730496,0.019921191,0.281323877,0.007661996,1,0.451195449,0.264364536,0.188342935,0.123577019,0.219970713,0.623669742,-0.100335251,7.997472357,,,,
1575.png,SLoG,512,512,FALSE,,0.35,54752,27278,437,80.31947552,2,37.28183259,35099.6108,1583,0.045100215,4.510021518,1.24502805,0.986216009,0.973055209,0.208862305,0.468295666,560,756,1316,0.361286968,0.033433536,0.778032037,0.013234108,0.537757437,0.004839064,0.564937472,0.757490766,0.339629582,0.431741133,0.234709441,0.380185708,0.949103805,-0.040427297,6.444912852,,,,
1575.png,LoG,512,512,FALSE,,0.251953244,34424,21442,1636,17.11427437,2,10.41421356,27998.95287,3213,0.114754292,11.47542915,5.843075659,0.964042544,0.932795448,0.131317139,0.2964928,269,433,702,0.292147785,0.202406492,0.894254279,0.082641545,0.605134474,0.018328514,0.413869768,0.757490766,0.133366256,0.107339085,0.063233431,0.118945528,0.41413066,-0.399892746,9.345878935,,,,
1575.png,Canny,512,512,FALSE,,0.9,33768,31247,852,38.55583026,8.535533906,101.2700577,32849.56738,1651,0.050259414,5.02594138,2.593641463,0.990943134,0.982334304,0.128814697,0.27591642,148,50,198,0.375359774,0.05802157,0.53286385,0.011617115,0.265258216,0.003776363,1,0.757490766,0.343749025,0.25746417,0.172618115,0.294414887,0.890643426,-0.040118869,6.260617634,,,,
1583.png,SLoG,512,512,FALSE,,0.35,12709,8368,1022,9.267312836,2,15.04680374,9471.193719,1723,0.181920046,18.19200463,10.79061447,0.966001451,0.933436902,0.048480988,0.254225761,86,145,231,0.378305972,0.299832696,0.847358121,0.108867113,0.552837573,0.034297323,0.679398477,0.536465585,0.284916201,0.175699937,0.121931508,0.217359986,0.795212916,-0.088865299,4.723612073,,,,
1583.png,LoG,512,512,FALSE,,0.146484494,11794,7493,613,17.8908294,1,8.79411255,10967.07842,1159,0.105679923,10.56799227,5.589455792,0.957360208,0.918590685,0.04499054,0.235922466,101,156,257,0.389284343,0.197784599,0.910277325,0.094755105,0.670473083,0.023355131,0.252931416,0.536465585,0.288536544,0.165122034,0.117344828,0.21004228,0.615462374,-0.207151269,4.783404845,,,,
1583.png,Canny,512,512,FALSE,,0.9,10289,8899,543,17.49457093,4.414213562,53.73036072,9499.552016,915,0.096320332,9.632033157,5.716059021,0.971232712,0.94684796,0.03924942,0.200816147,57,55,112,0.462292254,0.130464097,0.661141805,0.034161142,0.38305709,0.014833127,1,0.536465585,0.337483813,0.164394197,0.124284666,0.221091099,0.692148579,-0.087518514,4.331599627,,,,
1584.png,SLoG,512,512,FALSE,,0.35,28440,14623,716,24.12683206,2,52.67766953,17274.81175,1406,0.081390178,8.13901778,4.144762966,0.978561163,0.95937906,0.10848999,0.38265924,253,267,520,0.327614248,0.0895849,0.723463687,0.03822745,0.516759777,0.014497709,0.607594073,0.756136918,0.292123769,0.296703689,0.172605073,0.294395918,0.932603887,-0.043590545,5.702118308,,,,
1584.png,LoG,512,512,FALSE,,0.248047024,26248,15614,880,24.55530244,2,13.24264069,21608.66615,1961,0.090750627,9.075062692,4.072440168,0.97069937,0.943192007,0.100128174,0.353165954,179,347,526,0.281429589,0.157743051,0.869318182,0.058088895,0.546590909,0.011592161,0.411253721,0.756136918,0.158450168,0.14853041,0.083030545,0.153330015,0.351307351,-0.417509067,7.138093278,,,,
1584.png,Canny,512,512,FALSE,,0.9,19627,18332,575,33.18683555,8.828427125,112.0391919,19082.43044,1079,0.05654416,5.654415999,3.013243002,0.984480679,0.969943269,0.074871063,0.254662146,57,30,87,0.356652409,0.063440978,0.52173913,0.013473707,0.262608696,0.004145756,1,0.756136918,0.323558937,0.218706475,0.150083325,0.260995568,0.741195063,-0.076963253,5.390943308,,,,
1587.png,SLoG,512,512,FALSE,,0.35,66594,46786,6979,7.256597392,1,12.24264069,50643.7932,10812,0.213491117,21.34911174,13.78056334,0.973485649,0.949749925,0.25403595,0.270135074,598,609,1207,0.389798552,0.353973411,0.874910446,0.144188432,0.606963748,0.046808874,0.497487098,0.605355394,0.342149043,0.225503658,0.157301443,0.271841782,0.982138135,-0.020019203,4.750055557,,,,
1587.png,LoG,512,512,FALSE,,0.158203274,25935,16562,2086,10.70536829,1,6.414213562,22331.39826,3277,0.146744058,14.6744058,9.34110787,0.941492558,0.897596909,0.098934174,0.108928481,135,283,418,0.344478577,0.296522159,0.938159156,0.155355633,0.724832215,0.041722014,0.270104975,0.605355394,0.236475805,0.06284713,0.052245545,0.099302953,0.719694914,-0.164736446,6.461356634,,,,
1587.png,Canny,512,512,FALSE,,0.9,58649,50867,2806,19.66980706,3.414213562,50.3492424,55193.47862,4748,0.086024656,8.602465579,5.083933954,0.984616756,0.970472015,0.22372818,0.218751575,474,356,830,0.456878275,0.109501248,0.667854597,0.034442762,0.426942267,0.014724674,1,0.605355394,0.406524202,0.216967598,0.164775557,0.282931001,1.007964892,0.000335883,4.169135047,,,,
1591.png,SLoG,512,512,FALSE,,,0,0,0,0,0,0,0,0,,,,,,0,0,0,0,0,,,,,,,,0,,0,0,,,,,,,,
1591.png,LoG,512,512,FALSE,,,0,0,0,0,0,0,0,0,,,,,,0,0,0,0,0,,,,,,,,0,,0,0,,,,,,,,
1591.png,Canny,512,512,FALSE,,0.9,0,0,0,0,0,0,0,0,,,,,,0,0,0,0,0,,,,,,,,0,,0,0,,,,,,,,
1594.png,SLoG,512,512,FALSE,,0.35,40011,27454,4554,6.56383578,1,9.414213562,29891.70814,6563,0.219559216,21.95592159,15.2349942,0.983007967,0.967072193,0.152629852,0.312161535,334,468,802,0.38437584,0.367705981,0.904479578,0.174291542,0.6780852,0.060938297,0.554167032,0.519498014,0.296429651,0.230112193,0.148827508,0.25909461,0.931584691,-0.057758793,5.568210711,,,,
1594.png,LoG,512,512,FALSE,,0.185547039,22306,13482,1512,11.47451098,1,9,17349.4606,2525,0.145537666,14.55376659,8.71496835,0.950712085,0.912401721,0.085090637,0.175313804,181,313,494,0.319511414,0.252558968,0.904100529,0.13328883,0.696428571,0.034787124,0.313422412,0.519498014,0.160322798,0.069895626,0.051165386,0.097349831,0.512775805,-0.321822644,7.814535379,,,,
1594.png,Canny,512,512,FALSE,,0.9,29827,25762,1471,18.99068709,3.414213562,48.89949494,27935.30071,2441,0.087380481,8.738048054,5.265738913,0.983250499,0.96883006,0.113780975,0.223706859,236,196,432,0.467246026,0.116450586,0.683888511,0.03575033,0.429639701,0.015682012,1,0.519498014,0.394315227,0.219362027,0.164076549,0.28189993,0.979128784,-0.005756161,4.5607979,,,,
1597.png,SLoG,512,512,FALSE,,0.35,92041,55094,4770,13.1248146,2.414213562,26.14213562,62605.36563,8755,0.139844244,13.98442436,7.619155247,0.986922324,0.974516281,0.351108551,0.358412978,939,704,1643,0.431500971,0.199404654,0.753668763,0.063382582,0.461215933,0.020855266,0.525100648,0.628393531,0.383746283,0.334362809,0.217549658,0.357356526,0.986685633,-0.008982836,4.752784548,,,,
1597.png,LoG,512,512,FALSE,,0.173828423,54307,36510,5411,8.220968066,1,7.828427125,44483.6582,8942,0.20101764,20.10176402,12.16401757,0.949123502,0.904765818,0.207164764,0.225712626,499,639,1138,0.395921886,0.364119419,0.922380336,0.168200493,0.663093698,0.04264585,0.271722645,0.628393531,0.299550092,0.164367279,0.118732754,0.212262944,0.743323693,-0.180134386,5.475626233,,,,
1597.png,Canny,512,512,FALSE,,0.9,68068,59377,2744,23.64146391,5.414213562,60.50487732,64872.17696,5090,0.078461988,7.846198846,4.22985651,0.990071893,0.980800647,0.259658813,0.256862983,701,369,1070,0.452335656,0.092830557,0.613702624,0.025178099,0.365524781,0.010391229,1,0.628393531,0.41096559,0.256623862,0.187615589,0.315953395,0.988414163,-0.005804114,4.477924775,,,,
1598.png,SLoG,512,512,FALSE,,0.35,60069,43005,7640,6.210641509,1,10.07106781,47449.30113,12020,0.253323015,25.33230145,16.10139626,0.96610862,0.935914429,0.22914505,0.247277188,788,706,1494,0.539695323,0.422067201,0.898298429,0.18369957,0.637172775,0.056946867,0.524820983,0.336418903,0.354163151,0.192371856,0.142413159,0.249319885,0.969470253,-0.0261238,5.081872722,,,,
1598.png,LoG,512,512,FALSE,,0.146484673,35117,21939,3420,8.490747508,1,6.414213562,29038.35648,5270,0.1814841,18.14841003,11.77752605,0.927207232,0.870550162,0.133960724,0.146468482,251,378,629,0.474386096,0.354847532,0.936549708,0.187975751,0.724853801,0.051688773,0.250334173,0.336418903,0.255270655,0.082129501,0.066254548,0.124275292,0.654024219,-0.231805709,6.690803353,,,,
1598.png,Canny,512,512,FALSE,,0.9,53309,43271,3103,15.63116554,3.414213562,40.12203461,48503.50668,4943,0.101910157,10.19101574,6.397475589,0.972059786,0.946615516,0.203357697,0.205439781,587,387,974,0.637924254,0.138291234,0.665485015,0.043493333,0.421527554,0.01941254,1,0.336418903,0.450662171,0.203371343,0.162970744,0.280266283,1.053176929,0.016096626,4.063976987,,,,
161.png,SLoG,512,512,FALSE,,0.35,93181,54452,5596,10.86861475,2,22.3137085,60820.76815,9470,0.155703394,15.57033936,9.200804544,0.985161245,0.971203996,0.355457306,0.36527281,850,761,1611,0.400391996,0.228366268,0.807362402,0.091346507,0.558434596,0.029897892,0.505932212,0.648244691,0.387390167,0.322652481,0.213643868,0.352070115,0.9596994,-0.043237227,3.825136789,,,,
161.png,LoG,512,512,FALSE,,0.185547039,37290,25145,4500,6.350507709,1,6.414213562,28577.28469,6959,0.243515088,24.35150881,15.74677248,0.926227868,0.866772718,0.142250061,0.15468345,239,343,582,0.332882911,0.458301849,0.945777778,0.217657586,0.693333333,0.051938755,0.295406431,0.648244691,0.23646862,0.083403915,0.06570848,0.123314174,0.647912588,-0.25059427,5.273247443,,,,
161.png,Canny,512,512,FALSE,,0.9,66689,59324,2486,25.78140144,4.414213562,64.71320344,64092.56397,4635,0.072317282,7.231728164,3.878765095,0.990349591,0.981440901,0.254398346,0.253093711,551,400,951,0.43127808,0.081181309,0.629927595,0.025352303,0.403861625,0.010113951,1,0.648244691,0.435744793,0.251467943,0.189696761,0.318899348,0.980263885,-0.008081034,3.45043603,,,,
165.png,SLoG,512,512,FALSE,,0.35,141856,64139,293,315.8811827,1,8.828427125,92553.18653,1744,0.018843219,1.88432194,0.31657473,0.988704205,0.979092284,0.541137695,0.52260025,1494,2123,3617,0.415178061,0.011085299,0.918088737,0.004599386,0.672354949,0.001792981,0.513460338,0.722103179,0.419814222,0.53019024,0.30598618,0.468590226,0.989375193,-0.008436261,4.255132631,,,,
165.png,LoG,512,512,FALSE,,0.197265908,76980,49405,5466,11.35980207,2,10.41421356,62092.67811,10625,0.171115183,17.11151834,8.80297028,0.967867613,0.9378403,0.293655396,0.319379573,438,914,1352,0.351090103,0.306446716,0.894987194,0.119279425,0.57665569,0.022264953,0.311398208,0.722103179,0.23940091,0.184772741,0.116425993,0.208569119,0.557157941,-0.330974107,5.582490468,,,,
165.png,Canny,512,512,FALSE,,0.9,72078,66681,1651,42.87887688,9,115.5563492,70793.02574,3331,0.047052658,4.705265759,2.332150636,0.994848609,0.989817189,0.27495575,0.278945809,415,112,527,0.406047344,0.045260269,0.513628104,0.011187595,0.28407026,0.003824178,1,0.722103179,0.398000868,0.268292683,0.190845884,0.320521549,0.917046281,-0.022860795,4.339738266,,,,
170.png,SLoG,512,512,FALSE,,0.35,76054,50868,8236,6.544669635,1.414213562,11.65685425,53901.89911,13183,0.244573943,24.4573943,15.27961006,0.98084259,0.962746717,0.290122986,0.30603772,611,685,1296,0.444411039,0.401470473,0.881860126,0.162086184,0.601627003,0.045490289,0.501385748,0.450275475,0.325380053,0.235167174,0.158087188,0.273014311,0.950640681,-0.052078463,4.816987274,,,,
170.png,LoG,512,512,FALSE,,0.177734852,23189,14675,2433,7.826829028,1,4.745584412,19042.67503,3550,0.186423388,18.64233883,12.7765663,0.912436128,0.848654174,0.088459015,0.096732872,183,243,426,0.347393781,0.360408859,0.954377312,0.219693356,0.785039046,0.058943782,0.302365601,0.450275475,0.15852133,0.036213675,0.030374662,0.05895848,0.625239351,-0.262530501,7.742710235,,,,
170.png,Canny,512,512,FALSE,,0.9,58601,48919,3030,17.90451594,3.414213562,47.92152955,54250.68331,5127,0.094505722,9.450572209,5.585183108,0.98062104,0.963224923,0.223545074,0.22374614,628,438,1066,0.524134219,0.123653386,0.679537954,0.038757947,0.432343234,0.017232568,1,0.450275475,0.423139325,0.223588652,0.171356503,0.292577883,1.013603829,0.009178146,3.952607425,,,,
172.png,SLoG,512,512,FALSE,,0.35,86737,56545,6209,10.44319273,2,15.10538239,64841.78366,10867,0.167592552,16.7592552,9.575615674,0.981678307,0.964629941,0.330875397,0.344922924,870,940,1810,0.403698057,0.264709523,0.848606861,0.107100539,0.580930907,0.029693165,0.512799561,0.562391126,0.34709643,0.284562772,0.185349705,0.312734215,0.970399875,-0.025575368,4.39080067,,,,
172.png,LoG,512,512,FALSE,,0.158203885,38058,24368,3344,9.196286403,1,7.828427125,30752.38173,5357,0.17419789,17.41978897,10.87395451,0.940249503,0.892194682,0.145179749,0.15855813,318,440,758,0.341964334,0.330392318,0.920155502,0.161071898,0.680921053,0.040709127,0.264225215,0.562391126,0.211194521,0.079593397,0.061354106,0.115614771,0.625599962,-0.243374801,6.157259911,,,,
172.png,Canny,512,512,FALSE,,0.9,58131,49949,2833,19.23872186,3.414213562,54.85584412,54503.29904,4817,0.088379971,8.837997121,5.197850497,0.98177141,0.965524835,0.221752167,0.220448632,489,367,856,0.460906416,0.115457767,0.67490293,0.034995696,0.418990469,0.014775071,1,0.562391126,0.403266141,0.211302699,0.160970999,0.277304082,0.981262324,-0.002940601,3.855764027,,,,
175.png,SLoG,512,512,FALSE,,0.35,84896,51338,6201,9.083130864,1.414213562,18.07106781,56324.49449,10163,0.180436595,18.0436595,11.00941971,0.982946336,0.967119872,0.323852539,0.344349524,762,712,1474,0.419500858,0.282266547,0.830511208,0.108769333,0.564425093,0.035003311,0.521423936,0.574987507,0.357894609,0.285637988,0.188855503,0.317709768,0.955087811,-0.042803138,4.109066419,,,,
175.png,LoG,512,512,FALSE,,0.166015789,40535,26657,4321,7.340660211,1,7.242640687,31718.99277,6928,0.218418033,21.84180327,13.62275288,0.937277257,0.885808606,0.154628754,0.169223099,305,393,698,0.350630969,0.411749259,0.933811618,0.194470496,0.679240916,0.044416101,0.271064013,0.574987507,0.207254271,0.081287629,0.062007867,0.116774779,0.601191087,-0.277081621,5.638964021,,,,
175.png,Canny,512,512,FALSE,,0.9,62323,54070,2806,20.97681529,3.828427125,56.60660172,58860.9437,5026,0.08538769,8.538768977,4.767167877,0.987220287,0.975550213,0.237743378,0.244411951,571,457,1028,0.464652002,0.104235251,0.659657876,0.03142223,0.40805417,0.012890697,1,0.574987507,0.419072271,0.237395611,0.178616049,0.303094547,0.930353468,-0.020667419,3.600400991,,,,
18.png,SLoG,512,512,FALSE,,0.35,87568,54951,6868,8.754872048,2,16.48528137,60128.46123,11391,0.189444396,18.94443957,11.42221148,0.984085798,0.969445506,0.33404541,0.3425443,772,724,1496,0.409308344,0.299739768,0.839108911,0.115848665,0.566249272,0.034248694,0.499795794,0.581422055,0.361191465,0.291260809,0.192235099,0.322478509,0.956297151,-0.041844594,4.283830403,,,,
18.png,LoG,512,512,FALSE,,0.169922024,22946,14735,2529,6.980285767,1,5.414213562,17653.1427,3778,0.214012885,21.4012885,14.32606104,0.913640976,0.849270445,0.087532043,0.094975912,169,238,407,0.315499663,0.402986088,0.950968762,0.217712928,0.737841044,0.056192738,0.282138795,0.581422055,0.178889471,0.039996877,0.033792921,0.065376577,0.64149822,-0.236542874,6.27926344,,,,
18.png,Canny,512,512,FALSE,,0.9,63633,55230,2843,21.15606331,4,56.22253967,60146.688,5126,0.085224975,8.522497531,4.726777308,0.987805545,0.97658881,0.242740631,0.240292208,581,463,1044,0.459100515,0.10394713,0.657404151,0.031450299,0.41188885,0.013108818,1,0.581422055,0.424220988,0.239971501,0.181014364,0.306540495,1.006619551,0.000623066,3.778746635,,,,
183.png,SLoG,512,512,FALSE,,0.35,96976,54059,4153,15.0184311,2,31.72792206,62371.54434,7649,0.122636053,12.26360527,6.658485122,0.985506594,0.972160047,0.369934082,0.373232298,909,748,1657,0.423442304,0.166817736,0.750060197,0.061710354,0.502046713,0.019645202,0.523403645,0.647825611,0.383125557,0.339046493,0.219319485,0.359740803,0.973960666,-0.024317358,4.177561991,,,,
183.png,LoG,512,512,FALSE,,0.16601637,48028,32327,5477,6.781673101,1,7.828427125,37143.22358,8670,0.233420774,23.34207741,14.74562376,0.941643238,0.891267362,0.18321228,0.197957691,326,435,761,0.362395644,0.423051938,0.923315684,0.200049494,0.671900676,0.047823801,0.258462727,0.647825611,0.250283316,0.117474389,0.086896331,0.159898103,0.662940353,-0.247835479,5.315430309,,,,
183.png,Canny,512,512,FALSE,,0.9,68947,61059,2525,26.19593784,4.828427125,71.45929291,66144.74305,4733,0.071555195,7.15551952,3.817385757,0.99174571,0.983966328,0.263011932,0.261146285,589,364,953,0.447217822,0.079758922,0.624158416,0.024599158,0.395247525,0.009744673,1,0.647825611,0.415351575,0.257180851,0.188824844,0.317666383,0.974370113,-0.010111416,3.873615026,,,,
185.png,SLoG,512,512,FALSE,,0.35,97147,54603,4128,15.28635325,2.414213562,29.58650071,63102.0662,7736,0.122595035,12.25950348,6.541782621,0.985687613,0.9722909,0.370586395,0.373850014,987,746,1733,0.424967855,0.163947036,0.750968992,0.059721993,0.495639535,0.019138143,0.523127615,0.645824242,0.379812348,0.338901413,0.218169613,0.358192506,0.978975702,-0.022792643,4.172626205,,,,
185.png,LoG,512,512,FALSE,,0.177734852,48165,32349,5215,7.212718747,1,7.828427125,37614.32827,8187,0.217656419,21.76564192,13.86439753,0.942053854,0.892175956,0.183734894,0.198894016,371,487,858,0.367011189,0.402918174,0.923681687,0.183251414,0.662511985,0.047667625,0.277125478,0.645824242,0.252949791,0.12007786,0.088642395,0.162849427,0.673828021,-0.240092748,5.344239192,,,,
185.png,Canny,512,512,FALSE,,0.9,68712,60644,2579,25.50957024,4.828427125,67.15634919,65789.18165,4794,0.072869123,7.286912346,3.920097401,0.991318166,0.983098081,0.262115479,0.260255733,606,365,971,0.449527085,0.082794671,0.627374952,0.026185608,0.402481582,0.010009234,1,0.645824242,0.414456329,0.2574459,0.188782161,0.317605979,0.969169608,-0.008453426,3.883966594,,,,
188.png,SLoG,512,512,FALSE,,0.35,77902,52424,7791,7.157728473,2,12.41421356,55765.86253,12910,0.231503637,23.15036371,13.97091275,0.978797853,0.959045475,0.297172546,0.31285493,646,739,1385,0.421046436,0.375743934,0.872930304,0.147833054,0.583750481,0.038646421,0.502159238,0.469401646,0.308168317,0.231681207,0.152409849,0.264506328,0.95651666,-0.043626374,4.816111029,,,,
188.png,LoG,512,512,FALSE,,0.173828438,24449,15549,2368,8.328247572,1,5.414213562,19721.29025,3683,0.186752487,18.67524869,12.00732797,0.9223423,0.864943083,0.093265533,0.101791097,174,281,455,0.335107744,0.350890733,0.947212838,0.202070873,0.758445946,0.048234613,0.296586931,0.469401646,0.145486523,0.035587082,0.029434643,0.057186035,0.575383724,-0.276123632,7.264687472,,,,
188.png,Canny,512,512,FALSE,,0.9,55753,46413,3084,16.54981393,3.414213562,43.14213562,51039.62617,4972,0.097414507,9.74145066,6.042364006,0.976676822,0.955852886,0.212680817,0.212125502,522,346,868,0.510493815,0.133518626,0.679312581,0.041303083,0.432879377,0.01863702,1,0.469401646,0.40686948,0.207399552,0.159250837,0.27474785,1.015987453,0.006933039,3.958387042,,,,
190.png,SLoG,512,512,FALSE,,0.35,101080,56163,3623,18.05962646,2,36.89949494,65430.02666,6876,0.105089366,10.50893657,5.537213088,0.985818088,0.972775671,0.3855896,0.388371503,1002,876,1878,0.400932699,0.131705927,0.746894839,0.052668127,0.520839084,0.018072396,0.525756776,0.689929795,0.387641111,0.357176661,0.228339657,0.371785859,0.9817397,-0.019917607,4.036271259,,,,
190.png,LoG,512,512,FALSE,,0.185548007,53421,36074,5485,7.533033325,1,8,41318.68779,9013,0.218133742,21.81337424,13.27486494,0.948841274,0.905167156,0.203784943,0.219878404,382,567,949,0.347518772,0.394466929,0.920145852,0.173643067,0.644667274,0.040333758,0.286980838,0.689929795,0.263107163,0.137252775,0.09914183,0.180398611,0.67788348,-0.234182878,4.939891287,,,,
190.png,Canny,512,512,FALSE,,0.9,68134,61145,2412,27.13861589,4.828427125,72.58599564,65458.34154,4451,0.067997445,6.799744533,3.684786298,0.9913975,0.983547306,0.259910583,0.257977917,531,280,811,0.421233833,0.075132881,0.613598673,0.023452449,0.387230514,0.008815112,1,0.689929795,0.410644673,0.251335949,0.184708576,0.311821118,0.963252119,-0.012480578,3.850910142,,,,
192.png,SLoG,512,512,FALSE,,0.35,89178,54467,6525,9.364391696,2,18.28528137,61102.65581,11075,0.181252351,18.12523507,10.67875023,0.985605955,0.972129914,0.340187073,0.350388491,905,770,1675,0.439465791,0.277984835,0.822068966,0.105017717,0.549272031,0.033469807,0.505693674,0.557670951,0.370461138,0.304781478,0.200787983,0.334427035,0.952690313,-0.043498757,4.099696696,,,,
192.png,LoG,512,512,FALSE,,0.158203274,32278,21034,3844,6.674545718,1,5.828427125,25656.95374,5631,0.219472664,21.94726645,14.98229306,0.915707886,0.849529333,0.123130798,0.133459996,226,289,515,0.363115132,0.430160692,0.950312175,0.229390511,0.737513007,0.06004564,0.257559627,0.557670951,0.224201169,0.070256265,0.056516697,0.106986851,0.660321214,-0.236888939,5.697450978,,,,
192.png,Canny,512,512,FALSE,,0.9,64673,55716,2787,21.92109782,4,54.87005769,61094.09961,5084,0.083215892,8.321589208,4.561815327,0.988925993,0.978749372,0.246707916,0.245186903,637,422,1059,0.483053118,0.096758561,0.641191245,0.03052983,0.406889128,0.012348338,1,0.557670951,0.429625243,0.247333613,0.186194355,0.313935663,0.993853761,-0.00272489,3.642646593,,,,
193.png,SLoG,512,512,FALSE,,0.35,130918,61812,844,99.20819659,1,8,83731.71792,3059,0.036533348,3.653334813,1.00798123,0.983134329,0.971720701,0.499412537,0.488917862,1456,1877,3333,0.393434107,0.028489614,0.914691943,0.015207403,0.735781991,0.005905002,0.5176332,0.744229627,0.419378349,0.487330989,0.290995847,0.45080834,0.992768614,-0.011164488,3.818954687,,,,
193.png,LoG,512,512,FALSE,,0.173828423,88687,55952,4782,15.26460631,2,12.65685425,72995.34737,9789,0.134104438,13.41044375,6.551102464,0.976220667,0.954282242,0.338314056,0.368391486,513,1156,1669,0.346666604,0.228606663,0.876829778,0.090649128,0.576118779,0.018247784,0.273998767,0.744229627,0.269291607,0.235784104,0.14378942,0.251426386,0.607648599,-0.296116728,4.823299139,,,,
193.png,Canny,512,512,FALSE,,0.9,69499,64557,1687,40.44497211,8,107.807316,68230.66795,3185,0.046679889,4.667988891,2.472495215,0.993424416,0.987158635,0.265117645,0.270125809,329,128,457,0.391474724,0.046687424,0.536455246,0.012872345,0.321280379,0.004925879,1,0.744229627,0.403972996,0.259358529,0.187579269,0.315901892,0.954046438,-0.020063003,3.884850087,,,,
197.png,SLoG,512,512,FALSE,,0.35,97008,58542,5723,11.88842986,2,19.29949494,68037.48409,10565,0.15528205,15.52820499,8.411539722,0.987368047,0.975231458,0.370056152,0.377030283,1022,1009,2031,0.439762324,0.225376653,0.825091735,0.091353216,0.568233444,0.026630453,0.508051753,0.560523069,0.372108168,0.331974437,0.212780863,0.350897462,0.959525106,-0.038499197,4.160299686,,,,
197.png,LoG,512,512,FALSE,,0.173828289,36311,23677,3979,7.264703071,1,6.414213562,28906.25352,6049,0.209262677,20.92626772,13.76518751,0.925666273,0.868226549,0.138515472,0.150416772,236,342,578,0.363494188,0.397051991,0.937672782,0.206149428,0.719024881,0.052751615,0.280542463,0.560523069,0.220251764,0.078392563,0.061362603,0.115629857,0.661567648,-0.239133065,5.685937876,,,,
197.png,Canny,512,512,FALSE,,0.9,63880,55079,2828,21.38217502,4,52.14213562,60468.79096,5152,0.085200976,8.520097589,4.676792698,0.987626851,0.976070735,0.243682861,0.241178698,681,420,1101,0.482704878,0.106156611,0.669024045,0.030919225,0.410537482,0.013053977,1,0.560523069,0.427555862,0.24400067,0.183917345,0.310692881,1.012427424,-0.001541509,3.760708711,,,,
200.png,SLoG,512,512,FALSE,,0.35,110016,58525,2379,29.97974674,1.414213562,52.3764502,71321.8175,5463,0.076596478,7.659647765,3.335585216,0.987646282,0.976164032,0.419677734,0.420215444,1308,1154,2462,0.405439407,0.079829133,0.769651114,0.036189663,0.570828079,0.012575822,0.529639423,0.710605681,0.395445319,0.399591784,0.248055949,0.397507739,0.986992607,-0.012463256,4.057374863,,,,
200.png,LoG,512,512,FALSE,,0.185547307,67050,45013,6126,8.664849626,1.414213562,10,53080.86881,10476,0.197359241,19.73592414,11.54088118,0.959445059,0.92306667,0.255775452,0.275766515,550,751,1301,0.361294538,0.346100016,0.899608227,0.150334348,0.62504081,0.035189834,0.282921135,0.710605681,0.278312562,0.184557816,0.124821524,0.221940141,0.680296629,-0.231256398,4.896690549,,,,
200.png,Canny,512,512,FALSE,,0.9,69925,63029,2269,29.73200591,5.414213562,79.23330445,67461.92141,4177,0.06191641,6.191641022,3.363378855,0.992321014,0.984943439,0.266742706,0.265281413,453,252,705,0.415973216,0.07068175,0.603349493,0.019276841,0.35918907,0.007821796,1,0.710605681,0.402757301,0.256926171,0.186044658,0.313722855,0.96265756,-0.012505928,3.977124944,,,,
201.png,SLoG,512,512,FALSE,,0.35,93082,61388,6345,11.29598183,2,16.75979797,71673.00473,11855,0.165403977,16.54039766,8.852705456,0.985974431,0.972681957,0.355079651,0.370963954,902,1186,2088,0.422467142,0.253095067,0.848699764,0.101273865,0.574152876,0.025998566,0.505367339,0.515698135,0.344799132,0.309025702,0.194695858,0.325933762,0.967290377,-0.031229094,4.615541548,,,,
201.png,LoG,512,512,FALSE,,0.169922039,33827,21582,3169,8.693560471,1,6,27549.89313,5055,0.183485285,18.34852853,11.50276694,0.933972776,0.881753313,0.129039764,0.141779466,261,414,675,0.354047805,0.338476508,0.936888608,0.187795385,0.735563269,0.045315541,0.287007958,0.515698135,0.212031587,0.072629094,0.057192319,0.108196622,0.640422867,-0.244511761,6.506715141,,,,
201.png,Canny,512,512,FALSE,,0.9,54819,46087,2928,17.26832286,3.207106781,45.24335495,50561.64933,4805,0.095032501,9.503250119,5.790950333,0.977325499,0.956820795,0.209117889,0.208356396,492,353,845,0.487645268,0.11923102,0.672472678,0.042007508,0.452185792,0.017900927,1,0.515698135,0.403296571,0.203014984,0.156120477,0.270076485,1.027220183,0.008298517,4.040273079,,,,
206.png,SLoG,512,512,FALSE,,0.35,85405,50503,5738,9.718996388,2,19.12253967,55767.60127,9544,0.171138794,17.11387935,10.28912822,0.981050611,0.963586322,0.32579422,0.334538435,724,623,1347,0.432899117,0.26822169,0.816312304,0.099835653,0.545834786,0.031404075,0.522164047,0.592866373,0.361475899,0.284632935,0.189403516,0.318484877,0.959821517,-0.036470615,4.380438581,,,,
206.png,LoG,512,512,FALSE,,0.173829198,37892,24772,4176,6.921489868,1,7,28904.14169,6492,0.22460449,22.46044899,14.44775647,0.929961264,0.872355886,0.144546509,0.156880936,237,362,599,0.358003438,0.422775715,0.93151341,0.195987405,0.671455939,0.049047311,0.279755145,0.592866373,0.215571879,0.079601649,0.061723146,0.116269756,0.627287713,-0.264161546,5.947830684,,,,
206.png,Canny,512,512,FALSE,,0.9,66001,57288,2766,22.67438807,4,57.74873734,62717.35741,5090,0.081157756,8.115775617,4.410262349,0.989116371,0.978773914,0.251773834,0.250633406,653,443,1096,0.471093029,0.095377741,0.652928416,0.029360425,0.409255242,0.011887306,1,0.592866373,0.419095678,0.247236122,0.184134717,0.311002987,0.956707141,-0.011894539,3.875361102,,,,
207.png,SLoG,512,512,FALSE,,0.35,92077,55094,5912,10.31599248,2,18.65685425,60988.14752,9914,0.162556175,16.25561753,9.693686791,0.98294735,0.967255963,0.35124588,0.359125903,759,772,1531,0.39854598,0.249700512,0.828653586,0.097796493,0.564445196,0.030692997,0.520493448,0.609655738,0.356453761,0.302852588,0.195796277,0.327474305,0.963597521,-0.034636903,4.297282075,,,,
207.png,LoG,512,512,FALSE,,0.173828602,42418,27471,4047,8.042560035,1,8,32548.24046,6641,0.204035607,20.4035607,12.43385185,0.942521214,0.895817407,0.161811829,0.175518132,327,467,794,0.331289411,0.379054275,0.922411663,0.172764006,0.660983445,0.03902297,0.282261819,0.609655738,0.207962085,0.086355004,0.064982858,0.122035501,0.602842396,-0.269813289,5.834302687,,,,
207.png,Canny,512,512,FALSE,,0.9,62926,55214,2827,21.09740928,3.414213562,54.90782105,59642.37602,4966,0.083262947,8.32629471,4.739918475,0.986615717,0.974281885,0.24004364,0.238101576,559,393,952,0.438348651,0.099322636,0.668553237,0.034828123,0.44605589,0.013420509,1,0.609655738,0.404178385,0.227675716,0.170463252,0.291274847,0.928269232,-0.021001707,3.883575069,,,,
210.png,SLoG,512,512,FALSE,,0.35,90032,55752,6534,9.667694508,2,17.07106781,63168.71591,11431,0.180959829,18.09598285,10.34372775,0.98516643,0.971157985,0.343444824,0.352440208,888,886,1774,0.437406927,0.278375664,0.8362412,0.108354857,0.561830425,0.031783613,0.502757609,0.538540196,0.355291921,0.297382033,0.193152181,0.323767888,0.959741469,-0.039624512,4.512693778,,,,
210.png,LoG,512,512,FALSE,,0.17383039,28966,18817,3121,7.58610275,1,5.828427125,23676.22668,4658,0.19673743,19.67374304,13.18199915,0.92150712,0.861880215,0.110496521,0.120379972,177,275,452,0.343690425,0.380613275,0.943607818,0.208694266,0.741749439,0.054578307,0.288204074,0.538540196,0.186674047,0.053368147,0.043299978,0.083005807,0.630099767,-0.244899545,6.65251126,,,,
210.png,Canny,512,512,FALSE,,0.9,61605,52765,2825,20.56038419,3.414213562,53.71614716,58083.08533,5052,0.086978851,8.697885058,4.863722345,0.986354589,0.973599924,0.235004425,0.232360082,639,425,1064,0.490441054,0.104899081,0.663716814,0.034018762,0.424778761,0.013778073,1,0.538540196,0.421328076,0.232501558,0.176227173,0.299648193,1.010091433,0.000724968,3.865850594,,,,
214.png,SLoG,512,512,FALSE,,0.35,108099,57871,2785,25.30427,1,27.17401154,70472.39196,6047,0.085806652,8.580665183,3.951902189,0.988275647,0.977328887,0.41236496,0.428127937,1158,1275,2433,0.38474068,0.100395708,0.812926391,0.044651034,0.595691203,0.015741909,0.520242393,0.723374808,0.402402697,0.404575189,0.252729399,0.403486019,0.974689999,-0.026330496,3.704310916,,,,
214.png,LoG,512,512,FALSE,,0.158203274,72854,47563,5823,9.817130427,2,10.41421356,57165.15048,10562,0.184762918,18.47629178,10.18627599,0.965950429,0.935201732,0.277915955,0.302267922,531,841,1372,0.347230911,0.325526144,0.8957582,0.132161554,0.593851966,0.027857789,0.245552823,0.723374808,0.279551984,0.19843553,0.131292654,0.232110858,0.64494373,-0.258381414,4.452179275,,,,
214.png,Canny,512,512,FALSE,,0.9,67268,61543,2007,32.46981095,5.828427125,82.29259736,65166.91059,3617,0.055503629,5.550362857,3.079783869,0.991558731,0.983637457,0.256607056,0.259468553,337,199,536,0.399583697,0.063289082,0.596412556,0.017256227,0.356253114,0.007344458,1,0.723374808,0.41319989,0.251773329,0.185461222,0.312892937,0.945635067,-0.01980071,3.617536796,,,,
217.png,SLoG,512,512,FALSE,,0.35,128666,62492,1168,71.45901186,1,5.879898987,83464.12586,3617,0.043335984,4.333598373,1.399403622,0.984750032,0.97156436,0.490821838,0.481151267,1474,1873,3347,0.38986519,0.038772963,0.940924658,0.022082827,0.770547945,0.008129041,0.52527988,0.740131903,0.421077357,0.475873053,0.287665371,0.44680144,0.991543605,-0.013551378,3.54934978,,,,
217.png,LoG,512,512,FALSE,,0.13867195,94663,59162,4900,15.73252723,2,12.82842712,77089.38344,10379,0.134635919,13.46359192,6.356257868,0.98034209,0.962002637,0.361110687,0.39066228,582,1239,1821,0.352884531,0.228863122,0.869591837,0.084260167,0.54244898,0.015516717,0.218140021,0.740131903,0.298060645,0.273497719,0.16635172,0.285251382,0.654351719,-0.260817554,4.294904619,,,,
217.png,Canny,512,512,FALSE,,0.9,68304,63274,1806,36.94933797,6,106.8492424,66730.50438,3315,0.049677431,4.96774306,2.706408436,0.992184758,0.984575023,0.260559082,0.265347297,289,138,427,0.39048335,0.053623921,0.57585825,0.01525113,0.34440753,0.005594715,1,0.740131903,0.405366608,0.252644722,0.184330772,0.311282586,0.918860388,-0.026595711,3.623344847,,,,
224.png,SLoG,512,512,FALSE,,0.35,84103,50487,6113,9.033673767,2,17.89949494,55222.84774,10020,0.181446637,18.14466369,11.06969352,0.982916415,0.9667043,0.320827484,0.337714068,762,590,1352,0.416100591,0.278844059,0.82234582,0.110998871,0.563389498,0.033454157,0.521893859,0.589512229,0.356480908,0.282107596,0.18691777,0.314963302,0.965111809,-0.037678621,4.222623336,,,,
224.png,LoG,512,512,FALSE,,0.166015774,38931,25472,4297,6.914827517,1,7.414213562,29713.01384,6711,0.225860629,22.58606292,14.4616767,0.9326123,0.878022927,0.148509979,0.162275472,273,372,645,0.359972447,0.411549937,0.923202234,0.198178392,0.679776588,0.049073492,0.269927561,0.589512229,0.21666151,0.082388007,0.063479233,0.119380296,0.618246838,-0.266335225,5.596451684,,,,
224.png,Canny,512,512,FALSE,,0.9,63995,55573,2769,21.92084037,3.828427125,56.38233765,60698.80697,4984,0.082110345,8.21103453,4.561868903,0.987448931,0.976283447,0.244121552,0.247505241,595,440,1035,0.458231896,0.096107822,0.64969303,0.031256186,0.418923799,0.012470084,1,0.589512229,0.416100348,0.241330287,0.18027876,0.305485054,0.935958832,-0.017852577,3.763803562,,,,
226.png,SLoG,512,512,FALSE,,0.35,79305,50833,7091,7.826466965,1.414213562,14.07106781,55497.47725,11576,0.208586058,20.85860579,12.77715736,0.980081856,0.961501387,0.302524567,0.321093642,751,690,1441,0.438923091,0.337733362,0.858553095,0.131981193,0.582146383,0.040033049,0.515784144,0.496536589,0.329719893,0.252886053,0.167022215,0.286236565,0.955198816,-0.043433002,4.691928435,,,,
226.png,LoG,512,512,FALSE,,0.158203274,32534,20910,3675,6.774638157,1,6.242640687,24896.79523,5626,0.225972859,22.59728591,14.76093596,0.924318492,0.86432329,0.124107361,0.135528353,252,283,535,0.366144896,0.420755619,0.936326531,0.215208034,0.705034014,0.053180297,0.265920013,0.496536589,0.192775537,0.06240654,0.04947717,0.094289179,0.595206715,-0.271696593,6.496797698,,,,
226.png,Canny,512,512,FALSE,,0.9,59369,49982,2940,18.81719674,3.414213562,48.52375901,55322.55842,5070,0.091644352,9.164435169,5.31428785,0.983253956,0.967688368,0.226474762,0.229191621,631,431,1062,0.503924251,0.116321876,0.676530612,0.038173743,0.439115646,0.015845704,1,0.496536589,0.406610216,0.22259994,0.168018601,0.287698502,0.958790827,-0.008796593,4.016536104,,,,
23.png,SLoG,512,512,FALSE,,0.35,69150,47246,7853,6.300917681,1,10.41421356,49481.10655,12267,0.247912807,24.79128067,15.87070409,0.970939338,0.944757228,0.263786316,0.277597903,496,570,1066,0.412543058,0.412500529,0.895581307,0.170638784,0.619635808,0.048575541,0.505390882,0.477467483,0.288828256,0.196941508,0.132627492,0.234194372,0.95442688,-0.043728171,5.490588395,,,,
23.png,LoG,512,512,FALSE,,0.166015774,23974,15095,2192,9.042787325,1,6.828427125,19821.78982,3347,0.16885458,16.88545803,11.0585372,0.924080849,0.86856575,0.091453552,0.099700362,163,243,406,0.3215442,0.344948658,0.935218978,0.177873468,0.718065693,0.046240477,0.285196692,0.477467483,0.141086113,0.034551142,0.028546574,0.055508569,0.564629182,-0.27265771,8.019330588,,,,
23.png,Canny,512,512,FALSE,,0.9,55956,47192,2999,17.22540021,3.414213562,47.04751801,51658.97523,4940,0.095627139,9.562713891,5.805380356,0.97700882,0.956221393,0.2134552,0.212276832,494,364,858,0.503752053,0.127648754,0.678892964,0.03960417,0.425141714,0.016846076,1,0.477467483,0.389566343,0.203125958,0.154082954,0.26702232,1.015535932,0.004381382,4.410176889,,,,
230.png,SLoG,512,512,FALSE,,0.35,104837,60981,4327,17.04305761,2,28.3137085,73745.31028,8755,0.118719414,11.87194137,5.867491755,0.987930655,0.976484479,0.399921417,0.403597836,1173,1296,2469,0.414049238,0.153342844,0.792003698,0.063363999,0.55511902,0.020153818,0.510793269,0.624671769,0.390098315,0.372230981,0.235296316,0.380955262,0.965455675,-0.030352281,4.047480517,,,,
230.png,LoG,512,512,FALSE,,0.158204198,41585,27132,4540,7.068339623,1,7.242640687,32090.26189,7000,0.218134711,21.81347109,14.14759411,0.933731377,0.880768097,0.158634186,0.172139279,312,414,726,0.349742055,0.405978181,0.928193833,0.200316969,0.691189427,0.050604452,0.252200991,0.624671769,0.265520581,0.108060702,0.083192984,0.153606948,0.692131746,-0.212199968,5.204785559,,,,
230.png,Canny,512,512,FALSE,,0.9,64204,56562,2577,23.75263435,4,59.73868684,61210.53872,4652,0.075999985,7.59999846,4.210059336,0.988631964,0.978289311,0.244918823,0.241778578,526,342,868,0.440890878,0.093172094,0.656965464,0.027721792,0.403958091,0.011173579,1,0.624671769,0.417701007,0.238766259,0.179139127,0.303847311,0.973555579,-0.010747679,3.861480735,,,,
238.png,SLoG,512,512,FALSE,,0.35,84675,56495,6752,9.49330657,2,15.06396103,64098.80596,11650,0.181750656,18.17506555,10.53373756,0.981175303,0.963430392,0.323009491,0.33979373,798,923,1721,0.418422043,0.292096646,0.851155213,0.113284361,0.569312796,0.032480751,0.505832493,0.503316462,0.324204284,0.268140791,0.172002794,0.293519426,0.961975557,-0.033031941,4.812857124,,,,
238.png,LoG,512,512,FALSE,,0.162109524,31114,19488,2906,8.61961476,1,5.828427125,25048.60049,4495,0.179451143,17.94511434,11.60144656,0.929238498,0.874281609,0.118690491,0.130032901,232,343,575,0.333605528,0.347701149,0.942532691,0.183343596,0.724363386,0.04808087,0.275461733,0.503316462,0.174254115,0.055152483,0.04372484,0.083786144,0.600283422,-0.262343205,7.270851075,,,,
238.png,Canny,512,512,FALSE,,0.9,55330,46421,2954,17.26803773,3.414213562,44.81787156,51009.78345,4794,0.093981971,9.398197121,5.791045952,0.976971626,0.956312876,0.2110672,0.210249957,476,352,828,0.490986764,0.124512613,0.676371022,0.041231339,0.443466486,0.017858297,1,0.503316462,0.400461306,0.204939302,0.156823048,0.271127116,1.0254095,0.008860541,4.102222691,,,,
242.png,SLoG,512,512,FALSE,,0.35,114883,59066,1760,41.96321795,1,33.94802307,73855.2636,4514,0.061119544,6.111954355,2.383039359,0.987886429,0.976450073,0.438243866,0.437840222,1324,1325,2649,0.388350457,0.060864118,0.808522727,0.028341178,0.610795455,0.010073477,0.530638278,0.739638841,0.404796304,0.41878829,0.259186903,0.411673441,0.990659396,-0.011730874,3.959777285,,,,
242.png,LoG,512,512,FALSE,,0.173828274,79409,52393,5829,11.07169703,2,11.41421356,64536.92197,11002,0.170476057,17.04760572,9.032039059,0.969556987,0.941728857,0.302921295,0.324694944,623,947,1570,0.345596552,0.294123261,0.882998799,0.119214399,0.584834448,0.024258966,0.263118684,0.739638841,0.281969777,0.216331829,0.139489319,0.244827778,0.666652826,-0.252545174,4.75417441,,,,
242.png,Canny,512,512,FALSE,,0.9,70415,64274,2013,34.05055891,6,97.77056275,68543.77509,3679,0.053673729,5.367372887,2.936809356,0.99362886,0.987662196,0.268611908,0.26748764,414,186,600,0.395821452,0.05713041,0.575260805,0.016647478,0.358668654,0.006954601,1,0.739638841,0.403855429,0.255253661,0.185397873,0.312802777,0.93524551,-0.02112248,3.940717121,,,,
243.png,SLoG,512,512,FALSE,,0.35,111000,57239,2075,33.68993892,1.414213562,37.43086579,69906.62327,4861,0.069535614,6.953561441,2.968245215,0.98727268,0.97576827,0.423431396,0.426732603,1222,1203,2425,0.385017186,0.074022956,0.79373494,0.032914621,0.582650602,0.011652894,0.532650769,0.742192984,0.400734791,0.404505464,0.252043413,0.402611299,0.989814934,-0.014557663,3.807137129,,,,
243.png,LoG,512,512,FALSE,,0.173831195,75049,49730,5837,10.16965485,2,10.41421356,59360.27537,10621,0.178924372,17.89243721,9.833175408,0.967564821,0.938367183,0.286289215,0.308447339,505,871,1376,0.339661747,0.315946109,0.894123694,0.125940076,0.592256296,0.026844963,0.264277756,0.742192984,0.2658772,0.193987454,0.126324714,0.224313135,0.644100735,-0.269301177,4.747114892,,,,
243.png,Canny,512,512,FALSE,,0.9,69741,63935,1951,34.79009391,6.242640687,97.04163056,67875.47321,3649,0.053760215,5.376021451,2.874381434,0.993180573,0.986611402,0.266040802,0.2659417,379,203,582,0.395237535,0.05812153,0.584315736,0.016876515,0.359302922,0.00636584,1,0.742192984,0.40241455,0.253146329,0.183983025,0.310786593,0.939576411,-0.019995039,3.773363486,,,,
244.png,SLoG,512,512,FALSE,,0.35,96011,55568,4648,13.644276,2,26.58650071,63418.59485,8409,0.13259518,13.259518,7.329080708,0.984244525,0.969442845,0.366252899,0.37092178,959,786,1745,0.402669162,0.187877915,0.784423408,0.071030089,0.527969019,0.022350993,0.523310781,0.645352447,0.371153071,0.325240194,0.209689461,0.346683125,0.969237401,-0.028534203,4.236104366,,,,
244.png,LoG,512,512,FALSE,,0.173829556,48596,32060,4834,7.801926794,1,8.414213562,37714.51412,7959,0.211032813,21.10328128,12.81734662,0.945336878,0.898159701,0.185379028,0.200116313,404,509,913,0.345138311,0.371490954,0.911874224,0.174703681,0.660529582,0.041079226,0.274440497,0.645352447,0.240171047,0.113546032,0.083537303,0.154193682,0.643413877,-0.246742921,5.421069614,,,,
244.png,Canny,512,512,FALSE,,0.9,66138,58111,2773,22.68396183,4,57.88772004,62902.62617,5018,0.079774094,7.97740938,4.408400999,0.989674926,0.980089828,0.252296448,0.249960537,558,379,937,0.43336916,0.095128289,0.64839524,0.029718986,0.4056978,0.011426408,1,0.645352447,0.411131238,0.24278438,0.18014141,0.305287839,0.951084036,-0.016059562,3.915221464,,,,
245.png,SLoG,512,512,FALSE,,0.35,133293,63625,485,180.8348226,1,8.248528137,87704.88898,2178,0.024833279,2.483327925,0.552990837,0.990066826,0.980840864,0.508472443,0.506362958,1375,1950,3325,0.370252073,0.017131631,0.909278351,0.008267191,0.698969072,0.00297053,0.525191903,0.777073121,0.405860015,0.503685303,0.289916387,0.449511906,0.99322717,-0.003768335,4.149224729,,,,
245.png,LoG,512,512,FALSE,,0.212890774,81323,53072,4828,14.2215691,2,10.41421356,68661.73561,9535,0.138869196,13.88691957,7.031572909,0.968081117,0.938950859,0.310222626,0.334398345,466,981,1447,0.316243976,0.249321676,0.893744822,0.098243895,0.582642916,0.019482967,0.329655737,0.777073121,0.241546195,0.197963627,0.122078839,0.217594049,0.601868402,-0.291283417,5.303716402,,,,
245.png,Canny,512,512,FALSE,,0.9,71940,66874,1680,42.15189891,8.414213562,116.6737157,70815.19017,3295,0.046529565,4.652956509,2.372372363,0.994631708,0.989368065,0.274429321,0.273329802,344,93,437,0.36638248,0.0494213,0.536904762,0.012441308,0.300595238,0.003768281,1,0.777073121,0.378376316,0.253473181,0.178952914,0.303579409,0.904375401,-0.030242334,4.333726353,,,,
247.png,SLoG,512,512,FALSE,,0.35,125363,61972,865,94.9165259,1,13,82102.7949,3061,0.037282531,3.728253105,1.053557313,0.989479125,0.97970051,0.478221893,0.478901803,1507,1769,3276,0.375550866,0.031336733,0.883236994,0.014942232,0.669364162,0.004905441,0.530843019,0.762568748,0.422849839,0.47435985,0.287934679,0.447126215,0.99691225,-0.003024186,3.796909566,,,,
247.png,LoG,512,512,FALSE,,0.177734673,91700,59705,4862,16.29902904,2,12.24264069,79245.87918,10182,0.128486176,12.84861763,6.135334796,0.976727247,0.954995394,0.349807739,0.37457889,585,1195,1780,0.330292255,0.220216062,0.878239408,0.085486978,0.569724393,0.017335232,0.274011612,0.762568748,0.282331492,0.247729601,0.15200814,0.263901157,0.61539877,-0.285887987,4.697280365,,,,
247.png,Canny,512,512,FALSE,,0.9,71525,66057,1812,38.60038168,6.828427125,100.7818326,69943.89161,3378,0.048295854,4.829585432,2.590647958,0.994194388,0.988646169,0.272846222,0.272783679,315,138,453,0.374028832,0.050214209,0.554635762,0.014396657,0.332781457,0.005162208,1,0.762568748,0.39736818,0.253914061,0.183321478,0.309842222,0.906903576,-0.031305472,3.953025017,,,,
248.png,SLoG,512,512,FALSE,,0.35,143569,62139,282,313.555452,1,4.982842712,88422.63747,1592,0.018004439,1.80044392,0.318922855,0.987857878,0.97759861,0.547672272,0.525261839,1363,2019,3382,0.387815386,0.00888331,0.946808511,0.005326767,0.794326241,0.002269106,0.51942569,0.76709199,0.426249521,0.535226931,0.311099076,0.474562268,0.994421338,-0.004141651,3.839739263,,,,
248.png,LoG,512,512,FALSE,,0.193359509,85452,54072,4684,14.92488128,2,12.65685425,69908.1439,9638,0.137866627,13.7866627,6.700220802,0.973627746,0.949141885,0.325973511,0.355685852,566,1037,1603,0.326201737,0.23409528,0.877668659,0.092839177,0.574722459,0.017495192,0.305877894,0.76709199,0.237677778,0.202093979,0.122615588,0.21844626,0.539248835,-0.348434909,5.172538968,,,,
248.png,Canny,512,512,FALSE,,0.9,70683,65811,1682,41.22887426,8.742640687,118.4144228,69346.9665,3126,0.045077675,4.507767474,2.42548461,0.993808031,0.987813587,0.269634247,0.27550597,250,81,331,0.375068456,0.046284056,0.520214031,0.011882512,0.29548157,0.004269803,1,0.76709199,0.39211391,0.258250676,0.184417257,0.311405893,0.893965775,-0.033572986,4.050901803,,,,
249.png,SLoG,512,512,FALSE,,0.35,81992,53567,7542,7.8670769,1.707106781,14.48528137,59333.49398,12736,0.214651104,21.46511042,12.71120154,0.983693302,0.968002688,0.312774658,0.335021256,754,824,1578,0.456252247,0.340900181,0.854547865,0.136371273,0.579687086,0.038083148,0.508624613,0.441425705,0.327549132,0.263279539,0.170904489,0.291918753,0.951635746,-0.046778977,4.510580389,,,,
249.png,LoG,512,512,FALSE,,0.154297039,31008,20031,3748,6.672738492,1,5.828427125,25009.42387,5589,0.22347576,22.34757598,14.98635082,0.918601155,0.854575408,0.118286133,0.129802517,245,297,542,0.375040531,0.426788478,0.945304162,0.238130897,0.74493063,0.061454745,0.259908885,0.441425705,0.190119712,0.05920775,0.047282386,0.090295391,0.621221041,-0.264783138,6.425921278,,,,
249.png,Canny,512,512,FALSE,,0.9,55728,46105,3029,16.90108679,3.414213562,43.55634919,51193.39189,5061,0.098860416,9.886041563,5.916779272,0.97823447,0.958702961,0.212585449,0.217917949,584,398,982,0.529016435,0.128424249,0.674810168,0.042229693,0.43941895,0.017893938,1,0.441425705,0.40440908,0.211437587,0.161231245,0.277690161,0.97183403,-0.000785107,3.817415338,,,,
250.png,SLoG,512,512,FALSE,,0.35,95448,57986,5190,12.87192906,2,21.3137085,66805.3118,9278,0.138881172,13.8881172,7.768843315,0.984065115,0.969164971,0.364105225,0.371814948,889,960,1849,0.393106192,0.204463146,0.808863198,0.080743628,0.555105973,0.02498879,0.518766284,0.636171997,0.369588351,0.322733675,0.208149335,0.344575507,0.974793359,-0.024719608,4.100648523,,,,
250.png,LoG,512,512,FALSE,,0.177734688,44817,29103,4143,8.473513814,1,8.828427125,35105.76773,6829,0.194526439,19.45264394,11.80147955,0.944954157,0.899391815,0.170963287,0.185692986,357,478,835,0.337104291,0.357007869,0.911658219,0.16537814,0.659666908,0.038449644,0.286436945,0.636171997,0.22865922,0.099720255,0.074619219,0.138875645,0.631548061,-0.254085881,5.50981287,,,,
250.png,Canny,512,512,FALSE,,0.9,62154,54267,2808,20.84928173,4,53.56051224,58544.78309,4905,0.083782017,8.378201679,4.7963283,0.985847771,0.973022279,0.237098694,0.235050353,469,390,859,0.431161165,0.106418265,0.665242165,0.031713564,0.413817664,0.013341441,1,0.636171997,0.407906161,0.225175085,0.169706307,0.29016909,0.939113133,-0.016146077,3.735743642,,,,
251.png,SLoG,512,512,FALSE,,0.35,112265,57965,2021,34.98596113,1.414213562,44.627417,70706.62745,4800,0.06788614,6.788613986,2.858289347,0.988605201,0.978090227,0.428256989,0.427820137,1296,1160,2456,0.392107844,0.070922108,0.783275606,0.031156733,0.576447303,0.011127404,0.530980229,0.741869962,0.407931433,0.405962904,0.255449268,0.406944788,0.993456238,-0.011073663,3.703543488,,,,
251.png,LoG,512,512,FALSE,,0.177735865,74984,49788,6052,9.883559316,2,11.24264069,59815.30098,10882,0.181926695,18.19266947,10.1178125,0.965815067,0.934863823,0.28604126,0.306379865,568,885,1453,0.348148316,0.316501968,0.890118969,0.133325299,0.605419696,0.028460673,0.269776165,0.741869962,0.280937907,0.20022049,0.132380209,0.233808766,0.665284798,-0.255845521,4.511927301,,,,
251.png,Canny,512,512,FALSE,,0.9,70356,64039,2109,32.37632885,6.242640687,81.29360749,68281.67754,3866,0.05661841,5.661840979,3.088676313,0.993542969,0.987351458,0.268386841,0.266170002,425,223,648,0.40244475,0.05916707,0.574205785,0.018207655,0.364153627,0.007183123,1,0.741869962,0.411954892,0.255062569,0.186983801,0.315057039,0.943546649,-0.017546424,3.661949561,,,,
256.png,SLoG,512,512,FALSE,,0.35,79836,52972,7669,7.495070864,1.414213562,12.82842712,57479.69846,12805,0.222774307,22.27743072,13.342102,0.978479207,0.958714038,0.304550171,0.321511876,656,796,1452,0.41390574,0.357962697,0.871952015,0.144208261,0.589125049,0.038416522,0.506217599,0.483180791,0.312686897,0.24079859,0.157457117,0.272074212,0.95153524,-0.044884199,4.831399448,,,,
256.png,LoG,512,512,FALSE,,0.154297024,28959,18342,2908,7.969891657,1,6.414213562,23176.44494,4475,0.19308397,19.308397,12.54722201,0.923209012,0.864355032,0.110469818,0.120935851,185,307,492,0.323601961,0.378802748,0.942572215,0.195507578,0.724209078,0.050212627,0.2624273,0.483180791,0.153710553,0.044525211,0.035759087,0.069049042,0.569583304,-0.279755723,7.063419128,,,,
256.png,Canny,512,512,FALSE,,0.9,55641,46466,2928,17.49970314,3.414213562,46.16345597,51239.13078,4836,0.094380992,9.438099215,5.714382651,0.976918578,0.956096931,0.212253571,0.211385886,517,367,884,0.504527152,0.127082168,0.676229508,0.03966341,0.429644809,0.017044721,1,0.483180791,0.405584449,0.20535464,0.157848155,0.272657782,1.005695523,0.004282465,4.047034499,,,,
257.png,SLoG,512,512,FALSE,,0.35,123810,59717,753,104.9080368,1,11.24264069,78995.75169,2890,0.036584246,3.658424584,0.953215817,0.989039958,0.979034446,0.472297668,0.479646826,1384,1737,3121,0.382240146,0.026993988,0.887118194,0.012877405,0.671978752,0.004856239,0.531425834,0.764731944,0.422965027,0.478124753,0.289371444,0.448856604,0.998662607,-0.0024516,3.61279725,,,,
257.png,LoG,512,512,FALSE,,0.173828423,94882,59900,4494,17.54748007,2,12.24264069,78858.37543,9663,0.122536128,12.25361282,5.698823968,0.980959952,0.963338898,0.361946106,0.392430312,607,1230,1837,0.34308961,0.208380634,0.876279484,0.078297162,0.553404539,0.014607679,0.271248966,0.764731944,0.276439433,0.2556688,0.153168931,0.26564873,0.601731287,-0.303860171,4.516199203,,,,
257.png,Canny,512,512,FALSE,,0.9,70684,65946,1668,41.6518149,7.828427125,113.2575685,69475.22725,3111,0.044778551,4.47785509,2.400855767,0.993942022,0.988096321,0.269638062,0.27301413,286,118,404,0.380702555,0.045961848,0.541966427,0.012752858,0.325539568,0.004731144,1,0.764731944,0.398474314,0.256389745,0.184846845,0.312018124,0.892666787,-0.033815996,3.746764623,,,,
258.png,SLoG,512,512,FALSE,,0.35,97490,53987,4277,14.47672605,2,29.9254834,61916.95733,7730,0.124844636,12.4844636,6.907639174,0.986320794,0.973586234,0.371894836,0.378686945,1001,775,1776,0.404646546,0.173875192,0.781388824,0.06718284,0.535188216,0.021690407,0.527087331,0.67095542,0.387330227,0.339873766,0.221041118,0.362053521,0.969293267,-0.028998912,3.878663723,,,,
258.png,LoG,512,512,FALSE,,0.173828274,51649,34622,5407,7.404741085,1,8.828427125,40037.43505,8882,0.221842383,22.1842383,13.50486112,0.94842875,0.904367165,0.197025299,0.213560199,393,539,932,0.357916445,0.400785628,0.911781025,0.177170585,0.642685408,0.041360984,0.270004958,0.67095542,0.262691173,0.129993524,0.095243154,0.173921477,0.653886,-0.252988925,4.804265624,,,,
258.png,Canny,512,512,FALSE,,0.9,67481,60057,2521,25.65152318,4.414213562,67.45584412,64667.48995,4507,0.069694989,6.969498899,3.898403977,0.991166711,0.982982833,0.257419586,0.256358168,514,318,832,0.430723727,0.076310838,0.621578739,0.026225086,0.416898056,0.010573289,1,0.67095542,0.418650439,0.248687886,0.184852034,0.312025516,0.926196069,-0.020886801,3.672768766,,,,
264.png,SLoG,512,512,FALSE,,0.35,104590,59743,4090,17.28171494,1.414213562,30.1764502,70682.21411,7997,0.113140202,11.31402023,5.786462764,0.987488091,0.975712636,0.398979187,0.402314432,1200,1188,2388,0.397853285,0.144636192,0.78997555,0.060157675,0.560146699,0.020571448,0.510493994,0.670998573,0.396932528,0.370477971,0.23704908,0.383249272,0.970738437,-0.028720427,3.743128979,,,,
264.png,LoG,512,512,FALSE,,0.189453632,45455,30273,4770,7.397465563,1,7.414213562,35285.91073,7587,0.215014997,21.50149973,13.51814336,0.937303841,0.886466488,0.173397064,0.18644404,349,483,832,0.346091688,0.392428897,0.926834382,0.186701021,0.679245283,0.045155749,0.296701878,0.670998573,0.262923391,0.11372549,0.086232969,0.158774355,0.67703577,-0.227915115,4.671139847,,,,
264.png,Canny,512,512,FALSE,,0.9,65382,58300,2593,24.03506874,4,61.61320344,62322.93324,4654,0.074675561,7.467556095,4.160587227,0.990051448,0.980737564,0.249412537,0.247379732,436,328,764,0.423128396,0.089897084,0.645969919,0.027684391,0.406864636,0.01058319,1,0.670998573,0.421428094,0.241862026,0.181571484,0.307338974,0.964419003,-0.009013443,3.559135845,,,,
268.png,SLoG,512,512,FALSE,,0.35,124377,60947,967,81.57897959,1,13.31126984,78886.87326,3047,0.038624931,3.862493054,1.225805967,0.989499092,0.9797529,0.474460602,0.472612676,1319,1549,2868,0.366796851,0.033406074,0.87073423,0.015570906,0.662874871,0.006349779,0.531388581,0.781757939,0.4079523,0.463767535,0.277198765,0.434073024,0.999857057,-0.003172712,4.063100972,,,,
268.png,LoG,512,512,FALSE,,0.185547322,90262,58531,4897,15.25672573,2,12.24264069,74712.18589,10069,0.134770518,13.47705181,6.554486315,0.974910736,0.952008337,0.344322205,0.368882664,575,1172,1747,0.323343188,0.226204917,0.879313866,0.088209667,0.568511333,0.017136218,0.284145832,0.781757939,0.277810424,0.246503093,0.150233135,0.261222061,0.645247243,-0.265410414,4.919915916,,,,
268.png,Canny,512,512,FALSE,,0.9,71235,66182,1760,39.71580069,7.414213562,109.9847763,69899.80921,3256,0.046580957,4.65809569,2.517889562,0.994296014,0.988924481,0.27173996,0.270263285,293,122,415,0.367566645,0.049137228,0.549431818,0.013039799,0.324431818,0.005197788,1,0.781757939,0.385445908,0.250574044,0.179043525,0.30370978,0.902367745,-0.029882206,4.183184167,,,,
271.png,SLoG,512,512,FALSE,,0.35,112353,57950,2184,32.33436578,1,38.72619767,70618.25487,5045,0.071440451,7.144045133,3.092684751,0.988360643,0.977497843,0.428592682,0.427967778,1270,1203,2473,0.383197874,0.077428818,0.794871795,0.034374461,0.587912088,0.011958585,0.532139182,0.738728714,0.407052529,0.407333859,0.255645023,0.407193145,0.984378505,-0.015605081,3.766282798,,,,
271.png,LoG,512,512,FALSE,,0.181640938,75178,50318,5983,10.12929672,2,10.82842712,60603.58229,10971,0.181028903,18.10289027,9.872353702,0.967765033,0.938550817,0.286781311,0.308253367,554,905,1459,0.341920674,0.313585596,0.892528832,0.128959816,0.598529166,0.027365953,0.274617136,0.738728714,0.285181784,0.205550526,0.135657246,0.238905263,0.660604865,-0.254086275,4.50379714,,,,
271.png,Canny,512,512,FALSE,,0.9,69596,63791,2034,33.35991658,5.414213562,91.16833329,67854.07032,3745,0.055191973,5.519197275,2.997609414,0.993173003,0.986706589,0.265487671,0.26338336,384,199,583,0.391896486,0.063237761,0.602261554,0.017823831,0.37020649,0.006975906,1,0.738728714,0.407865204,0.251185157,0.184063171,0.310900931,0.919882502,-0.025225753,3.728021636,,,,
276.png,SLoG,512,512,FALSE,,0.35,137964,63441,342,260.3634571,1,9.414213562,89044.30233,1634,0.018350416,1.835041611,0.384078477,0.989344418,0.979350893,0.526290894,0.52122789,1259,1992,3251,0.366199881,0.010970823,0.906432749,0.00535931,0.719298246,0.002600842,0.510792792,0.796016634,0.390155515,0.510819473,0.28403287,0.442407475,0.97937471,-0.020666978,4.66233558,,,,
276.png,LoG,512,512,FALSE,,0.224609509,61498,40417,4235,11.71685802,2,9.414213562,49620.8937,7558,0.152314871,15.23148705,8.534711256,0.953992128,0.914565653,0.234596252,0.255610317,381,620,1001,0.285960764,0.28685949,0.905548996,0.116337185,0.60472255,0.024445159,0.353308171,0.796016634,0.15890183,0.10202564,0.066248631,0.124264884,0.501581385,-0.346669175,7.102999249,,,,
276.png,Canny,512,512,FALSE,,0.9,73477,68687,1481,48.97166557,9.828427125,135.5979797,72527.0367,2825,0.038950992,3.895099164,2.041997119,0.995566845,0.991235605,0.280292511,0.280545062,265,70,335,0.359344125,0.038799191,0.503038488,0.010147481,0.289669142,0.003304847,1,0.796016634,0.365149669,0.257321212,0.17778421,0.301896067,0.909911127,-0.027963176,4.831169003,,,,
277.png,SLoG,512,512,FALSE,,0.35,135198,62729,433,198.5234882,1,9.208326112,85960.67037,1957,0.022766225,2.276622543,0.503718733,0.989845216,0.980471552,0.515739441,0.51391592,1257,1912,3169,0.359283268,0.014554672,0.905311778,0.007078066,0.704387991,0.003092668,0.506435275,0.793794858,0.388814394,0.500277095,0.280048232,0.437558874,0.980029508,-0.024767764,4.648533795,,,,
277.png,LoG,512,512,FALSE,,0.232422531,53650,35508,3874,11.24205356,2,10.04974747,43551.71549,6804,0.15622806,15.62280595,8.895171995,0.951658785,0.910696181,0.204658508,0.223774004,296,559,855,0.276749939,0.288808156,0.89726381,0.123155345,0.613061435,0.025684353,0.36948663,0.793794858,0.162318029,0.09093951,0.061892427,0.11657005,0.508409245,-0.339191088,7.083439051,,,,
277.png,Canny,512,512,FALSE,,0.9,73116,68262,1451,49.70732817,9.414213562,135.0832611,72125.33317,2837,0.039334307,3.933430704,2.011775802,0.995524585,0.991078492,0.278915405,0.278915627,285,69,354,0.354522228,0.038996806,0.505858029,0.009815124,0.282563749,0.003164279,1,0.793794858,0.37096267,0.25904742,0.179986051,0.30506471,0.917556033,-0.027564687,4.774646316,,,,
28.png,SLoG,512,512,FALSE,,0.35,112834,59351,2094,35.10420474,1.414213562,38.0882251,73508.20472,5230,0.07114852,7.114852036,2.848661599,0.988214195,0.977321359,0.430427551,0.434349689,1349,1355,2704,0.392473817,0.072332395,0.781279847,0.029620394,0.56017192,0.011255076,0.514806867,0.7257465,0.410219611,0.420777553,0.262173276,0.415431512,0.991351091,-0.011074931,3.87428165,,,,
28.png,LoG,512,512,FALSE,,0.173828274,73157,48310,5913,10.04601041,2,9.965685425,59402.05957,10694,0.180027428,18.0027428,9.954200314,0.965017617,0.933140137,0.279071808,0.302601412,549,857,1406,0.347863346,0.327944525,0.899881617,0.133181536,0.597158803,0.02767543,0.269852906,0.7257465,0.309654495,0.221281431,0.148180248,0.258113216,0.707005014,-0.21355426,4.501235098,,,,
28.png,Canny,512,512,FALSE,,0.9,70284,63999,2107,32.39691021,6.242640687,80.40731599,68260.2898,3954,0.057925333,5.792533274,3.086714115,0.993203044,0.986781043,0.268112183,0.266667782,447,210,657,0.401997954,0.065844779,0.588514476,0.016937765,0.343141908,0.00703136,1,0.7257465,0.40993097,0.258153436,0.188214023,0.316801552,0.969103754,-0.01298986,3.867920418,,,,
282.png,SLoG,512,512,FALSE,,0.35,131351,60918,588,139.0565261,1,14.70832611,81765.23733,2565,0.0313703,3.13702997,0.719132017,0.9891904,0.97938212,0.501064301,0.502118839,1305,1863,3168,0.353921026,0.020962605,0.87755102,0.010062707,0.670068027,0.003463672,0.512502253,0.798700452,0.39577854,0.48356163,0.27819087,0.435288464,0.97681222,-0.025606174,4.551622201,,,,
282.png,LoG,512,512,FALSE,,0.216796994,57543,38171,4405,10.22800572,2,10.24264069,45054.3652,7894,0.175210548,17.52105476,9.777077049,0.952856898,0.911922664,0.219509125,0.239675362,313,554,867,0.274535984,0.3204527,0.896254257,0.123706479,0.582746879,0.025359566,0.339973807,0.798700452,0.172083697,0.10035897,0.067680259,0.126780014,0.507929712,-0.348579237,6.769975808,,,,
282.png,Canny,512,512,FALSE,,0.9,72572,68003,1417,50.71522457,8.414213562,138.6925974,71863.47321,2681,0.037306853,3.730685257,1.971794483,0.99558109,0.991235681,0.27684021,0.275929656,233,77,310,0.350135863,0.03810126,0.531404375,0.011161272,0.321806634,0.003382204,1,0.798700452,0.379568345,0.254848124,0.179905385,0.304948832,0.902438007,-0.029616785,4.624937525,,,,
283.png,SLoG,512,512,FALSE,,0.35,136996,62053,353,242.2709947,1,9.19411255,85521.66114,1960,0.02291817,2.291817037,0.412760925,0.988993287,0.979114628,0.522598267,0.520386766,1287,1996,3283,0.355158925,0.012618246,0.909348442,0.006091567,0.711048159,0.002385058,0.51928556,0.795990968,0.387588346,0.503536744,0.280425515,0.438019254,0.975183593,-0.027829021,4.739495974,,,,
283.png,LoG,512,512,FALSE,,0.212890819,58737,38928,4237,11.10426971,2,9.414213562,47048.79074,7540,0.160259167,16.02591667,9.005544952,0.952771783,0.911657419,0.224063873,0.243426308,298,607,905,0.267831385,0.300606247,0.903705452,0.118192561,0.591456219,0.023967324,0.334299475,0.795990968,0.149227456,0.090688133,0.059780078,0.112816007,0.503392319,-0.356888062,7.343002158,,,,
283.png,Canny,512,512,FALSE,,0.9,72870,68567,1399,51.55069565,9.414213562,144.4842712,72119.42321,2676,0.037105122,3.710512204,1.939838032,0.995354891,0.990768154,0.27797699,0.278391692,234,71,305,0.350842297,0.037889947,0.510364546,0.009144341,0.278055754,0.003150203,1,0.795990968,0.365270803,0.253866528,0.17615643,0.29954592,0.894344609,-0.032579969,4.840767142,,,,
288.png,SLoG,512,512,FALSE,,0.35,141557,64566,298,307.4395463,1,8.708326112,91616.9848,1605,0.017518586,1.75185857,0.325267199,0.990296721,0.981460831,0.539997101,0.534875291,1267,2063,3330,0.352503419,0.009927826,0.912751678,0.004692872,0.701342282,0.002013444,0.52820915,0.798541033,0.408603323,0.540491525,0.303257363,0.465383694,0.992985874,-0.006822746,4.348954962,,,,
288.png,LoG,512,512,FALSE,,0.224609658,79363,50774,4311,14.83358916,2,11.48528137,63947.60286,8633,0.135001151,13.50011512,6.741456767,0.969580889,0.942056958,0.302745819,0.327886066,425,924,1349,0.291993082,0.234352228,0.884481559,0.089179501,0.564370216,0.017508961,0.351043224,0.798541033,0.224800488,0.182286568,0.11192873,0.201323569,0.561542935,-0.311585258,5.650396263,,,,
288.png,Canny,512,512,FALSE,,0.9,72428,67842,1531,46.68558354,8.414213562,134.9411255,71475.62841,2934,0.041048957,4.104895704,2.141988863,0.995062053,0.990168332,0.276290894,0.275885632,245,85,330,0.34375912,0.044146694,0.532984977,0.010951918,0.292619203,0.003272309,1,0.798541033,0.375324715,0.256077078,0.179551465,0.304440238,0.895698504,-0.030513783,4.5701567,,,,
290.png,SLoG,512,512,FALSE,,0.35,141408,64862,254,363.8191656,1,8,92410.06806,1539,0.01665403,1.66540295,0.274861825,0.989284933,0.979556597,0.539428711,0.535710424,1260,2126,3386,0.352934062,0.00860288,0.917322835,0.003916006,0.704724409,0.001788412,0.527999759,0.796706402,0.411675194,0.536978339,0.303824667,0.466051417,0.992624418,-0.006202139,4.300810782,,,,
290.png,LoG,512,512,FALSE,,0.236329004,78315,50833,4664,13.64068242,2,10.41421356,63620.14283,9061,0.142423446,14.24234464,7.33101152,0.967304707,0.937560246,0.298748016,0.322300507,446,867,1313,0.286557257,0.260814825,0.893867925,0.100407216,0.577401372,0.018137824,0.367364109,0.796706402,0.207066536,0.162496076,0.100166674,0.182093634,0.543477791,-0.337438104,5.933212474,,,,
290.png,Canny,512,512,FALSE,,0.9,72280,67899,1505,47.44299501,9.414213562,128.7764502,71401.70748,2858,0.040027054,4.002705398,2.107792731,0.995021999,0.990132403,0.275726318,0.275327117,225,82,307,0.346662045,0.039971134,0.512292359,0.010618713,0.292358804,0.003446295,1,0.796706402,0.372579232,0.249769613,0.175818536,0.299057262,0.86588549,-0.039965142,4.584517518,,,,
291.png,SLoG,512,512,FALSE,,0.35,122197,60822,1027,77.03367676,1,9.828427125,79113.58603,3295,0.041648978,4.164897795,1.298133546,0.988490999,0.977902733,0.466144562,0.463540799,1346,1599,2945,0.36672166,0.035809411,0.900681597,0.017921147,0.70593963,0.006987603,0.536070943,0.773059905,0.413340761,0.45676953,0.277115836,0.433971342,1.003630511,-0.001621084,3.870370023,,,,
291.png,LoG,512,512,FALSE,,0.189453274,90610,58972,5095,14.83391326,2,12,75578.78806,10271,0.135897919,13.58979188,6.741309474,0.977455378,0.956860883,0.345649719,0.369510712,550,1163,1713,0.320792317,0.238113003,0.879097154,0.089805331,0.566633955,0.018381605,0.288243622,0.773059905,0.27341892,0.240855475,0.146858862,0.256106252,0.647762065,-0.267699352,4.799922112,,,,
291.png,Canny,512,512,FALSE,,0.9,70570,65560,1767,39.22450856,7,116.7386868,69309.70662,3275,0.047251679,4.725167888,2.54942646,0.993685186,0.987675412,0.269203186,0.268446173,306,147,453,0.36552465,0.050167785,0.559705716,0.014261745,0.340124505,0.005292862,1,0.773059905,0.387603755,0.248053934,0.178210689,0.302510731,0.895094862,-0.034896137,4.005519745,,,,
299.png,SLoG,512,512,FALSE,,0.35,112825,58470,2060,34.81011928,1,24.76223664,71708.84571,4671,0.065138407,6.513840732,2.872727876,0.987438023,0.976038994,0.430393219,0.429963678,1261,1215,2476,0.364358962,0.069180776,0.826699029,0.034359501,0.640291262,0.012998119,0.532439113,0.761561728,0.39908248,0.408662489,0.252988121,0.403815674,0.992039966,-0.010486072,3.893021031,,,,
299.png,LoG,512,512,FALSE,,0.173828274,77995,51809,5604,11.44783077,2,10.41421356,64153.64362,10306,0.160645591,16.06455911,8.735279376,0.970844805,0.944527013,0.297527313,0.320129109,523,989,1512,0.318956316,0.281785018,0.894718059,0.118859658,0.610456817,0.02572912,0.264145136,0.761561728,0.277987651,0.211943945,0.136695855,0.24051439,0.676303875,-0.242250489,4.679520138,,,,
299.png,Canny,512,512,FALSE,,0.9,69645,63974,2047,33.11687976,5,91.97544007,67790.25287,3663,0.054034317,5.403431681,3.019608149,0.992848635,0.986134992,0.265674591,0.264144255,370,172,542,0.371846378,0.061102948,0.608695652,0.018741989,0.384465071,0.007284209,1,0.761561728,0.396536209,0.249456236,0.180813614,0.306252591,0.908999154,-0.028447123,3.914407424,,,,
302.png,SLoG,512,512,FALSE,,0.35,134651,62260,440,193.8711935,1,6.455634919,85303.32513,1958,0.022953384,2.295338425,0.515806388,0.990387082,0.981561195,0.513652802,0.509517963,1405,1877,3282,0.35921064,0.014696434,0.931818182,0.0080469,0.747727273,0.003051719,0.531665683,0.787210512,0.412844262,0.512641221,0.296480519,0.457362089,0.996670378,-0.002343299,4.308970741,,,,
302.png,LoG,512,512,FALSE,,0.201174051,87991,55928,4475,16.34218737,2,11.24264069,73131.28849,9333,0.127619794,12.76197944,6.119131896,0.974476099,0.951008439,0.335659027,0.362605558,510,1109,1619,0.310558587,0.221159348,0.889832402,0.087755686,0.585027933,0.016521242,0.311469495,0.787210512,0.2507976,0.221628499,0.133345173,0.235312552,0.586971278,-0.304248118,5.324116112,,,,
302.png,Canny,512,512,FALSE,,0.9,71514,66693,1578,44.67601228,8.828427125,120.6700577,70498.74738,3011,0.042709979,4.270997871,2.238337642,0.995224357,0.990583719,0.27280426,0.271903008,248,81,329,0.353549123,0.045267119,0.524081115,0.010795736,0.283269962,0.003643561,1,0.787210512,0.38199831,0.253129771,0.179586237,0.304490221,0.896571395,-0.032423522,4.461077417,,,,
304.png,SLoG,512,512,FALSE,,0.35,143016,62632,263,339.1880336,1,7.882842712,89206.45283,1604,0.017980762,1.798076203,0.294821722,0.988823593,0.979243837,0.545562744,0.53094077,1311,2022,3333,0.366853237,0.009148678,0.91634981,0.004294929,0.69581749,0.001724358,0.521749139,0.783286285,0.415521194,0.539046373,0.306584446,0.469291437,0.991343599,-0.005676978,4.206024839,,,,
304.png,LoG,512,512,FALSE,,0.212891176,80534,51312,4475,14.78317156,2,11.41421356,66154.69275,8966,0.135530824,13.55308237,6.764448316,0.971108139,0.944671812,0.30721283,0.334668886,496,935,1431,0.301457971,0.238735578,0.884469274,0.093330995,0.576759777,0.018397256,0.335261524,0.783286285,0.230467383,0.188456743,0.115670238,0.207355603,0.553594881,-0.326546242,5.510025008,,,,
304.png,Canny,512,512,FALSE,,0.9,71208,66555,1465,47.96360705,7.414213562,153.3362482,70266.68432,2764,0.039335853,3.933585349,2.084914087,0.995019138,0.990263692,0.271636963,0.272699517,208,73,281,0.356469035,0.040628052,0.540614334,0.011960033,0.318088737,0.003335587,1,0.783286285,0.378954956,0.252498518,0.178595178,0.303064497,0.86624507,-0.039687816,4.444148933,,,,
306.png,SLoG,512,512,FALSE,,0.35,89505,54904,6164,9.933238787,2,18.24264069,61228.48388,10643,0.173824327,17.38243269,10.06720991,0.983962893,0.96876366,0.341434479,0.352414035,851,815,1666,0.405962318,0.260818884,0.820571058,0.103362232,0.557105775,0.03012531,0.515623152,0.567874014,0.345611814,0.290317771,0.187338849,0.315560885,0.956940042,-0.038739471,4.6608694,,,,
306.png,LoG,512,512,FALSE,,0.158203587,38604,25183,3905,7.873418284,1,7.656854249,30745.6984,6342,0.206272758,20.62727578,12.70096372,0.937080562,0.885478299,0.147262573,0.160204499,306,402,708,0.334125131,0.384068618,0.925224072,0.191240122,0.690140845,0.042568399,0.258147031,0.567874014,0.193555104,0.073911358,0.056509283,0.106973566,0.599616857,-0.269297638,6.517298356,,,,
306.png,Canny,512,512,FALSE,,0.9,61775,52906,2886,20.11394018,3.828427125,52.05634919,58048.83136,5038,0.086789,8.678899957,4.971676315,0.985634923,0.972441689,0.235652924,0.234685537,597,439,1036,0.457638651,0.109231467,0.66978517,0.033625676,0.424809425,0.014837637,1,0.567874014,0.406421578,0.227349986,0.170677472,0.291587522,0.942696357,-0.015147267,4.097883144,,,,
308.png,SLoG,512,512,FALSE,,0.35,94892,55711,5279,11.98229473,2,21.72792206,63254.53388,9111,0.144037106,14.4037106,8.345646827,0.984500349,0.970167471,0.361984253,0.368635726,900,832,1732,0.391770869,0.21604351,0.811327903,0.084058803,0.557870809,0.027678555,0.524767399,0.63851552,0.37115986,0.322648398,0.208611226,0.345208155,0.965716992,-0.030713095,4.234680818,,,,
308.png,LoG,512,512,FALSE,,0.169923484,47860,31779,4648,8.164551865,1,9.122539674,37948.83707,7835,0.20646219,20.64621898,12.24806966,0.947496772,0.902671576,0.182571411,0.197871535,408,555,963,0.342033297,0.36555587,0.907702238,0.169892067,0.653184165,0.038358665,0.270246476,0.63851552,0.243405831,0.113575691,0.083941447,0.154881884,0.635715407,-0.246377357,5.327169617,,,,
308.png,Canny,512,512,FALSE,,0.9,64365,56640,2734,22.45318724,3.828427125,58.28355698,61387.0139,4881,0.079511931,7.951193078,4.453710689,0.987720668,0.976412429,0.24553299,0.242967199,578,371,949,0.424504369,0.094809322,0.656547184,0.030932203,0.427944404,0.012411723,1,0.63851552,0.410384227,0.235130732,0.175756375,0.298967335,0.938608947,-0.019752893,3.884337321,,,,
31.png,SLoG,512,512,FALSE,,0.35,119194,60606,1518,51.08650458,1,18.89949494,77549.31395,4332,0.055861229,5.586122919,1.957464125,0.988878965,0.978665479,0.454689026,0.455540055,1458,1508,2966,0.390865594,0.051628552,0.843214756,0.025327525,0.65085639,0.009009009,0.516516745,0.744280934,0.413179602,0.44123029,0.271249319,0.426744487,0.994261528,-0.008671678,3.85169493,,,,
31.png,LoG,512,512,FALSE,,0.158205956,77719,51083,5806,10.83191481,2,10.53553391,62890.09737,11084,0.176243963,17.62439631,9.231978074,0.967220008,0.936867451,0.296474457,0.317904387,536,880,1416,0.342069983,0.319558366,0.891319325,0.119961631,0.562866001,0.022140438,0.244114861,0.744280934,0.280411671,0.208974109,0.136027269,0.23947888,0.640061212,-0.255514933,4.732384736,,,,
31.png,Canny,512,512,FALSE,,0.9,70285,64859,2007,34.19758668,7,87.4156421,68634.55647,3842,0.055977633,5.597763281,2.924182953,0.993385673,0.987125919,0.268115997,0.26700049,400,172,572,0.395650178,0.056630537,0.548081714,0.015942275,0.32486298,0.005689264,1,0.744280934,0.407007122,0.254749854,0.185791458,0.313362786,0.942983707,-0.018621088,3.868229729,,,,
314.png,SLoG,512,512,FALSE,,0.35,93730,59136,6172,10.90870497,2,17.89949494,67328.5271,11149,0.165591028,16.55910278,9.166990971,0.987165153,0.975074405,0.357551575,0.372500931,841,1028,1869,0.404505551,0.258049242,0.835547634,0.095356466,0.549092677,0.027039367,0.511726379,0.539018035,0.340587607,0.306449656,0.192334291,0.322618066,0.952027539,-0.044418501,4.651711415,,,,
314.png,LoG,512,512,FALSE,,0.150391266,38546,25030,4013,7.648955106,1,7.19411255,30695.25684,6449,0.210097607,21.00976067,13.07368113,0.936875761,0.885896924,0.147041321,0.160802548,326,416,742,0.338638276,0.385936876,0.927236481,0.194206952,0.69773237,0.046823811,0.248901397,0.539018035,0.192650044,0.074828144,0.056964753,0.107789314,0.609692685,-0.256811372,6.133617145,,,,
314.png,Canny,512,512,FALSE,,0.9,57605,48819,2926,18.34821634,3.207106781,50.88477631,53686.881,4966,0.09249932,9.249932027,5.450121045,0.980519891,0.963211045,0.219745636,0.219620907,548,392,940,0.460583776,0.119646039,0.679084074,0.039943465,0.441216678,0.01573158,1,0.539018035,0.39982087,0.212100687,0.160878733,0.277167164,0.966373778,-0.005967041,4.077584706,,,,
315.png,SLoG,512,512,FALSE,,0.35,116612,60249,1606,47.40572328,1,19.98528137,76133.59159,4165,0.054706469,5.470646942,2.109449937,0.987966597,0.976962273,0.444839478,0.443813065,1335,1435,2770,0.375765204,0.053627446,0.851183064,0.026905011,0.667496887,0.010323823,0.531118155,0.757082486,0.40530032,0.428061488,0.262921321,0.416370072,1.002443577,-0.005371492,3.770299662,,,,
315.png,LoG,512,512,FALSE,,0.185547024,79421,52940,5470,12.03580102,2,10.82842712,65835.83157,10406,0.158059825,15.80598247,8.308545468,0.970145464,0.942954288,0.302967072,0.327131427,536,999,1535,0.333580166,0.279013978,0.891773309,0.113071402,0.595246801,0.022648281,0.281587243,0.757082486,0.282448208,0.219882273,0.14107635,0.247268905,0.687774063,-0.23645059,4.563486864,,,,
315.png,Canny,512,512,FALSE,,0.9,69171,63752,1998,33.66764018,6,92.28599564,67267.94507,3572,0.053101072,5.310107208,2.970211143,0.993192375,0.986682771,0.263866425,0.26276558,304,161,465,0.380188048,0.05853934,0.582082082,0.016815159,0.354854855,0.006744886,1,0.757082486,0.393009906,0.245754285,0.178139753,0.302408526,0.896371866,-0.028947016,3.839278714,,,,
316.png,SLoG,512,512,FALSE,,0.35,103338,57283,3608,18.53672842,1.414213562,33.00071427,66880.51613,6899,0.103154108,10.31541082,5.39469521,0.986208797,0.973430163,0.394203186,0.396463337,1074,958,2032,0.371229082,0.130370267,0.785476718,0.055932825,0.562638581,0.018696646,0.527741075,0.716408098,0.385498075,0.36111166,0.229185739,0.372906602,0.973333485,-0.025499802,3.884429573,,,,
316.png,LoG,512,512,FALSE,,0.193360537,56632,38085,5131,8.751355309,1,10.41421356,44903.20409,8733,0.194485008,19.44850078,11.4268015,0.954273343,0.914769594,0.216033936,0.234842276,479,651,1130,0.329432726,0.337665748,0.895536932,0.151424445,0.638666927,0.035604569,0.297666222,0.716408098,0.262877695,0.145863384,0.103522021,0.187621123,0.669145979,-0.236433274,4.700850861,,,,
316.png,Canny,512,512,FALSE,,0.9,67158,60281,2468,26.17127885,5,67.97056275,64590.71621,4439,0.068725047,6.872504689,3.820982557,0.990983903,0.982531809,0.256187439,0.253340971,440,270,710,0.393585384,0.07898011,0.615883306,0.024103781,0.388168558,0.009356182,1,0.716408098,0.409229703,0.244956431,0.180963572,0.306467662,0.925457493,-0.023352308,3.71388395,,,,
321.png,SLoG,512,512,FALSE,,0.35,124703,61386,932,86.76852077,1,7.828427125,80868.26136,3067,0.03792588,3.79258803,1.1524917,0.988498986,0.977959144,0.475704193,0.4727329,1327,1745,3072,0.369996578,0.030104584,0.912017167,0.016567295,0.74248927,0.006695338,0.534046531,0.779910564,0.409481767,0.466527576,0.278892792,0.436147258,1.000531059,-0.001930675,3.82016674,,,,
321.png,LoG,512,512,FALSE,,0.201172024,92033,59064,4751,16.00486614,2,12.48528137,76039.11901,9771,0.128499648,12.84996476,6.248099744,0.975628138,0.952847758,0.351078033,0.378364476,561,1162,1723,0.323851019,0.227092645,0.874552726,0.082689963,0.548726584,0.0150684,0.308111429,0.779910564,0.273319112,0.249233995,0.149902098,0.260721497,0.645272476,-0.269590155,4.672576555,,,,
321.png,Canny,512,512,FALSE,,0.9,70821,66084,1803,38.46606685,6.828427125,113.2700577,69354.31852,3279,0.047278959,4.727895926,2.599693917,0.993977368,0.988257369,0.270160675,0.269128791,260,115,375,0.367723674,0.053068821,0.56849695,0.014118395,0.33166944,0.005160099,1,0.779910564,0.383665097,0.248850992,0.177780658,0.301890945,0.898588195,-0.030906865,3.960529446,,,,
323.png,SLoG,512,512,FALSE,,0.35,108966,57859,2665,26.22238107,1,40.06518036,69882.64556,5449,0.077973579,7.797357922,3.81353622,0.987149775,0.975336594,0.415672302,0.416176636,1159,1079,2238,0.378286868,0.090202043,0.784990619,0.041220899,0.585741088,0.015347656,0.531065464,0.743289769,0.400442611,0.391136368,0.24667666,0.395734785,0.99203636,-0.013676072,3.871771151,,,,
323.png,LoG,512,512,FALSE,,0.185548246,66834,44924,5643,9.583174862,1.414213562,10,54077.85575,9891,0.182902962,18.29029621,10.43495516,0.960132658,0.925251536,0.254951477,0.275331213,534,776,1310,0.333438605,0.321164634,0.89916711,0.140236844,0.625022151,0.031697979,0.281709194,0.743289769,0.27620864,0.178485495,0.121607933,0.216845708,0.676952065,-0.237817045,4.615637757,,,,
323.png,Canny,512,512,FALSE,,0.9,69335,62825,2243,29.95850302,5,80.83086579,67196.92227,4038,0.060092038,6.00920379,3.337950496,0.992184639,0.984735376,0.264492035,0.262178528,386,286,672,0.390080005,0.067886988,0.611680785,0.020485476,0.38074008,0.008213291,1,0.743289769,0.404911779,0.249153935,0.182373367,0.308486933,0.930231418,-0.024509061,3.821964941,,,,
324.png,SLoG,512,512,FALSE,,0.35,132529,62667,541,157.9490945,1,8.414213562,85450.46013,2149,0.025149075,2.514907464,0.633115374,0.989428222,0.979654364,0.505558014,0.50200126,1390,1858,3248,0.362888455,0.01905309,0.92051756,0.009127611,0.728280961,0.003877639,0.530110776,0.794045138,0.420804962,0.501113828,0.296564089,0.45746152,1.001127137,-0.001186424,3.854370247,,,,
324.png,LoG,512,512,FALSE,,0.208985254,89892,58155,4417,17.50093871,2,11.82842712,77301.64628,9229,0.119389437,11.93894366,5.713979213,0.975144029,0.951904393,0.342910767,0.369433929,567,1050,1617,0.31522885,0.209818588,0.882046638,0.080423007,0.565315825,0.014839653,0.322582513,0.794045138,0.258506937,0.226547726,0.137316442,0.24147447,0.592938007,-0.300382543,4.834457526,,,,
324.png,Canny,512,512,FALSE,,0.9,72468,67257,1720,41.41022093,7.828427125,113.6617316,71225.57999,3195,0.04485748,4.485747958,2.41486275,0.994602799,0.989369136,0.276443481,0.27534756,263,119,382,0.359053999,0.046181067,0.539534884,0.01290572,0.320930233,0.004624054,1,0.794045138,0.38923499,0.254239973,0.181737758,0.307577137,0.896495942,-0.03216617,4.045181094,,,,
327.png,SLoG,512,512,FALSE,,0.35,88282,57800,6555,10.04120914,2,14.45685425,65820.12594,11632,0.176724062,17.67240617,9.958959978,0.983209372,0.967577855,0.336769104,0.353683328,815,976,1791,0.399817705,0.282128028,0.856903127,0.108771626,0.57238749,0.030294118,0.508893132,0.536319554,0.3231927,0.277127411,0.17535929,0.298392656,0.959029689,-0.039213912,4.637993288,,,,
327.png,LoG,512,512,FALSE,,0.169922218,34719,22185,3576,7.766816491,1,6.914213562,27774.13577,5568,0.200474285,20.04742846,12.87528811,0.933265746,0.881226054,0.132442474,0.145392434,299,374,673,0.326428592,0.381113365,0.932606264,0.19729547,0.714205817,0.049312599,0.283376873,0.536319554,0.175166489,0.061744203,0.047836116,0.091304576,0.576001344,-0.268660936,6.481004531,,,,
327.png,Canny,512,512,FALSE,,0.9,55586,46806,2871,17.94009116,3.414213562,48.14213562,51506.00171,4662,0.090513724,9.051372356,5.574107686,0.978496373,0.959171901,0.212043762,0.211413602,454,388,842,0.472017825,0.119664146,0.674677813,0.038520702,0.439916405,0.017583216,1,0.536319554,0.395713549,0.202822999,0.154858983,0.268186826,1.008738843,0.002345217,3.979478556,,,,
328.png,SLoG,512,512,FALSE,,0.35,97500,58333,5046,13.4632064,2,20.3137085,67935.33951,9096,0.133892022,13.38920224,7.427651112,0.985719919,0.972296985,0.371932983,0.379973657,984,959,1943,0.395994782,0.19973257,0.82065002,0.078874736,0.565398335,0.024634426,0.521800518,0.636117804,0.368150854,0.329539875,0.210490335,0.347776978,0.967279188,-0.027271537,4.070259517,,,,
328.png,LoG,512,512,FALSE,,0.173828289,49446,32015,4515,8.718866225,1,8.414213562,39365.68101,7506,0.190673699,19.06736987,11.46938116,0.949742317,0.90760581,0.188621521,0.204819227,440,566,1006,0.342273653,0.355958145,0.912513843,0.162361393,0.652934662,0.038075902,0.279663742,0.636117804,0.23372474,0.112772726,0.08233211,0.152138349,0.622989708,-0.252247375,5.125552495,,,,
328.png,Canny,512,512,FALSE,,0.9,62578,54660,2815,21.11123608,3.414213562,53.57056275,59428.12956,4854,0.081678492,8.167849192,4.736814066,0.986672163,0.974478595,0.238716125,0.236993256,491,408,899,0.431413442,0.098865715,0.665364121,0.033644347,0.440852575,0.013830955,1,0.636117804,0.401104506,0.223935115,0.167821979,0.287410208,0.940732025,-0.021562568,3.781068723,,,,
33.png,SLoG,512,512,FALSE,,0.35,86943,51308,5752,9.701595726,2,21.07106781,55803.57862,9394,0.168340458,16.83404583,10.30758267,0.982127547,0.965560926,0.331661224,0.336768481,725,547,1272,0.409207761,0.253917518,0.799721836,0.097606611,0.542072323,0.030696967,0.520007908,0.62549305,0.366512005,0.288794104,0.192637467,0.323044466,0.96134451,-0.036130399,4.168234498,,,,
33.png,LoG,512,512,FALSE,,0.154297575,39408,26097,4425,6.762412125,1,7,29923.67365,6927,0.231488957,23.14889569,14.78762284,0.934666812,0.881059126,0.15032959,0.161943855,281,343,624,0.336144418,0.437981377,0.93559322,0.196037859,0.661468927,0.047208491,0.246010214,0.62549305,0.233101899,0.088324048,0.068437303,0.128107289,0.652604146,-0.246248209,5.369171318,,,,
33.png,Canny,512,512,FALSE,,0.9,66629,58659,2711,23.49155918,4,58.45584412,63685.61693,4922,0.077285897,7.728589652,4.25684814,0.989498615,0.979764401,0.254169464,0.252820252,556,435,991,0.443149686,0.092074532,0.64994467,0.028111628,0.411656215,0.011831092,1,0.62549305,0.420470896,0.248723305,0.185225734,0.312557733,0.954814754,-0.015216635,3.753476767,,,,
330.png,SLoG,512,512,FALSE,,0.35,149148,66115,170,569.7760811,1,7.024264069,96861.93378,1197,0.012357796,1.235779582,0.175507543,0.98833096,0.977599637,0.568954468,0.563908707,1173,2217,3390,0.350123286,0.005611435,0.929411765,0.003025032,0.752941176,0.001104137,0.526827931,0.806786513,0.409307284,0.570261573,0.312819323,0.47656112,0.989198598,-0.008936162,4.567456931,,,,
330.png,LoG,512,512,FALSE,,0.251953393,74061,48326,4212,14.68086003,2,10.82842712,61835.78244,8112,0.131186179,13.11861786,6.811590044,0.965867221,0.935686794,0.282520294,0.307359615,424,771,1195,0.282501578,0.243512809,0.889838557,0.09351074,0.576210826,0.017940653,0.3929995,0.806786513,0.198019667,0.150373381,0.093456925,0.170938467,0.535588036,-0.335070796,6.296645816,,,,
330.png,Canny,512,512,FALSE,,0.9,72950,68426,1487,48.50102382,8,144.5612265,72121.02242,2773,0.038449261,3.84492608,2.061812146,0.995082259,0.990325315,0.278282166,0.27771075,211,57,268,0.340864658,0.041446234,0.539340955,0.010653845,0.30262273,0.00347821,1,0.806786513,0.368269144,0.252681739,0.17627504,0.299717386,0.878038635,-0.035464343,4.880940063,,,,
332.png,SLoG,512,512,FALSE,,0.35,150767,65364,152,626.452541,1,5,95220.78624,1051,0.011037506,1.103750601,0.159629012,0.988770604,0.9783214,0.575130463,0.569892383,1217,2147,3364,0.346426368,0.004834465,0.947368421,0.002585521,0.75,0.001040328,0.526667416,0.812411058,0.408109512,0.57776765,0.314354469,0.478340472,0.985709226,-0.01253489,4.481626875,,,,
332.png,LoG,512,512,FALSE,,0.240234643,69202,45311,4197,13.64532416,2,10.24264069,57269.42551,7825,0.136634861,13.66348611,7.328517725,0.962150455,0.928427976,0.26398468,0.287166487,398,758,1156,0.271929622,0.255390523,0.897545866,0.100880581,0.590183464,0.019995145,0.374377489,0.812411058,0.181960739,0.129806099,0.081970644,0.151521014,0.523342075,-0.342023051,6.462548725,,,,
332.png,Canny,512,512,FALSE,,0.9,73373,68924,1456,49.86203844,8.414213562,136.7695526,72599.12797,2759,0.038003211,3.800321129,2.005533731,0.995574832,0.991207707,0.279895782,0.279273494,201,70,271,0.338100463,0.038781847,0.520604396,0.010954094,0.304258242,0.003104869,1,0.812411058,0.368443841,0.255614021,0.177737765,0.3018291,0.89459581,-0.034397614,4.767607422,,,,
349.png,SLoG,512,512,FALSE,,0.35,92270,58737,6211,10.78296262,2,17.48528137,66972.98085,11392,0.170098447,17.00984465,9.273889143,0.985588312,0.971959753,0.351982117,0.367629478,862,1042,1904,0.400273055,0.261760049,0.832877153,0.097502426,0.543551763,0.026082367,0.50973177,0.549744809,0.335493701,0.298257318,0.18749444,0.315781588,0.955483784,-0.037099187,4.545976548,,,,
349.png,LoG,512,512,FALSE,,0.158203274,37849,24538,3800,8.099153619,1,6.828427125,30776.78375,6020,0.195601985,19.56019852,12.34696917,0.9376477,0.887725161,0.144382477,0.157848096,277,438,715,0.330526143,0.368530443,0.930789474,0.191743418,0.710263158,0.045969517,0.261320323,0.549744809,0.177956676,0.06792819,0.051704239,0.098324676,0.582296743,-0.266760041,6.407505213,,,,
349.png,Canny,512,512,FALSE,,0.9,57647,48715,2876,18.66460213,3.414213562,46.71320344,53679.39572,4788,0.089196235,8.919623509,5.357735424,0.981494427,0.96461049,0.219905853,0.220076913,563,391,954,0.461443961,0.114482192,0.673852573,0.037216463,0.440890125,0.016955763,1,0.549744809,0.402172881,0.214034449,0.162373565,0.279382756,0.98475673,-0.001117712,3.963150871,,,,
350.png,SLoG,512,512,FALSE,,0.35,137358,63608,353,249.9210695,1,6.33137085,88222.13754,1789,0.020278357,2.0278357,0.400126329,0.989616096,0.979829581,0.523979187,0.519613611,1372,2016,3388,0.359144717,0.011413659,0.92917847,0.006209911,0.745042493,0.002452522,0.531606853,0.800011015,0.414115701,0.520053247,0.299610737,0.461077657,0.999118066,-0.001229924,4.000282477,,,,
350.png,LoG,512,512,FALSE,,0.20898664,89375,56899,4483,16.4255014,2,11.82842712,73635.52276,9192,0.124831055,12.48310551,6.088094213,0.97465682,0.951334821,0.340938568,0.367615948,530,1124,1654,0.308505267,0.220759592,0.878206558,0.080616531,0.547401294,0.015448426,0.325740933,0.800011015,0.242891681,0.215800567,0.129016116,0.228546101,0.58457538,-0.311951789,5.182835411,,,,
350.png,Canny,512,512,FALSE,,0.9,72945,68354,1547,46.50210488,8,135.6097546,71938.75626,2878,0.040006252,4.000625184,2.150440292,0.994923472,0.989978641,0.278263092,0.278583798,248,89,337,0.352792412,0.042660269,0.539754363,0.011089329,0.312217195,0.003993914,1,0.800011015,0.376939668,0.253789292,0.178787857,0.303341871,0.884403039,-0.035580028,4.256738685,,,,
353.png,SLoG,512,512,FALSE,,0.35,136553,63558,423,208.683411,1,9.965685425,88273.08285,1914,0.021682714,2.168271389,0.479194774,0.989505649,0.979750779,0.520908356,0.517439454,1370,1956,3326,0.358414769,0.013672551,0.898345154,0.007174549,0.730496454,0.002894994,0.531541288,0.792720497,0.414806376,0.519062592,0.299642234,0.461114953,0.998455375,-0.001911621,4.199057858,,,,
353.png,LoG,512,512,FALSE,,0.220704585,88642,56724,4491,16.50894144,2,11.41421356,74141.65602,9212,0.124248641,12.4248641,6.057323563,0.974649191,0.951114167,0.338142395,0.365327614,521,1102,1623,0.30778873,0.218990198,0.881540859,0.083774064,0.565575596,0.016395177,0.343271941,0.792720497,0.246950312,0.218175936,0.131012585,0.231673081,0.584907426,-0.304772607,5.347041235,,,,
353.png,Canny,512,512,FALSE,,0.9,73087,68042,1565,45.94923547,8.414213562,142.7043723,71910.55351,2931,0.040758969,4.07589687,2.176314774,0.995017767,0.990123747,0.278804779,0.277873235,236,84,320,0.353560507,0.042003468,0.522683706,0.011081391,0.297763578,0.00358602,1,0.792720497,0.382219748,0.256847065,0.181499289,0.307235545,0.918194136,-0.02743869,4.424125224,,,,
355.png,SLoG,512,512,FALSE,,0.35,121324,60454,1133,68.09575929,1,16.65685425,77152.49527,3408,0.044172259,4.417225895,1.468520229,0.988983333,0.978793794,0.462814331,0.461752411,1290,1453,2743,0.353269994,0.038558243,0.856134157,0.019337017,0.668137688,0.007179012,0.532060862,0.790541244,0.414541278,0.456824207,0.277675126,0.434656855,1.002452499,-0.000538444,3.883607606,,,,
355.png,LoG,512,512,FALSE,,0.189454675,94022,61047,4603,17.63692871,2,12.07106781,81182.78286,9682,0.119261741,11.92617407,5.669921427,0.977779388,0.956967582,0.358665466,0.384150543,627,1220,1847,0.317133963,0.20402313,0.876819466,0.0785788,0.568325005,0.016331679,0.29097712,0.790541244,0.286652317,0.262802241,0.158889317,0.274209651,0.649971032,-0.255510375,4.640477457,,,,
355.png,Canny,512,512,FALSE,,0.9,71678,66316,1737,40.46530619,6.828427125,110.4867099,70288.23685,3220,0.045811364,4.581136396,2.47125277,0.994337738,0.988916702,0.273429871,0.271376846,297,117,414,0.355463892,0.050274444,0.56591825,0.013842813,0.336787565,0.004885699,1,0.790541244,0.393078083,0.254579704,0.18274631,0.309020301,0.921284607,-0.027208624,3.990396963,,,,
357.png,SLoG,512,512,FALSE,,0.35,121657,60516,982,78.8787741,1,14.9882251,77458.95616,3200,0.041312201,4.131220143,1.267768182,0.988606334,0.977906669,0.464084625,0.462637583,1343,1504,2847,0.35361281,0.033759667,0.868635438,0.016194064,0.677189409,0.00670897,0.532848179,0.790309334,0.407019982,0.456336517,0.274104239,0.430269724,1.008840909,0.001958798,3.875342329,,,,
357.png,LoG,512,512,FALSE,,0.201173455,91965,59986,4695,16.64991736,2,12.75979797,78171.36201,9594,0.122730368,12.27303677,6.006035816,0.977428079,0.956589871,0.350818634,0.37592905,634,1204,1838,0.316258043,0.215666989,0.875825346,0.081168939,0.56315229,0.016503851,0.307099849,0.790309334,0.272747468,0.24848215,0.149458308,0.260049985,0.660254252,-0.254231272,4.735941144,,,,
357.png,Canny,512,512,FALSE,,0.9,71248,66103,1865,37.38064481,6.828427125,103.1043723,69714.90258,3433,0.049243417,4.924341673,2.675181247,0.993593335,0.987519477,0.271789551,0.270869173,311,122,433,0.353983194,0.054884045,0.568900804,0.015037139,0.33458445,0.00512836,1,0.790309334,0.386490111,0.253703554,0.180864647,0.306325789,0.908227142,-0.028997061,4.012673228,,,,
362.png,SLoG,512,512,FALSE,,0.35,99694,58161,3993,17.25711125,2,26.03675324,68907.6452,7468,0.108376944,10.83769439,5.794712601,0.985436976,0.971974347,0.380302429,0.385670019,975,999,1974,0.386595637,0.150564811,0.800150263,0.060538849,0.558727774,0.020632383,0.524591804,0.683495998,0.384132278,0.355910267,0.226604919,0.36948314,0.987045882,-0.013312834,3.890814459,,,,
362.png,LoG,512,512,FALSE,,0.193359867,49814,32830,4279,9.316293502,1,9,39864.41989,7093,0.177928088,17.79280877,10.73388252,0.950517833,0.909381663,0.19002533,0.207015067,365,587,952,0.325722545,0.322875419,0.906987614,0.151325008,0.658565085,0.035973195,0.305162221,0.683495998,0.254463295,0.126552561,0.092321655,0.169037489,0.677548957,-0.222935767,4.855925386,,,,
362.png,Canny,512,512,FALSE,,0.9,65021,57982,2625,23.78938222,4,60.41909089,62447.12833,4652,0.074495019,7.449501881,4.203555984,0.989177704,0.979234935,0.248035431,0.245807163,449,380,829,0.413746953,0.087837605,0.64952381,0.028922769,0.424761905,0.011348349,1,0.683495998,0.404621135,0.238938941,0.176784097,0.3004529,0.941191546,-0.017522763,3.722090411,,,,
367.png,SLoG,512,512,FALSE,,0.35,141658,63986,274,330.6677387,1,6.7,90602.96041,1526,0.016842717,1.684271676,0.302418374,0.990036905,0.981073985,0.540382385,0.533652859,1452,2029,3481,0.362725884,0.00889257,0.937956204,0.004782296,0.766423358,0.001953552,0.534421265,0.785488391,0.415211657,0.541485789,0.307202602,0.470015286,0.993360791,-0.0044495,4.20420545,,,,
367.png,LoG,512,512,FALSE,,0.212891191,85545,54803,4654,15.21505888,2,10.04974747,70810.88402,9471,0.133750625,13.37506251,6.572435953,0.972711325,0.947502874,0.326328278,0.354359475,514,1000,1514,0.307693332,0.240370053,0.897722389,0.09059723,0.570477009,0.017426053,0.331124514,0.785488391,0.234508932,0.203077648,0.122123164,0.217664455,0.564984126,-0.326382939,5.458481434,,,,
367.png,Canny,512,512,FALSE,,0.9,73030,68032,1594,45.17092224,8.414213562,128.8595021,72002.45005,3039,0.042206897,4.22068971,2.213813556,0.995075822,0.990225188,0.278587341,0.278540515,288,83,371,0.357413828,0.043494238,0.525094103,0.011024224,0.296737767,0.003895226,1,0.785488391,0.381505325,0.259685478,0.182748285,0.309023124,0.91771397,-0.027434917,4.429634508,,,,
37.png,SLoG,512,512,FALSE,,0.35,110544,59577,2424,30.44450155,1.414213562,39.77766953,73797.47175,5653,0.07660154,7.660154021,3.284665372,0.987872839,0.976568139,0.421691895,0.422523194,1339,1217,2556,0.409679949,0.079057354,0.761963696,0.034291757,0.556105611,0.013041946,0.529359818,0.697246003,0.405329262,0.401015525,0.252474306,0.403160855,0.991429678,-0.012795059,3.714029479,,,,
37.png,LoG,512,512,FALSE,,0.181640923,69874,46972,6029,9.492535221,1.414213562,9.828427125,57230.49485,10718,0.18727778,18.72777796,10.53459352,0.962158322,0.92740356,0.266548157,0.287506399,515,888,1403,0.36484012,0.328727753,0.901476198,0.144298731,0.629291757,0.0321681,0.278194666,0.697246003,0.303824773,0.204537702,0.139267134,0.244485476,0.713974514,-0.2152307,4.335130351,,,,
37.png,Canny,512,512,FALSE,,0.9,69793,62613,2466,27.19952022,5.414213562,72.42031022,67074.01686,4498,0.067060245,6.706024494,3.676535439,0.992509544,0.985450306,0.266239166,0.26469768,508,288,796,0.420862436,0.076597512,0.604217356,0.021385335,0.368613139,0.009183396,1,0.697246003,0.409271023,0.253666904,0.185682183,0.313207343,0.934794984,-0.019335823,3.669992876,,,,
373.png,SLoG,512,512,FALSE,,0.35,124283,61937,936,86.93063529,1,9.242640687,81367.07463,3119,0.038332458,3.833245836,1.15034245,0.989109874,0.978930203,0.47410202,0.471290091,1428,1609,3037,0.366989821,0.032533058,0.907051282,0.016258456,0.709401709,0.006183703,0.536791265,0.777146876,0.407078387,0.467671247,0.278180868,0.435276219,1.007984217,-0.000939322,3.916245646,,,,
373.png,LoG,512,512,FALSE,,0.205078274,92772,60161,4440,17.97834246,2,11.41421356,79823.84051,9294,0.116431381,11.64313812,5.562248035,0.9780007,0.957646981,0.353897095,0.382191098,605,1282,1887,0.323439658,0.201259952,0.883333333,0.076710826,0.567567568,0.015392031,0.313568592,0.777146876,0.278326663,0.259304286,0.155053819,0.268478951,0.663421219,-0.255957034,4.71271499,,,,
373.png,Canny,512,512,FALSE,,0.9,71564,66172,1820,38.42494623,6.828427125,107.8747258,69933.40214,3435,0.049118159,4.911815949,2.60247599,0.994144022,0.988560116,0.272994995,0.271764504,304,156,460,0.367930502,0.051683492,0.561538462,0.014537871,0.332417582,0.004866107,1,0.777146876,0.389075656,0.257751443,0.183489575,0.310082283,0.923653271,-0.02638308,3.997448122,,,,
374.png,SLoG,512,512,FALSE,,0.35,140328,64659,373,241.685158,1,6.414213562,90148.56395,1631,0.018092357,1.809235698,0.413761444,0.989947259,0.980605948,0.535308838,0.530851495,1194,1984,3178,0.342890412,0.012187012,0.935656836,0.006263629,0.750670241,0.002752904,0.534890532,0.81472795,0.404333268,0.534962265,0.299177437,0.460564398,1.004060384,-4.11E-05,4.266882791,,,,
374.png,LoG,512,512,FALSE,,0.212893218,87663,56629,4130,17.88995658,2,11,73885.52067,8521,0.115327062,11.53270617,5.589728491,0.974659622,0.951455968,0.334407806,0.362668708,533,1098,1631,0.290276021,0.203605926,0.885472155,0.076586201,0.560290557,0.01467446,0.331433207,0.81472795,0.233402143,0.210972355,0.12461978,0.221621178,0.590620196,-0.300079339,5.480061896,,,,
374.png,Canny,512,512,FALSE,,0.9,73326,68902,1542,46.92887663,8.828427125,139.2629509,72364.32776,2843,0.039287313,3.928731307,2.130884163,0.995290399,0.990725959,0.279716492,0.279706563,219,79,298,0.33650288,0.040216539,0.521400778,0.010464137,0.300907912,0.003947636,1,0.81472795,0.370785173,0.258485177,0.179672782,0.30461461,0.904519806,-0.030060673,4.484708616,,,,
375.png,SLoG,512,512,FALSE,,0.35,139297,64057,360,249.3356368,1,6,89760.82924,1724,0.019206596,1.920659618,0.401065813,0.990110397,0.980938851,0.531375885,0.526872685,1333,2003,3336,0.357918352,0.0118176,0.941666667,0.006353716,0.758333333,0.002482164,0.536784828,0.791653728,0.410540431,0.533820313,0.302196679,0.464133696,1.002213753,-6.29E-05,4.366170376,,,,
375.png,LoG,512,512,FALSE,,0.208985746,88716,57196,4488,16.56169822,2,11.41421356,74328.90162,9364,0.125980605,12.59806051,6.038028145,0.974727273,0.951237849,0.338424683,0.365975201,513,1126,1639,0.301193297,0.21676341,0.883244207,0.082383383,0.563502674,0.015805301,0.322563559,0.791653728,0.239930548,0.216705873,0.128494696,0.227727603,0.579507431,-0.311797309,5.58888051,,,,
375.png,Canny,512,512,FALSE,,0.9,73667,68808,1495,48.58514653,11,144.767114,72634.79406,2901,0.039939536,3.993953638,2.058242223,0.995610952,0.99130915,0.281017303,0.280716716,254,87,341,0.351148814,0.038193233,0.48361204,0.009809906,0.272240803,0.003022904,1,0.791653728,0.379356049,0.262814164,0.183789205,0.31051002,0.917991909,-0.026579168,4.557195797,,,,
379.png,SLoG,512,512,FALSE,,0.35,143392,65036,298,310.4830717,1,7.124264069,92523.95536,1590,0.017184739,1.718473874,0.322078751,0.989767194,0.980349345,0.54699707,0.54156091,1234,2005,3239,0.341815293,0.009102651,0.916107383,0.005181745,0.741610738,0.001998893,0.528049409,0.808527768,0.40014099,0.547264367,0.300626244,0.462279222,0.995799162,-0.003800942,4.505903602,,,,
379.png,LoG,512,512,FALSE,,0.228516594,80156,52117,4236,15.89174307,2,11.41421356,67317.42363,8356,0.124128339,12.41283393,6.292575936,0.969875455,0.942916899,0.305770874,0.333250825,450,1027,1477,0.282032251,0.221213807,0.887393768,0.086843065,0.579084042,0.017882841,0.3550511,0.808527768,0.219880656,0.185052551,0.111709476,0.200968829,0.580955372,-0.300761663,5.809642625,,,,
379.png,Canny,512,512,FALSE,,0.9,73610,68872,1459,49.8995113,8.414213562,147.9744299,72803.38699,2823,0.038775669,3.87756685,2.004027643,0.995193958,0.990547683,0.280799866,0.279987078,247,87,334,0.335834712,0.041831223,0.527758739,0.009844349,0.278958191,0.002991056,1,0.808527768,0.366417933,0.259090524,0.178929962,0.303546381,0.911068711,-0.027936923,4.7280617,,,,
380.png,SLoG,512,512,FALSE,,0.35,148916,64524,180,523.0268331,1,6,94144.82996,1149,0.0122046,1.220460009,0.191194779,0.989290833,0.979697477,0.568069458,0.556485725,1274,2072,3346,0.356191784,0.006028764,0.938888889,0.003177112,0.738888889,0.001162358,0.528078616,0.793286979,0.407874277,0.57121715,0.3122674,0.47592038,0.991003522,-0.008157446,4.636479752,,,,
380.png,LoG,512,512,FALSE,,0.22461006,79759,51202,4412,14.73879313,2,10.41421356,65027.55531,8892,0.136742031,13.67420312,6.784816035,0.969659388,0.942111636,0.304256439,0.333058903,456,946,1402,0.280494899,0.243056912,0.893699003,0.092769814,0.569129646,0.01683528,0.353290498,0.793286979,0.206959176,0.173470898,0.10420437,0.188741093,0.529601453,-0.345055022,6.13373444,,,,
380.png,Canny,512,512,FALSE,,0.9,72913,68396,1510,47.72128488,9,147.531075,72059.14017,2912,0.040411251,4.0411251,2.095500996,0.995233655,0.990598865,0.278141022,0.27867551,208,81,289,0.344864249,0.042327037,0.516556291,0.010073689,0.27218543,0.003070355,1,0.793286979,0.370342457,0.25973065,0.18016895,0.305327385,0.90355968,-0.029836996,4.868215737,,,,
383.png,SLoG,512,512,FALSE,,0.35,116904,60116,1446,52.56050355,1,20.07106781,76002.48813,3957,0.052064085,5.206408497,1.902569292,0.987973273,0.976811498,0.445953369,0.444682053,1339,1424,2763,0.374153316,0.048838911,0.845781466,0.023321578,0.657676349,0.009581476,0.53441745,0.751151383,0.405048043,0.440180818,0.267334174,0.421884266,1.007812979,-0.001360234,4.012078699,,,,
383.png,LoG,512,512,FALSE,,0.193360314,84561,55968,5462,12.95941777,2,11.41421356,70784.33986,10595,0.14968,14.96800001,7.716396043,0.974673033,0.951668811,0.322574615,0.348484024,632,1127,1759,0.325943917,0.258612064,0.884108385,0.104899228,0.590259978,0.02179817,0.29534021,0.751151383,0.286855125,0.244298308,0.1519887,0.263871859,0.690676918,-0.232604488,4.806240147,,,,
383.png,Canny,512,512,FALSE,,0.9,70774,65094,2059,33.56519885,5.414213562,87.09604615,69110.74442,3797,0.054940806,5.494080597,2.979276258,0.993278921,0.986957323,0.269981384,0.268703312,361,194,555,0.378023654,0.061295972,0.594949004,0.017912557,0.364740165,0.006544382,1,0.751151383,0.394094194,0.258790321,0.185130449,0.312422061,0.93822224,-0.021974386,4.051981453,,,,
384.png,SLoG,512,512,FALSE,,0.35,120334,61277,1143,68.84306333,1,12.20832611,78687.62139,3526,0.044810098,4.481009767,1.452579173,0.989008904,0.978719585,0.459037781,0.457066493,1338,1527,2865,0.365682781,0.040080291,0.881014873,0.018865153,0.677165354,0.007490576,0.535533071,0.767059827,0.403001601,0.45328969,0.271188319,0.426668992,1.005128336,-0.000813297,3.972407723,,,,
384.png,LoG,512,512,FALSE,,0.201172024,88570,58600,5050,14.88114474,2,12.24264069,75149.78092,10093,0.134305115,13.43051154,6.719913137,0.976476133,0.955,0.337867737,0.363888087,611,1239,1850,0.322977871,0.233122867,0.881584158,0.090972696,0.578217822,0.019163823,0.306248337,0.767059827,0.28670774,0.256742013,0.156670247,0.270898724,0.693343476,-0.234767289,4.671499322,,,,
384.png,Canny,512,512,FALSE,,0.9,71218,65697,1961,35.49045587,6.242640687,84.97056275,69596.78396,3615,0.051942055,5.194205528,2.817658932,0.99351567,0.987533677,0.27167511,0.270303958,332,167,499,0.369481564,0.056090841,0.576236614,0.016530435,0.355940847,0.006073337,1,0.767059827,0.388849344,0.258656538,0.183897195,0.310664128,0.92898603,-0.021705341,4.035292441,,,,
386.png,SLoG,512,512,FALSE,,0.35,138418,63014,353,250.120673,1,7.965685425,88292.59757,1689,0.019129577,1.91295765,0.399807016,0.989748299,0.980258355,0.528022766,0.522414972,1300,1899,3199,0.352930218,0.011330815,0.909348442,0.006474752,0.745042493,0.002332815,0.534067571,0.799756372,0.403804631,0.528184615,0.296760341,0.457694967,0.997153314,-0.00216797,4.296380764,,,,
386.png,LoG,512,512,FALSE,,0.208985656,89153,56458,4185,17.40121968,2,10.65685425,72824.10437,8754,0.120207452,12.02074516,5.746723611,0.974078059,0.950352474,0.340091705,0.36933231,506,1123,1629,0.287405461,0.20687945,0.891995221,0.077721492,0.564157706,0.015090864,0.325853109,0.799756372,0.224743977,0.207828068,0.121048126,0.215955271,0.561966661,-0.329094908,5.635332201,,,,
386.png,Canny,512,512,FALSE,,0.9,72692,68056,1562,45.84314264,8.414213562,139.8724963,71606.9888,2950,0.041197096,4.119709612,2.181351327,0.994945347,0.990067004,0.277297974,0.277164866,238,74,312,0.343193173,0.042009522,0.52240717,0.010888092,0.293854033,0.003599976,1,0.799756372,0.370162486,0.256879482,0.17875042,0.303287985,0.923404381,-0.028118508,4.537688643,,,,
388.png,SLoG,512,512,FALSE,,0.35,138972,65558,339,276.1538881,1,5.497056275,93616.16806,1730,0.018479714,1.847971388,0.362116937,0.989657998,0.980048202,0.530136108,0.525666931,1427,2121,3548,0.37631464,0.010860612,0.94100295,0.005567589,0.749262537,0.002440587,0.532893956,0.765206122,0.416533638,0.53258662,0.305027277,0.467464983,0.996459896,-0.003582454,4.096482879,,,,
388.png,LoG,512,512,FALSE,,0.212890759,86164,56026,4959,14.84318544,2,11.41421356,73607.3566,9914,0.134687624,13.46876244,6.73709834,0.973806798,0.949684075,0.328689575,0.354974325,581,1054,1635,0.320961207,0.239031878,0.884855818,0.094313355,0.577939101,0.018580659,0.330070794,0.765206122,0.247709551,0.213879524,0.129659384,0.22955483,0.588054183,-0.312417234,5.302135151,,,,
388.png,Canny,512,512,FALSE,,0.9,73830,68319,1738,41.63888149,7.414213562,104.7658946,72368.37602,3330,0.046014574,4.601457409,2.401601494,0.995016038,0.99016379,0.281639099,0.2814637,346,118,464,0.369832277,0.047775875,0.545454545,0.012661192,0.314729574,0.004405802,1,0.765206122,0.383897714,0.26282546,0.184854264,0.312028693,0.914279432,-0.027388228,4.314148739,,,,
398.png,SLoG,512,512,FALSE,,0.35,104237,56783,3000,22.3249636,2,42.4019336,66974.8908,6062,0.090511532,9.051153242,4.479290618,0.986245871,0.97372453,0.397632599,0.398622959,1079,907,1986,0.388660938,0.107972457,0.75,0.043463713,0.525,0.014652273,0.530192494,0.705958664,0.392034024,0.372550768,0.236127679,0.382044158,0.98789466,-0.015867227,4.207369922,,,,
398.png,LoG,512,512,FALSE,,0.189453289,62347,41884,5715,8.758688026,1.414213562,9,50055.90207,9656,0.192904325,19.2904325,11.41723506,0.958623827,0.922189858,0.23783493,0.256414625,478,744,1222,0.33985129,0.347984911,0.908836395,0.153113361,0.636045494,0.036123579,0.289640933,0.705958664,0.273817433,0.167379891,0.115921845,0.207759792,0.682440472,-0.234621004,4.936191592,,,,
398.png,Canny,512,512,FALSE,,0.9,69073,62069,2322,28.66382844,5,76.62031022,66557.40965,4258,0.063974846,6.397484552,3.488717503,0.992129743,0.984726675,0.263492584,0.261330253,472,301,773,0.407821536,0.071678294,0.613264427,0.022120543,0.385443583,0.008571106,1,0.705958664,0.409129937,0.254888559,0.186306666,0.314095287,0.960503735,-0.01292288,4.067743119,,,,
400.png,SLoG,512,512,FALSE,,0.35,100317,54475,3320,19.28030774,2,38.49949494,64010.62168,6351,0.099217908,9.921790842,5.186639206,0.986406624,0.973969711,0.382678986,0.393405508,1084,785,1869,0.403622091,0.122771914,0.755722892,0.052409362,0.547590361,0.01813676,0.533429325,0.683880866,0.3949174,0.36641696,0.234669819,0.380133725,0.977537882,-0.022701308,4.026208194,,,,
400.png,LoG,512,512,FALSE,,0.189453453,67225,44708,5978,9.081328684,1.414213562,10,54288.18287,10269,0.189157188,18.91571877,11.01160452,0.962624133,0.928804688,0.256443024,0.278740527,550,757,1307,0.359458387,0.34172855,0.899464704,0.14623781,0.62244898,0.034960186,0.29033187,0.683880866,0.281201675,0.184861675,0.125539559,0.223074449,0.667811719,-0.252628911,4.800059907,,,,
400.png,Canny,512,512,FALSE,,0.9,69776,62387,2453,27.49306114,4.414213562,70.97888886,67440.47898,4540,0.06731862,6.731862034,3.637281403,0.9925946,0.985605976,0.266174316,0.267583708,565,373,938,0.421584636,0.076666613,0.626172034,0.022905413,0.392988178,0.009489156,1,0.683880866,0.418198026,0.26391891,0.193040716,0.323611279,0.944099852,-0.017432997,3.872427134,,,,
402.png,SLoG,512,512,FALSE,,0.35,149256,67728,195,522.1011626,1,5,101809.7267,1160,0.011393803,1.13938033,0.191533762,0.989871264,0.980539806,0.569366455,0.560929073,1338,2263,3601,0.378375411,0.006319395,0.969230769,0.003351642,0.769230769,0.00131408,0.52672863,0.764503241,0.420261531,0.572190287,0.319780906,0.484596958,0.990010503,-0.008108218,4.306036875,,,,
402.png,LoG,512,512,FALSE,,0.224609509,78582,51029,5042,12.82344792,2,10,64655.82443,9830,0.1520358,15.20358001,7.798214692,0.968410134,0.939583374,0.299766541,0.325413928,473,915,1388,0.31117171,0.269885751,0.898651329,0.107938623,0.585481952,0.020831292,0.353143007,0.764503241,0.221946484,0.17530621,0.108578869,0.195888398,0.531179108,-0.346844032,5.864026779,,,,
402.png,Canny,512,512,FALSE,,0.9,74357,68974,1655,44.1428757,9.414213562,117.8925974,73056.45928,3206,0.043883868,4.388386778,2.265371216,0.995433033,0.990967611,0.283649445,0.283759639,328,107,435,0.371029884,0.042668252,0.503927492,0.009989271,0.271299094,0.003813031,1,0.764503241,0.387696119,0.267026873,0.187818782,0.316241475,0.9146289,-0.025953395,4.52197716,,,,
404.png,SLoG,512,512,FALSE,,0.35,129749,63978,638,135.7017509,1,9.072792206,86577.71705,2418,0.027928664,2.792866435,0.736910168,0.990215361,0.981009097,0.494953156,0.491756387,1419,1832,3251,0.371631533,0.020788396,0.909090909,0.010409828,0.719435737,0.004485917,0.529874742,0.780992043,0.404237172,0.489238932,0.284269683,0.442694688,0.999838143,-0.003180387,4.177519947,,,,
404.png,LoG,512,512,FALSE,,0.212891802,89176,57868,4353,17.70419923,2,12.05685425,77066.37925,9024,0.117093862,11.70938623,5.648377466,0.975210845,0.952529896,0.340179443,0.370172002,559,1148,1707,0.317169636,0.207316652,0.880771881,0.078713624,0.569032851,0.015967374,0.329849064,0.780992043,0.255146784,0.232449395,0.138478757,0.243269812,0.609174258,-0.286353418,5.188195466,,,,
404.png,Canny,512,512,FALSE,,0.9,72324,67160,1787,39.72741439,7.828427125,109.8558441,70992.88952,3418,0.048145667,4.814566675,2.517153495,0.994282305,0.988758189,0.275894165,0.275572817,317,137,454,0.369974822,0.048927933,0.537772804,0.013653961,0.31729155,0.004556284,1,0.780992043,0.386521369,0.262146846,0.18512228,0.312410429,0.936702177,-0.021300407,4.271216854,,,,
407.png,SLoG,512,512,FALSE,,0.35,143265,64540,290,319.4085608,1,5.414213562,92628.48263,1496,0.01615054,1.615053985,0.313078647,0.990827382,0.982646421,0.546512604,0.533674086,1420,2030,3450,0.371102571,0.009219089,0.948275862,0.005252557,0.782758621,0.002122715,0.532890201,0.769315624,0.413366123,0.546601145,0.307820124,0.470737709,0.998823869,-0.002428673,4.480902895,,,,
407.png,LoG,512,512,FALSE,,0.212891176,88341,56593,4604,16.02978478,2,12.19116882,73801.12911,9470,0.12831782,12.831782,6.23838694,0.975756705,0.953368791,0.336994171,0.367295339,592,1105,1697,0.311574668,0.217288357,0.883362294,0.088385489,0.586012163,0.017511,0.331392467,0.769315624,0.242919278,0.221073629,0.130890503,0.231482187,0.581032988,-0.314933696,5.788179914,,,,
407.png,Canny,512,512,FALSE,,0.9,73186,68101,1633,44.16995613,7.828427125,125.9896536,72129.53836,3173,0.0439903,4.399029956,2.263982326,0.994721055,0.989647729,0.279182434,0.280558677,292,122,414,0.363931566,0.048075652,0.548683405,0.011292052,0.293937538,0.003847227,1,0.769315624,0.383419767,0.266537147,0.186569606,0.314468878,0.927883425,-0.023713345,4.681976522,,,,
409.png,SLoG,512,512,FALSE,,0.35,92394,58343,6173,10.81851508,2,17.07106781,66782.69362,10952,0.163994583,16.39945831,9.243412725,0.984342575,0.96959361,0.352455139,0.365552052,950,1025,1975,0.408213913,0.251221226,0.841082132,0.098160876,0.56730925,0.029720789,0.516376734,0.540080011,0.340407033,0.306626959,0.192346477,0.322635208,0.961062734,-0.032904056,4.820027249,,,,
409.png,LoG,512,512,FALSE,,0.150390774,43376,27998,4413,7.853307062,1,6.828427125,34656.64407,7048,0.203366488,20.33664883,12.73348912,0.937888443,0.887456247,0.165466309,0.18055753,351,524,875,0.345735699,0.382991642,0.935871289,0.191727981,0.699750736,0.04618187,0.245913148,0.540080011,0.206735223,0.091979844,0.067985346,0.127315128,0.623582076,-0.249750426,6.175646021,,,,
409.png,Canny,512,512,FALSE,,0.9,59708,50858,3046,18.26947073,3.414213562,47.72792206,55648.80784,5111,0.091843836,9.184383634,5.473612317,0.983385086,0.968146604,0.227767944,0.225985464,568,412,980,0.466759384,0.118762043,0.682206172,0.038283063,0.433683519,0.016300287,1,0.540080011,0.399359722,0.222385953,0.166647362,0.285685919,0.990190807,-0.000424584,4.249651967,,,,
41.png,SLoG,512,512,FALSE,,0.35,124777,61538,922,88.91463835,1,10.21837662,81979.29656,3330,0.040620012,4.062001188,1.124674203,0.989096165,0.978793591,0.475986481,0.475922095,1487,1770,3257,0.400303662,0.031525236,0.898047722,0.015681368,0.693058568,0.006028795,0.51709336,0.738947034,0.406713546,0.467342693,0.277894309,0.434925341,0.99461304,-0.00716582,4.179589922,,,,
41.png,LoG,512,512,FALSE,,0.193359524,80242,51931,5104,13.09371937,2,9.414213562,66830.34369,9910,0.148285935,14.8285935,7.637249366,0.967033207,0.937070343,0.306098938,0.33027668,543,993,1536,0.336526543,0.270936435,0.90419279,0.109067802,0.594239812,0.021162697,0.301330239,0.738947034,0.251846344,0.200828116,0.125785253,0.22346225,0.599890723,-0.297599936,5.389672069,,,,
41.png,Canny,512,512,FALSE,,0.9,71895,66215,1910,36.73077275,7,94.61513703,70155.77595,3633,0.05178476,5.178475971,2.722512828,0.99473685,0.989685117,0.27425766,0.274016508,405,134,539,0.399068952,0.054519369,0.557591623,0.014936193,0.331937173,0.005482142,1,0.738947034,0.394865563,0.261238355,0.186552222,0.314444182,0.940225468,-0.02098539,4.200326805,,,,
411.png,SLoG,512,512,FALSE,,0.35,130763,64584,582,151.2784474,1,8.982842712,88044.05637,2356,0.02675933,2.675933047,0.661032697,0.990067184,0.980784714,0.498821259,0.495733588,1405,1895,3300,0.370675862,0.019478509,0.910652921,0.010079896,0.731958763,0.003623188,0.529384017,0.774708176,0.404637912,0.49658657,0.2869364,0.445921647,0.999670226,-0.001961456,4.200742194,,,,
411.png,LoG,512,512,FALSE,,0.216797173,89215,58026,4245,18.64565037,2,11.41421356,79150.78582,8858,0.111912976,11.19129761,5.363181118,0.974502802,0.951366629,0.340328217,0.369576879,588,1166,1754,0.319691449,0.195963878,0.885512367,0.078085686,0.584923439,0.016096233,0.337631553,0.774708176,0.261385285,0.239147576,0.142708553,0.249772442,0.629398449,-0.267636689,5.103439618,,,,
411.png,Canny,512,512,FALSE,,0.9,72381,67097,1742,40.89612811,7.828427125,102.295036,71241.05517,3338,0.046855005,4.685500505,2.445219257,0.994276941,0.988762538,0.276111603,0.275711627,360,148,508,0.367153227,0.046961861,0.53673938,0.012891784,0.316877153,0.004694696,1,0.774708176,0.383115205,0.261495684,0.184015128,0.310832393,0.921588238,-0.024434178,4.340422792,,,,
414.png,SLoG,512,512,FALSE,,0.35,134507,64775,496,182.5345547,1,6.414213562,90537.13913,2059,0.022742048,2.27420484,0.547841477,0.989687383,0.980038595,0.513103485,0.508625174,1354,2000,3354,0.372797072,0.016194519,0.925403226,0.008027788,0.711693548,0.00333462,0.525205553,0.765613329,0.41347058,0.512000817,0.29658861,0.457490691,0.998492237,-0.003813103,4.235524024,,,,
414.png,LoG,512,512,FALSE,,0.224609524,84827,54981,4666,15.48155619,2,11.32842712,72236.94116,9528,0.131899273,13.18992727,6.459298975,0.972999752,0.948091159,0.323589325,0.352541406,538,1050,1588,0.310694009,0.231734599,0.887055294,0.091613466,0.577582512,0.017187756,0.349524796,0.765613329,0.238147937,0.204402002,0.123588151,0.219988348,0.567534622,-0.326441724,5.518162554,,,,
414.png,Canny,512,512,FALSE,,0.9,73076,67926,1795,39.98269543,7.414213562,95.14213562,71768.93829,3389,0.047220986,4.722098558,2.501082004,0.994920969,0.990033272,0.278762817,0.278984109,315,122,437,0.369205534,0.049774755,0.549303621,0.013249713,0.318662953,0.004740453,1,0.765613329,0.388649965,0.263977122,0.186524833,0.314405275,0.915227932,-0.026342092,4.367526609,,,,
423.png,SLoG,512,512,FALSE,,0.35,128014,62827,639,131.2472819,1,9.7254834,83867.01316,2567,0.030607982,3.060798165,0.761920541,0.990274906,0.981090932,0.488334656,0.485562837,1472,1807,3279,0.380435824,0.021551244,0.899843505,0.010664205,0.707355243,0.004345266,0.537890077,0.753965545,0.418735387,0.485658741,0.290090337,0.449720967,1.004300723,0.000793462,3.924832762,,,,
423.png,LoG,512,512,FALSE,,0.189453274,98645,63458,4580,18.63535781,2,13.41421356,85349.93877,10093,0.118254332,11.8254332,5.366143275,0.980231047,0.961628164,0.376300812,0.402195417,681,1371,2052,0.342621744,0.196303067,0.874235808,0.074994485,0.562008734,0.014797189,0.292370051,0.753965545,0.289481331,0.27810179,0.165282156,0.283677485,0.642760478,-0.272968926,4.68653612,,,,
423.png,Canny,512,512,FALSE,,0.9,72878,67413,1849,38.67092507,7,96.5646753,71502.54045,3536,0.049452788,4.945278836,2.585922106,0.995008409,0.990150268,0.278007507,0.277382195,356,160,516,0.379914433,0.054040022,0.565711195,0.01440375,0.32828556,0.004969368,1,0.753965545,0.399816425,0.264902049,0.189532926,0.31866781,0.936319627,-0.021019993,4.00987321,,,,
430.png,SLoG,512,512,FALSE,,0.35,108389,57908,2821,24.53700607,1.414213562,40.79898987,69218.89412,5736,0.082867548,8.286754755,4.075476842,0.986927569,0.974787594,0.413471222,0.413569616,1175,1042,2217,0.37383166,0.098708296,0.781637717,0.043361884,0.572492024,0.015541894,0.534353435,0.721422112,0.389939448,0.388552013,0.241653369,0.389244494,0.980837627,-0.019077413,4.217977043,,,,
430.png,LoG,512,512,FALSE,,0.166016072,71692,47850,5937,9.691062987,2,10.82842712,57535.84095,10659,0.185258438,18.52584376,10.31878548,0.96789968,0.93862069,0.273483276,0.294255169,594,908,1502,0.338107556,0.320334378,0.893380495,0.134482759,0.608388075,0.030323929,0.251702905,0.721422112,0.284452047,0.201667786,0.13379392,0.236011002,0.68802764,-0.231114528,4.904250368,,,,
430.png,Canny,512,512,FALSE,,0.9,69733,63110,2283,29.62276926,5,84.45340546,67628.78223,4141,0.061231326,6.123132583,3.37578162,0.992932975,0.986325463,0.266010284,0.264470236,443,276,719,0.391189694,0.06759626,0.604467806,0.021074315,0.387647832,0.008572334,1,0.721422112,0.402085693,0.2562116,0.185526831,0.312986305,0.950727088,-0.019155264,4.189640472,,,,
438.png,SLoG,512,512,FALSE,,0.35,138701,65163,410,223.6617559,1,7.472792206,91701.31993,1826,0.019912472,1.991247238,0.447103706,0.98971808,0.980111413,0.529102325,0.524604789,1406,2063,3469,0.371228486,0.012890751,0.919512195,0.006552798,0.729268293,0.002915765,0.535814643,0.775133467,0.414294569,0.528667329,0.302545294,0.464544758,0.999135398,-0.001452898,4.293690624,,,,
438.png,LoG,512,512,FALSE,,0.205080122,89966,58311,4686,16.31286445,2,12,76442.08279,9908,0.129614469,12.96144694,6.130131243,0.975450575,0.952581846,0.343193054,0.368654949,569,1187,1756,0.328407556,0.218260706,0.879428084,0.085609919,0.570635937,0.016394848,0.317099929,0.775133467,0.264469072,0.237156996,0.142902534,0.250069502,0.614341674,-0.283616911,5.289300899,,,,
438.png,Canny,512,512,FALSE,,0.9,73132,67782,1764,40.71266065,8.414213562,113.1411255,71817.13338,3390,0.047203221,4.720322074,2.456238389,0.995079815,0.990277655,0.27897644,0.277806497,328,120,448,0.370185703,0.05044112,0.535714286,0.012377917,0.298752834,0.004337435,1,0.775133467,0.38962754,0.263289188,0.186405146,0.314235229,0.930655034,-0.021079641,4.414464552,,,,
439.png,SLoG,512,512,FALSE,,0.35,145669,67323,225,436.2334033,1,6.6627417,98152.51574,1324,0.013489211,1.348921105,0.229235082,0.989684045,0.979977125,0.555683136,0.550487088,1433,2327,3760,0.370476246,0.007738811,0.937777778,0.003698587,0.724444444,0.001321985,0.532511592,0.775558758,0.418136957,0.55999878,0.314734707,0.478780556,0.996755042,-0.003722847,4.379004793,,,,
439.png,LoG,512,512,FALSE,,0.228516996,82554,53822,4851,14.25267941,2,10.82842712,69139.7478,9778,0.141423715,14.14237152,7.016224609,0.971257091,0.944929583,0.314918518,0.34142152,554,1011,1565,0.317338139,0.251904426,0.890538033,0.095407083,0.56998557,0.018486864,0.355483413,0.775558758,0.247616133,0.2056796,0.126575229,0.224707993,0.590943569,-0.304340193,5.701793104,,,,
439.png,Canny,512,512,FALSE,,0.9,73916,68690,1692,42.95453329,9.414213562,118.1600072,72679.07032,3321,0.045694035,4.569403523,2.328042987,0.994890094,0.989940312,0.281967163,0.281804922,355,115,470,0.365351379,0.047808997,0.51536643,0.010773038,0.277777778,0.003916145,1,0.775558758,0.389248109,0.266867984,0.188103343,0.31664475,0.93431877,-0.022907568,4.537753458,,,,
441.png,SLoG,512,512,FALSE,,0.35,136240,63960,405,222.5680598,1,7.828427125,90140.06423,1957,0.021710657,2.171065682,0.449300767,0.990353346,0.981425891,0.519714355,0.504266538,1469,1877,3346,0.394461274,0.014571607,0.925925926,0.006472795,0.696296296,0.002736085,0.523584008,0.738129175,0.40631379,0.508726176,0.29181352,0.451788924,0.999736834,-0.0022575,4.45420659,,,,
441.png,LoG,512,512,FALSE,,0.189453423,92349,58825,4522,17.66687872,2,11.41421356,79889.62557,9605,0.120228377,12.02283767,5.660309418,0.978470027,0.958470038,0.352283478,0.384446358,564,1267,1831,0.338800758,0.201444964,0.885006634,0.082481938,0.589341,0.016880578,0.299119234,0.738129175,0.251398846,0.23997246,0.13996021,0.245552798,0.589771504,-0.309317372,5.62120306,,,,
441.png,Canny,512,512,FALSE,,0.9,72200,66949,1747,40.53283756,8.414213562,109.207316,70810.86722,3356,0.047393855,4.739385537,2.467135439,0.99466759,0.98945466,0.275421143,0.278074911,318,116,434,0.389918745,0.048096312,0.529479107,0.012487117,0.301087579,0.004331655,1,0.738129175,0.384990784,0.265811957,0.186583776,0.314489006,0.928679081,-0.022363988,4.55806524,,,,
443.png,SLoG,512,512,FALSE,,0.35,153319,64328,144,663.3906862,1,5.289949494,95528.25882,1115,0.011671939,1.16719389,0.150740736,0.988216639,0.978314264,0.58486557,0.563704342,1276,2151,3427,0.381910294,0.00425942,0.930555556,0.002393981,0.756944444,0.001103718,0.527051151,0.77204541,0.409667106,0.580540917,0.316101802,0.480360716,0.98754922,-0.01341434,4.384703185,,,,
443.png,LoG,512,512,FALSE,,0.208984509,79067,50993,4690,13.89865536,2,10.67401154,65184.69362,9559,0.146644856,14.66448559,7.194940621,0.970005691,0.942541133,0.301616669,0.33066437,450,915,1365,0.31433183,0.259035554,0.890618337,0.097444747,0.56119403,0.017531818,0.329697579,0.77204541,0.216215873,0.17973197,0.108827573,0.19629305,0.544323546,-0.339230615,5.953720684,,,,
443.png,Canny,512,512,FALSE,,0.9,72585,67672,1517,47.18948781,9,126.447518,71586.45301,2948,0.041180976,4.118097595,2.119116029,0.994850159,0.989818536,0.276889801,0.281740847,274,87,361,0.370742202,0.040977066,0.515491101,0.010536115,0.288727752,0.003472633,1,0.77204541,0.377503094,0.267374935,0.185561419,0.313035522,0.909107564,-0.027867846,4.605130145,,,,
444.png,SLoG,512,512,FALSE,,0.35,103503,55270,3014,21.77177342,1,28.82670273,65620.12508,5722,0.087198858,8.719885848,4.593103101,0.986321688,0.973837525,0.394832611,0.414775948,1026,1002,2028,0.358328611,0.106368735,0.813205043,0.05286774,0.629396151,0.019178578,0.53759253,0.730660498,0.386431133,0.390715265,0.241127021,0.388561391,0.9805952,-0.021025669,4.1025892,,,,
444.png,LoG,512,512,FALSE,,0.185547039,68857,45928,5220,10.72540875,1.414213562,10.24264069,55986.63367,9563,0.170808627,17.08086265,9.323653983,0.968102276,0.939884167,0.26266861,0.290365754,546,923,1469,0.317066967,0.296289845,0.897126437,0.124477443,0.61302682,0.02767375,0.286578655,0.730660498,0.267193165,0.189123478,0.124530496,0.221479981,0.663641513,-0.242067284,4.893222671,,,,
444.png,Canny,512,512,FALSE,,0.9,66768,60609,2179,29.65115889,5,77.27249635,64609.87523,4002,0.061940996,6.194099564,3.372549463,0.992443383,0.985513703,0.254699707,0.262634744,394,261,655,0.379888296,0.071458034,0.620009179,0.021894438,0.3919229,0.008084608,1,0.730660498,0.39284613,0.251506587,0.181108077,0.30667486,0.92520316,-0.027402825,4.072928711,,,,
447.png,SLoG,512,512,FALSE,,0.35,137114,62521,493,176.1322262,1,7.414213562,86833.18754,2149,0.024748602,2.474860201,0.567755272,0.988723814,0.979206986,0.523048401,0.501047164,1420,1916,3336,0.397685558,0.016442475,0.929006085,0.008893012,0.752535497,0.003438845,0.526273489,0.742023301,0.423608092,0.508591617,0.300581326,0.462226114,1.000113915,-0.001101736,3.896180924,,,,
447.png,LoG,512,512,FALSE,,0.197265774,94465,60328,4512,18.05332994,2,11.63259018,81456.6247,9806,0.120383088,12.03830878,5.539144319,0.981451392,0.96427861,0.360355377,0.392435285,631,1263,1894,0.344333202,0.19740419,0.882092199,0.079631349,0.582225177,0.01624453,0.308577776,0.742023301,0.276528979,0.260036936,0.154754083,0.268029505,0.60700983,-0.302463599,4.947624655,,,,
447.png,Canny,512,512,FALSE,,0.9,71243,66073,1725,40.53951836,8,96.97888886,69930.66917,3352,0.047933189,4.793318925,2.466728862,0.994309306,0.988845671,0.271770477,0.277963475,378,126,504,0.390881091,0.048325337,0.537971014,0.013182389,0.314782609,0.00437395,1,0.742023301,0.402389958,0.2680163,0.191707947,0.321736459,0.945393548,-0.020041573,4.016126468,,,,
449.png,SLoG,512,512,FALSE,,0.35,86538,57079,7185,8.902289518,2,14.07106781,63962.95019,12841,0.200756844,20.07568438,11.23306536,0.984013379,0.968955308,0.330116272,0.346651561,931,993,1924,0.451454818,0.313250057,0.861377871,0.12582561,0.58190675,0.032148426,0.503104806,0.454606354,0.343259012,0.283138304,0.18365153,0.310313509,0.957313046,-0.039072022,4.66231823,,,,
449.png,LoG,512,512,FALSE,,0.158203438,32918,20752,3199,8.454352569,1,5,27045.47387,4748,0.175556177,17.55561771,11.82822684,0.923380852,0.867048959,0.125572205,0.138037093,245,383,628,0.35258615,0.341461064,0.956861519,0.202486507,0.776805252,0.054886276,0.266795188,0.454606354,0.174301608,0.057250689,0.045036483,0.086191217,0.613867036,-0.269683259,7.178087928,,,,
449.png,Canny,512,512,FALSE,,0.9,57224,47480,3068,17.11255335,3,44.41492783,52501.31368,5099,0.097121379,9.71213793,5.843663301,0.980855107,0.963268745,0.218292236,0.217740853,587,384,971,0.527905762,0.126769166,0.680573664,0.04142797,0.436114733,0.017712721,1,0.454606354,0.422762661,0.2190383,0.168611175,0.288566768,1.048842228,0.017284153,3.91852543,,,,
454.png,SLoG,512,512,FALSE,,0.35,149205,67408,237,417.2917043,1,4.414213562,98898.13393,1331,0.013458292,1.345829236,0.239640518,0.989385545,0.979497982,0.569171906,0.562984987,1292,2318,3610,0.362951547,0.007209827,0.957805907,0.00433183,0.797468354,0.001557679,0.529677868,0.786898816,0.41015933,0.568827498,0.312883366,0.476635433,0.991919449,-0.008036535,4.396635569,,,,
454.png,LoG,512,512,FALSE,,0.22460945,78912,51757,4513,14.62068094,2,11.24264069,65983.13309,9227,0.139838767,13.98387674,6.839626718,0.96846801,0.939834225,0.301025391,0.327217907,460,1003,1463,0.303276092,0.240933594,0.886993131,0.093262747,0.567471748,0.017427594,0.350334018,0.786898816,0.223271648,0.179970703,0.110676902,0.199296306,0.565926925,-0.314197598,5.87779485,,,,
454.png,Canny,512,512,FALSE,,0.9,73544,68638,1609,44.99068823,8.828427125,112.227417,72390.01737,3094,0.0427407,4.274069979,2.222682158,0.995359719,0.990792273,0.280548096,0.279691786,276,92,368,0.359427273,0.043372476,0.517091361,0.010912323,0.288377874,0.003613159,1,0.786898816,0.380826184,0.262384204,0.183922425,0.310700129,0.92063437,-0.022027378,4.630138673,,,,
456.png,SLoG,512,512,FALSE,,0.35,143856,65873,312,302.7166679,1,7,94447.60038,1647,0.017438241,1.743824082,0.330341903,0.989168525,0.979187224,0.54876709,0.543759297,1339,2219,3558,0.362187326,0.01065687,0.942307692,0.005586507,0.759615385,0.002034217,0.531162083,0.787727249,0.410338177,0.548546482,0.306747162,0.469482041,0.994498987,-0.005329458,4.282838975,,,,
456.png,LoG,512,512,FALSE,,0.220703408,82555,53288,4597,14.64554199,2,11.41421356,67325.55653,9359,0.139011105,13.90111049,6.828016338,0.969533503,0.941637892,0.314922333,0.341120285,477,1044,1521,0.309263527,0.244220087,0.886012617,0.087712055,0.548618664,0.017152079,0.34212175,0.787727249,0.241925013,0.202886492,0.124032906,0.220692661,0.588903044,-0.298024572,5.488161867,,,,
456.png,Canny,512,512,FALSE,,0.9,72746,68143,1696,42.28130984,8.414213562,113.9558441,71709.10149,3220,0.044903644,4.490364449,2.365111213,0.994783044,0.989727485,0.277503967,0.27651129,282,108,390,0.358816743,0.046534494,0.527712264,0.012444418,0.304834906,0.004050306,1,0.787727249,0.381864064,0.259589111,0.182782789,0.309072452,0.919917109,-0.023134952,4.484205587,,,,
457.png,SLoG,512,512,FALSE,,0.35,140269,64676,375,242.8621317,1,5,91073.29937,1736,0.019061569,1.906156922,0.411756248,0.989741147,0.980255427,0.535083771,0.527917591,1390,2089,3479,0.369184554,0.011951883,0.952,0.006478446,0.765333333,0.002767642,0.534378886,0.779778683,0.418840028,0.535629875,0.307266178,0.470089693,0.997175063,-0.001741651,4.241878126,,,,
457.png,LoG,512,512,FALSE,,0.208985507,88582,56421,4632,15.5065575,2,12.24264069,71826.37435,9747,0.135702242,13.57022415,6.448884608,0.975611925,0.952854434,0.337913513,0.366961183,529,1122,1651,0.31944713,0.231314581,0.881476684,0.0847734,0.547927461,0.015579306,0.324000061,0.779778683,0.251329393,0.223415802,0.134141737,0.23655198,0.584967469,-0.311772898,5.517545175,,,,
457.png,Canny,512,512,FALSE,,0.9,73060,68314,1695,42.35830372,8,110.9303607,71797.3248,3209,0.044695259,4.469525862,2.360812196,0.995052278,0.990265539,0.278701782,0.278861857,292,94,386,0.365306675,0.046139883,0.534513274,0.012779225,0.312684366,0.004010891,1,0.779778683,0.391170508,0.264244342,0.187237652,0.315417307,0.919389122,-0.025437272,4.447119397,,,,
459.png,SLoG,512,512,FALSE,,0.35,106871,57650,2925,23.32601444,1.414213562,36.77056275,68228.59225,5882,0.086210191,8.621019145,4.287058993,0.986695588,0.974431917,0.407680511,0.408571238,1058,1072,2130,0.374546409,0.10452732,0.783931624,0.044058977,0.564786325,0.015941023,0.533782899,0.724616039,0.390516652,0.378705198,0.238022321,0.384520242,0.991000021,-0.016012866,3.950732677,,,,
459.png,LoG,512,512,FALSE,,0.193360031,63598,42192,5628,8.853765325,1.414213562,9.242640687,49828.99125,9659,0.193842977,19.38429769,11.29462961,0.959696174,0.924274744,0.242607117,0.262565613,476,755,1231,0.325968057,0.345492036,0.906894101,0.150099545,0.630597015,0.033300152,0.295598954,0.724616039,0.273618637,0.170520832,0.117383183,0.210103722,0.687202229,-0.233079789,4.78439336,,,,
459.png,Canny,512,512,FALSE,,0.9,68638,62337,2301,28.92423784,4.828427125,78.45584412,66554.67126,4196,0.063045913,6.304591279,3.457308039,0.992219687,0.985113175,0.261833191,0.259761664,389,328,717,0.395104975,0.069653657,0.620599739,0.022779409,0.402433724,0.00864655,1,0.724616039,0.411982973,0.254008497,0.186422445,0.314259808,0.943899153,-0.016611332,3.827355577,,,,
467.png,SLoG,512,512,FALSE,,0.35,111346,58353,1868,38.65864215,1.414213562,45.90609665,72214.34354,4598,0.063671561,6.367156128,2.586743725,0.98876667,0.978270183,0.424751282,0.427243844,1201,1196,2397,0.37579155,0.064041266,0.776766595,0.027864891,0.568522484,0.010128014,0.529483259,0.743250382,0.397794542,0.409874079,0.252931844,0.403743979,0.999605567,-0.00630916,4.054821504,,,,
467.png,LoG,512,512,FALSE,,0.166016921,77826,51633,5706,11.36632403,2,10.41421356,64856.24492,10457,0.16123351,16.12335098,8.797919163,0.97082293,0.944105514,0.296882629,0.321106977,585,965,1550,0.326920688,0.292100014,0.893971258,0.119942672,0.601472135,0.025894292,0.254292607,0.743250382,0.274631568,0.212674793,0.13617936,0.239714547,0.663515551,-0.25099436,4.902333026,,,,
467.png,Canny,512,512,FALSE,,0.9,70042,64232,2065,33.01948659,6,88.26173157,68185.23981,3797,0.055686539,5.568653877,3.028514684,0.993391156,0.987155935,0.267189026,0.267079135,383,197,580,0.385388941,0.061371279,0.585472155,0.01756134,0.357869249,0.006787894,1,0.743250382,0.399339469,0.257216022,0.185462766,0.312895135,0.937344236,-0.022415654,4.009705262,,,,
468.png,SLoG,512,512,FALSE,,0.35,138542,63312,397,221.1216696,1,7,87785.30284,1794,0.020436223,2.043622272,0.452239711,0.989954531,0.980619788,0.528495789,0.524788761,1255,1880,3135,0.330398321,0.013425575,0.919395466,0.007344579,0.732997481,0.002432398,0.530068994,0.817837274,0.396239937,0.530404937,0.29333467,0.453609845,0.992133531,-0.003875308,4.49327423,,,,
468.png,LoG,512,512,FALSE,,0.220704138,84300,53719,4236,16.14253348,2,12.24264069,68379.77183,8597,0.125724315,12.57243154,6.19481447,0.972691238,0.947243992,0.321578979,0.347932738,488,1014,1502,0.272942305,0.214691264,0.880547686,0.08406709,0.573418319,0.016195387,0.340731353,0.817837274,0.226384502,0.200912415,0.119124813,0.212889235,0.588928766,-0.296977718,5.734609301,,,,
468.png,Canny,512,512,FALSE,,0.9,72051,67740,1545,46.06284153,7.414213562,131.7234631,71167.09017,2870,0.040327629,4.032762887,2.170947268,0.994796276,0.989843519,0.274852753,0.27433118,236,83,319,0.326372892,0.043991733,0.55210356,0.011219368,0.31197411,0.003926779,1,0.817837274,0.366972337,0.256787149,0.17795884,0.302147807,0.909807572,-0.025332537,4.716928774,,,,
47.png,SLoG,512,512,FALSE,,0.35,126826,62236,707,115.4352923,1,10.99411255,81612.75169,2701,0.033095318,3.309531837,0.866286193,0.989330947,0.979577736,0.483802795,0.482357206,1372,1785,3157,0.364132881,0.025065878,0.888260255,0.011729546,0.666195191,0.004145511,0.528802752,0.781061733,0.403741837,0.473951045,0.278803712,0.436038322,1.000975198,0.000205509,4.103110229,,,,
47.png,LoG,512,512,FALSE,,0.142578885,91719,59574,4751,16.09069491,2,13.24264069,76446.89152,9890,0.129370859,12.93708587,6.214771988,0.976474643,0.954678215,0.349880219,0.376075463,621,1205,1826,0.313899428,0.22157317,0.874342244,0.082351361,0.552094296,0.015409407,0.220392078,0.781061733,0.269313008,0.246486585,0.147706835,0.257394711,0.639128056,-0.270416395,5.033483518,,,,
47.png,Canny,512,512,FALSE,,0.9,72348,67579,1951,36.31601797,6.414213562,96.04163056,70852.55106,3646,0.05145898,5.145897989,2.753605863,0.994347334,0.988975865,0.275985718,0.275801727,302,144,446,0.363632351,0.055105876,0.560738083,0.014960269,0.324449001,0.005208719,1,0.781061733,0.386972022,0.259739206,0.184020345,0.310839835,0.925746108,-0.024364164,4.181351838,,,,
473.png,SLoG,512,512,FALSE,,0.35,130928,60982,680,119.8024943,1,7,81465.69613,2506,0.030761414,3.076141393,0.834707162,0.988972127,0.979124988,0.499450684,0.488563544,1456,1724,3180,0.368284255,0.024531829,0.936764706,0.01249549,0.736764706,0.004853891,0.533592761,0.77162925,0.413778896,0.491531473,0.28975367,0.449316294,1.000383185,-0.002262238,4.160501402,,,,
473.png,LoG,512,512,FALSE,,0.173829153,99109,62325,4290,19.51812256,2,13.07106781,83732.74577,9625,0.114949055,11.4949055,5.123443595,0.98249501,0.966097072,0.378070831,0.409498088,650,1331,1981,0.327054888,0.18921781,0.875990676,0.072843963,0.561771562,0.013397513,0.268976986,0.77162925,0.283212486,0.281985133,0.164549355,0.282597477,0.634701124,-0.282259856,5.103482863,,,,
473.png,Canny,512,512,FALSE,,0.9,71537,66401,1752,40.07596491,7.121320344,109.1960461,70213.09053,3265,0.0465013,4.650130019,2.495261193,0.9944278,0.98911161,0.272891998,0.274290411,293,117,410,0.367370993,0.049457086,0.557077626,0.013734733,0.331050228,0.004849325,1,0.77162925,0.389456302,0.259735492,0.184578373,0.311635561,0.920729172,-0.025687163,4.327871571,,,,
476.png,SLoG,512,512,FALSE,,0.35,144547,66920,289,334.6385736,1,5.414213562,96710.54778,1459,0.015086255,1.508625515,0.298829866,0.989218473,0.979124328,0.551403046,0.546260188,1295,2247,3542,0.349063158,0.008980873,0.955017301,0.004886432,0.785467128,0.002106993,0.531165242,0.795783639,0.413598971,0.549146234,0.308755418,0.471830586,0.996089186,-0.005677336,4.313771486,,,,
476.png,LoG,512,512,FALSE,,0.224609509,80894,52713,4544,14.66469647,2,10.82842712,66636.38078,9176,0.137702557,13.77025567,6.819097837,0.969561577,0.941703185,0.308586121,0.335198079,538,1045,1583,0.285462528,0.242122437,0.889964789,0.0921784,0.568661972,0.017415059,0.350686938,0.795783639,0.232727091,0.189608356,0.116673759,0.208966599,0.572576812,-0.314708761,5.874335181,,,,
476.png,Canny,512,512,FALSE,,0.9,72785,68378,1727,41.47604913,8,115.967114,71629.13685,3254,0.045428441,4.542844076,2.41103003,0.994793653,0.989689666,0.27765274,0.276929321,260,89,349,0.34514457,0.04973822,0.537927041,0.011948287,0.287782281,0.003860891,1,0.795783639,0.385857823,0.25971992,0.183758347,0.310465979,0.931706735,-0.021973329,4.514967258,,,,
477.png,SLoG,512,512,FALSE,,0.35,149978,65976,192,505.4085224,1,7,97038.43631,1087,0.011201747,1.120174687,0.197859742,0.989230931,0.979613799,0.572120667,0.566245885,1231,2176,3407,0.342660218,0.006199224,0.9375,0.003410331,0.770833333,0.001288347,0.533767641,0.804053617,0.410686549,0.579135115,0.316289562,0.480577482,0.987079724,-0.012035981,4.497321221,,,,
477.png,LoG,512,512,FALSE,,0.228516325,81446,52237,4430,14.85129218,2,11.65685425,65791.22436,9099,0.13830112,13.83011198,6.733420822,0.970183969,0.942894883,0.310691833,0.337821764,422,977,1399,0.280559242,0.238107089,0.882167043,0.089285372,0.555079007,0.015793403,0.356229186,0.804053617,0.211805254,0.178192211,0.107143977,0.193550214,0.533030274,-0.34469619,6.219821569,,,,
477.png,Canny,512,512,FALSE,,0.9,73240,68881,1485,48.85567487,7.414213562,145.3327994,72550.67718,2886,0.039779091,3.977909114,2.046845126,0.995455921,0.990955416,0.279388428,0.27915665,271,71,342,0.335129857,0.043916319,0.541414141,0.010075347,0.282828283,0.003208432,1,0.804053617,0.371976835,0.258599829,0.180007696,0.3050958,0.903301841,-0.030634764,4.809281807,,,,
48.png,SLoG,512,512,FALSE,,0.35,71875,48802,7743,6.681832445,1.414213562,10.82842712,51737.42862,12419,0.240038988,24.00389878,14.96595445,0.973535895,0.949879103,0.274181366,0.291341509,526,634,1160,0.411831081,0.404737511,0.89112747,0.162821196,0.606224977,0.043768698,0.508101583,0.465721518,0.298182756,0.209099223,0.140133223,0.245819032,0.951781181,-0.044381931,5.253468334,,,,
48.png,LoG,512,512,FALSE,,0.154297024,27157,16645,2583,8.029783954,1,5.414213562,20740.93195,3989,0.192325013,19.23250126,12.45363519,0.918353856,0.858395915,0.103595734,0.113273959,242,291,533,0.31034416,0.360708922,0.950445219,0.204325623,0.759194735,0.049384199,0.265062511,0.465721518,0.141361643,0.038541552,0.031230405,0.060569208,0.553412744,-0.293165802,7.970857016,,,,
48.png,Canny,512,512,FALSE,,0.9,56848,47578,2989,17.60136128,3.414213562,46.91025971,52610.46888,4960,0.094277814,9.427781401,5.681378752,0.979013383,0.959939468,0.21685791,0.216293179,524,444,968,0.511680841,0.122073227,0.669120107,0.038862499,0.431582469,0.017445038,1,0.465721518,0.402745068,0.20967207,0.159940817,0.275774099,0.988150865,0.001738478,4.130027607,,,,
481.png,SLoG,512,512,FALSE,,0.35,115774,57794,1912,36.94667915,1,20.30660172,70642.05054,4342,0.061464807,6.146480696,2.706603199,0.98779285,0.976866111,0.441642761,0.441605457,1167,1206,2373,0.351130456,0.067048483,0.850941423,0.034484549,0.668410042,0.012198498,0.538913727,0.770966947,0.398049225,0.42551983,0.25891182,0.411326379,0.983327064,-0.016181105,4.185110793,,,,
481.png,LoG,512,512,FALSE,,0.185548663,80714,52914,5359,11.91263878,2,12.82842712,63839.83121,10359,0.162265467,16.22654666,8.394445753,0.973485291,0.949484068,0.307899475,0.332974386,590,1033,1623,0.313147545,0.274313036,0.876096287,0.10562422,0.569509237,0.021619987,0.280399084,0.770966947,0.28025117,0.225895121,0.142958013,0.250154444,0.666108166,-0.249417552,4.99877143,,,,
481.png,Canny,512,512,FALSE,,0.9,70189,64824,1907,35.96066269,6.414213562,104.2759451,68576.98375,3496,0.050979203,5.097920336,2.780816385,0.993335783,0.987118968,0.267749786,0.266725607,302,200,502,0.359434843,0.056938788,0.574724698,0.015133284,0.342422653,0.006170554,1,0.770966947,0.394363542,0.254630287,0.183049809,0.309454104,0.917857837,-0.027885284,4.215340399,,,,
490.png,SLoG,512,512,FALSE,,0.35,102036,57291,3832,17.38227248,1.414213562,30.13502884,66608.86815,7215,0.10831891,10.83189101,5.752987712,0.986044943,0.973032413,0.38923645,0.392113782,986,960,1946,0.373090595,0.14229111,0.785490605,0.060253792,0.565501044,0.019287497,0.527551115,0.704545987,0.380233078,0.357985317,0.226071646,0.368773956,0.979840752,-0.021452007,4.098115098,,,,
490.png,LoG,512,512,FALSE,,0.162109524,54742,36611,5038,8.47359191,1,9.021320344,42689.95604,8523,0.199648835,19.96488352,11.80137078,0.953320026,0.912785775,0.208824158,0.226461436,460,656,1116,0.327690661,0.353090601,0.907502977,0.153423834,0.634775705,0.036491765,0.25054124,0.704545987,0.257230338,0.139868416,0.099629942,0.18120631,0.683574547,-0.224765923,4.941769714,,,,
490.png,Canny,512,512,FALSE,,0.9,65810,59351,2499,25.31742895,4.414213562,70.0391919,63268.25496,4424,0.069924483,6.992448271,3.949848153,0.990354002,0.981533588,0.251045227,0.247943861,424,288,712,0.394249737,0.081531903,0.635854342,0.025896784,0.406962785,0.010193594,1,0.704545987,0.403948854,0.240482208,0.177497798,0.301483023,0.934760458,-0.020077934,3.914398254,,,,
491.png,SLoG,512,512,FALSE,,0.35,86983,57864,6871,9.454802643,2,14.65685425,64963.94896,12110,0.186411082,18.64110817,10.57663536,0.983245194,0.967458178,0.331813812,0.349553282,775,1122,1897,0.407281101,0.296643855,0.854751856,0.114198811,0.56556542,0.031003733,0.501715243,0.50429554,0.330811316,0.277506628,0.177733898,0.301823524,0.966163438,-0.030812145,4.522070876,,,,
491.png,LoG,512,512,FALSE,,0.177734554,32019,20181,2638,9.980221767,1,5.414213562,26327.82502,4304,0.163477234,16.34772335,10.01981743,0.937242925,0.889400922,0.122142792,0.133986149,234,424,658,0.32301116,0.299539171,0.945413192,0.173480006,0.755496588,0.040434072,0.299793124,0.50429554,0.159441564,0.051267374,0.040359241,0.077587124,0.586952832,-0.266774096,6.70346404,,,,
491.png,Canny,512,512,FALSE,,0.9,55492,46521,2978,17.18396727,3.414213562,44.89949494,51173.85452,4869,0.095146243,9.514624305,5.819377938,0.978687048,0.959459169,0.211685181,0.21130291,501,366,867,0.487978131,0.127512306,0.683344527,0.040411857,0.436534587,0.017991875,1,0.50429554,0.411969739,0.20890576,0.160921496,0.277230626,1.058378596,0.017144695,3.825093849,,,,
497.png,SLoG,512,512,FALSE,,0.35,140804,66755,398,242.3385425,1,7.418376618,96450.73992,1770,0.018351337,1.835133667,0.412645875,0.990105629,0.980855367,0.537124634,0.531773766,1294,2030,3324,0.359383225,0.012628268,0.91959799,0.006696128,0.728643216,0.002486705,0.525787473,0.79039228,0.398554893,0.535010895,0.296016902,0.456810249,0.991841153,-0.005889045,4.651840716,,,,
497.png,LoG,512,512,FALSE,,0.224609941,78914,51222,4359,15.29342136,2,11.4627417,66664.0237,8571,0.128570097,12.85700971,6.538759225,0.968060613,0.938893444,0.30103302,0.328162711,535,993,1528,0.287485033,0.233024872,0.887818307,0.090742259,0.575361321,0.017902464,0.351912618,0.79039228,0.214739907,0.177889192,0.107778675,0.194585213,0.568678502,-0.314958964,6.17706768,,,,
497.png,Canny,512,512,FALSE,,0.9,72614,67676,1577,45.36592973,8.414213562,120.607316,71542.07119,2980,0.041653812,4.165381223,2.204297379,0.994835675,0.989833915,0.277000427,0.27709758,265,100,365,0.356970131,0.041580472,0.521876982,0.011436846,0.311350666,0.004093032,1,0.79039228,0.374000091,0.261608597,0.181940562,0.307867532,0.936234718,-0.020243607,4.808014405,,,,
5.png,SLoG,512,512,FALSE,,0.35,76681,50361,7237,7.40743927,1.414213562,14.24264069,53607.638,11373,0.212152604,21.21526041,13.49994193,0.980163217,0.961636981,0.292514801,0.308416553,555,621,1176,0.397412181,0.344214769,0.854635899,0.137546911,0.585739947,0.041540081,0.496946365,0.576616764,0.339574086,0.250754102,0.168553451,0.288482227,0.954875026,-0.042618176,4.409195564,,,,
5.png,LoG,512,512,FALSE,,0.169922024,21171,13600,1977,8.94005927,1,5.414213562,17674.49718,2981,0.168661092,16.86610923,11.18560817,0.921875,0.864338235,0.080760956,0.088877317,168,255,423,0.314028829,0.332941176,0.944865959,0.184411765,0.751138088,0.049632353,0.288357109,0.576616764,0.178416178,0.037966538,0.032316593,0.062609849,0.642235087,-0.217678393,6.577484178,,,,
5.png,Canny,512,512,FALSE,,0.9,61116,52517,2916,19.63727891,3.828427125,50.02081528,57262.30531,5150,0.089937001,8.993700082,5.092355231,0.985576093,0.972256603,0.233139038,0.231667269,582,403,985,0.463293672,0.113125274,0.665980796,0.033912828,0.413580247,0.014204924,1,0.576616764,0.422434108,0.234314672,0.177462343,0.301431879,1.021574754,0.002801467,3.73909708,,,,
50.png,SLoG,512,512,FALSE,,0.35,83254,50694,6353,8.526194595,2,17.20832611,54166.91426,10188,0.188085294,18.80852941,11.72856177,0.979474902,0.960685683,0.317588806,0.324395537,604,522,1126,0.39216274,0.301988401,0.832834881,0.112774687,0.557689281,0.034994279,0.514853776,0.616885281,0.34639737,0.266254387,0.177221237,0.301083996,0.957559427,-0.040615251,4.398331628,,,,
50.png,LoG,512,512,FALSE,,0.169922486,35120,23308,3874,6.957010101,1,7.169848481,26951.45713,6053,0.22458897,22.45889701,14.37399092,0.932898581,0.878968594,0.133972168,0.145170727,241,317,558,0.316336662,0.421142955,0.932369644,0.201089755,0.680691791,0.046293118,0.274639875,0.616885281,0.208826388,0.071830972,0.056464515,0.106893348,0.642696263,-0.252361694,6.060494214,,,,
50.png,Canny,512,512,FALSE,,0.9,64633,56818,2747,22.46910447,4,61.15878785,61722.62999,5023,0.0813802,8.138020043,4.450555656,0.988691986,0.978299131,0.246555328,0.243918025,559,465,1024,0.438409299,0.096254708,0.650891882,0.029603295,0.413906079,0.012284839,1,0.616885281,0.412748367,0.238548436,0.178100593,0.302352098,0.954398759,-0.014416888,3.817980427,,,,
507.png,SLoG,512,512,FALSE,,0.35,112184,60234,1840,40.78274694,1,31.55634919,75040.25436,4587,0.061127192,6.112719152,2.452017275,0.989266872,0.979314009,0.427947998,0.427396676,1251,1303,2554,0.359533399,0.061078461,0.802717391,0.027542584,0.592391304,0.010475811,0.530419767,0.760663211,0.394696903,0.411999182,0.252475589,0.40316249,1.005029666,-0.001905952,4.143487435,,,,
507.png,LoG,512,512,FALSE,,0.181640774,78130,52071,5277,12.42345071,2,10.41421356,65558.54939,9752,0.148752529,14.87525287,8.049293416,0.970722675,0.94417238,0.298042297,0.322749795,560,1024,1584,0.309252679,0.266098212,0.894447603,0.110714217,0.607731666,0.024677844,0.278365225,0.760663211,0.278308676,0.219378577,0.13983153,0.245354732,0.692636218,-0.222529135,4.911999968,,,,
507.png,Canny,512,512,FALSE,,0.9,68551,63061,1997,33.44126394,5.828427125,88.71858582,66782.20409,3603,0.053951499,5.395149874,2.990317596,0.992190123,0.984935221,0.261501312,0.260483101,298,190,488,0.366847187,0.059926103,0.594391587,0.018521749,0.374561843,0.006612645,1,0.760663211,0.389756442,0.247955846,0.1786135,0.303090877,0.947047404,-0.020915699,4.1567331,,,,
51.png,SLoG,512,512,FALSE,,0.35,113130,59333,1881,38.77001769,1.414213562,46.04163056,72926.40328,4759,0.065257572,6.525757182,2.579312725,0.988219023,0.977213355,0.431556702,0.431570246,1317,1286,2603,0.378032714,0.061972258,0.766613503,0.027708021,0.569909623,0.010314665,0.530703843,0.737262928,0.402820907,0.414831935,0.256864209,0.408738202,0.992432113,-0.009788561,3.886347318,,,,
51.png,LoG,512,512,FALSE,,0.166016057,77828,52001,5961,10.5322123,2,10.65685425,62782.5175,11153,0.177644995,17.76449949,9.494681381,0.970106363,0.942847253,0.296890259,0.319898298,547,982,1529,0.333293468,0.309782504,0.893977521,0.124132228,0.58815635,0.02505721,0.252254158,0.737262928,0.291244143,0.222319632,0.144267382,0.252156767,0.689784925,-0.233895847,4.641292599,,,,
51.png,Canny,512,512,FALSE,,0.9,70959,65136,2200,31.29554731,6,82.97766953,68850.20409,4129,0.059970774,5.997077357,3.195342743,0.992976248,0.986351634,0.270687103,0.269585802,401,239,640,0.386193842,0.066998281,0.587727273,0.017563252,0.342272727,0.006816507,1,0.737262928,0.402573871,0.258971089,0.187074952,0.31518642,0.937914418,-0.01739607,3.830160355,,,,
514.png,SLoG,512,512,FALSE,,0.35,110939,54934,1741,38.47482288,1,30.48528137,66984.66663,4123,0.0615514,6.155139985,2.599102283,0.988112986,0.977300033,0.4231987,0.438081646,1162,1126,2288,0.365436971,0.06431354,0.828259621,0.031783595,0.639287766,0.010995012,0.538032413,0.760713696,0.39506717,0.426480476,0.257998711,0.410173252,0.989626604,-0.015482678,4.212629514,,,,
514.png,LoG,512,512,FALSE,,0.162109524,85378,54944,5189,13.14056335,2,13.07106781,68186.38323,10344,0.151701843,15.1701843,7.610023812,0.976685345,0.95519074,0.325691223,0.354736069,659,1112,1771,0.326322973,0.254513687,0.873964155,0.09582484,0.55771825,0.019765579,0.249050438,0.760713696,0.275148804,0.240517197,0.147229785,0.256670089,0.650372801,-0.268755352,5.088850791,,,,
514.png,Canny,512,512,FALSE,,0.9,69726,64515,1800,37.94813367,7.828427125,104.8404112,68306.6406,3389,0.049614503,4.961450263,2.635175708,0.993559659,0.987506781,0.265983582,0.269539301,337,174,511,0.374933213,0.050995892,0.541111111,0.013547237,0.32,0.005332093,1,0.760713696,0.389668437,0.258815619,0.184160748,0.311040115,0.927273847,-0.023389531,4.246655689,,,,
515.png,SLoG,512,512,FALSE,,0.35,127464,62089,795,103.6564961,1,8.93137085,82406.91439,2826,0.034293239,3.429323888,0.964724873,0.989772737,0.980318575,0.486236572,0.483367337,1375,1746,3121,0.370802194,0.026816344,0.901886792,0.014108779,0.718238994,0.005089468,0.539113641,0.772755539,0.40872485,0.479077297,0.282967115,0.44111359,1.005005345,-0.001174397,3.969200565,,,,
515.png,LoG,512,512,FALSE,,0.189453751,97334,61625,4733,16.96158903,2,12.41421356,80279.2009,10042,0.12508844,12.50884399,5.895674031,0.979277909,0.95988641,0.371299744,0.396421881,652,1291,1943,0.328632444,0.207464503,0.875765899,0.080454361,0.567082189,0.016194726,0.290974289,0.772755539,0.275801461,0.265125455,0.156308716,0.270358105,0.642862558,-0.272502855,4.869583017,,,,
515.png,Canny,512,512,FALSE,,0.9,71338,66129,1807,38.68188689,7.414213562,109.1362482,69898.1696,3414,0.048842481,4.88424807,2.585189298,0.994367063,0.98903658,0.272132874,0.270666183,340,144,484,0.373598069,0.052684904,0.558937465,0.013927324,0.328168235,0.005186832,1,0.772755539,0.38912953,0.255402671,0.182307953,0.308393347,0.933678301,-0.025053611,4.081674133,,,,
52.png,SLoG,512,512,FALSE,,0.35,107581,58770,3449,20.54207787,1.414213562,31.9137085,70849.62659,7122,0.10052276,10.05227599,4.868056709,0.987051189,0.975174409,0.410388947,0.414360128,1240,1189,2429,0.406704336,0.121218309,0.783415483,0.052577846,0.566541026,0.01721967,0.514368474,0.682113183,0.404127361,0.388731958,0.247100638,0.396280189,0.970936858,-0.028237602,3.87325675,,,,
52.png,LoG,512,512,FALSE,,0.158203274,53365,35683,6037,6.763929801,1,7.511269837,40833.84421,9753,0.238845991,23.88459913,14.78430483,0.94390887,0.895916823,0.20357132,0.220319207,341,490,831,0.355175376,0.430989547,0.925459665,0.199338621,0.662083816,0.044727181,0.244774327,0.682113183,0.274087384,0.140183028,0.102228556,0.185494297,0.680482714,-0.237713378,4.955596723,,,,
52.png,Canny,512,512,FALSE,,0.9,68489,61891,2387,27.74438377,5.414213562,65.89848481,66225.84406,4386,0.066227921,6.622792147,3.604333072,0.992276728,0.985102842,0.261264801,0.259986665,470,307,777,0.422435731,0.074760466,0.609551739,0.022232635,0.379555928,0.008708859,1,0.682113183,0.42416131,0.255997756,0.189974013,0.319291027,0.967277041,-0.012878974,3.685803665,,,,
522.png,SLoG,512,512,FALSE,,0.35,146360,64553,239,391.6119338,1,7.828427125,93595.25218,1434,0.01532129,1.532128999,0.255354833,0.988892853,0.979226372,0.558319092,0.544588534,1237,2135,3372,0.369658172,0.00755968,0.916317992,0.004151627,0.740585774,0.001564606,0.532259166,0.781468797,0.416217505,0.556707392,0.312610807,0.476319112,0.994268852,-0.004010613,4.168644589,,,,
522.png,LoG,512,512,FALSE,,0.216797605,85553,54359,4640,15.03056967,2,12.24264069,69741.84326,9538,0.136761513,13.6761513,6.653107781,0.972856402,0.948159458,0.326358795,0.355410209,535,998,1533,0.309827507,0.235784323,0.879094828,0.091226844,0.562068966,0.016593388,0.339635402,0.781468797,0.228339499,0.199319182,0.119096926,0.212844702,0.551908556,-0.334887387,5.538279497,,,,
522.png,Canny,512,512,FALSE,,0.9,71718,67094,1563,45.24447453,8.414213562,130.0048773,70717.11369,2973,0.042040743,4.204074297,2.21021464,0.99463439,0.989507258,0.273582458,0.275294472,289,73,362,0.362171292,0.043208036,0.529110685,0.011208156,0.305182342,0.003949683,1,0.781468797,0.383694578,0.259430664,0.18312221,0.309557556,0.919637581,-0.024542691,4.381256996,,,,
524.png,SLoG,512,512,FALSE,,0.35,84763,54739,6636,9.188798458,2,15.24264069,60976.86657,11156,0.182954629,18.2954629,10.88281569,0.984627068,0.969984837,0.323345184,0.336716792,841,836,1677,0.3938829,0.290889494,0.8473478,0.111145618,0.56615431,0.034326531,0.495956093,0.571167588,0.345837985,0.282867434,0.184272277,0.311199174,0.967101235,-0.030548198,4.523378628,,,,
524.png,LoG,512,512,FALSE,,0.162109509,25138,16099,2188,9.401936275,1,6,20571.43657,3539,0.172034655,17.20346553,10.63610698,0.928318501,0.873159824,0.09589386,0.104924812,193,334,527,0.299749762,0.313870427,0.93738574,0.175476738,0.737659963,0.042735574,0.272698104,0.571167588,0.170946296,0.04356958,0.035969174,0.069440626,0.631970027,-0.229056544,6.452091931,,,,
524.png,Canny,512,512,FALSE,,0.9,61683,53339,2983,19.47293776,3.828427125,53.37300141,58087.77335,5217,0.08981236,8.981235979,5.135331978,0.986220241,0.973490317,0.235301971,0.234381788,547,409,956,0.450406015,0.112225576,0.663761314,0.034383847,0.416694603,0.01449221,1,0.571167588,0.415087951,0.236324895,0.177286394,0.301178022,0.989973099,0.000258835,4.001170171,,,,
526.png,SLoG,512,512,FALSE,,0.35,114347,57642,1219,60.76562357,1,15.84264069,74073.29513,3592,0.04849251,4.849250994,1.645667305,0.988949001,0.978817529,0.436199188,0.451638696,1358,1429,2787,0.368778348,0.043475244,0.853978671,0.020679366,0.653814602,0.008171125,0.535404623,0.761586726,0.411013375,0.445192964,0.271796161,0.427420948,1.003395482,-0.003191133,3.811740277,,,,
526.png,LoG,512,512,FALSE,,0.173828274,91990,58950,4779,16.11276802,2,12.01421356,77002.91836,9790,0.127138039,12.71380385,6.206258285,0.979864299,0.961017812,0.350914001,0.380745063,584,1246,1830,0.324921429,0.220203562,0.882611425,0.084444444,0.56873823,0.017285835,0.269251615,0.761586726,0.275485971,0.251556162,0.15139577,0.262977812,0.639999357,-0.274707028,4.7166432,,,,
526.png,Canny,512,512,FALSE,,0.9,69634,64917,1699,40.24919632,6.414213562,110.6132034,68383.38454,3169,0.046341666,4.634166649,2.484521659,0.992082179,0.984626523,0.265632629,0.268780429,286,127,413,0.373866677,0.050325801,0.567981165,0.013679005,0.335491466,0.004944776,1,0.761586726,0.397517366,0.256244729,0.184565433,0.311617117,0.930479543,-0.025705262,3.882797606,,,,
529.png,SLoG,512,512,FALSE,,0.35,120806,61174,1054,74.65265315,1,18.3627417,78683.89642,3422,0.043490475,4.349047461,1.33953712,0.989227474,0.979386668,0.460838318,0.459785148,1282,1597,2879,0.356986493,0.036126459,0.85199241,0.017638212,0.658444023,0.006375257,0.530365825,0.776829875,0.402375521,0.448874696,0.269321541,0.42435511,1.005929405,-4.47E-05,3.914433204,,,,
529.png,LoG,512,512,FALSE,,0.193359688,91576,59499,4899,15.68709916,2,11.69116882,76851.09881,9916,0.129028734,12.90287342,6.374664873,0.9772349,0.956100103,0.349334717,0.374291242,586,1190,1776,0.31438905,0.229113094,0.881812615,0.085278744,0.560522556,0.01722718,0.297441006,0.776829875,0.278003528,0.252463504,0.152484463,0.264618687,0.666338429,-0.246429343,4.752329123,,,,
529.png,Canny,512,512,FALSE,,0.9,70313,65551,1823,37.79410676,6.414213562,98.05929291,68898.65662,3320,0.048186716,4.818671601,2.645915159,0.99344784,0.987200805,0.268222809,0.267324623,263,126,389,0.359038293,0.052020564,0.565551289,0.014324724,0.331870543,0.005278333,1,0.776829875,0.387476945,0.251317924,0.179861857,0.304886298,0.931137455,-0.02359,4.014989195,,,,
530.png,SLoG,512,512,FALSE,,0.35,148731,60701,245,350.7865384,1,8,85942.7019,1303,0.015161264,1.516126409,0.285073653,0.987817347,0.977710417,0.567363739,0.535408016,1169,1940,3109,0.373315662,0.007924087,0.92244898,0.0045963,0.787755102,0.002026326,0.52021426,0.782205915,0.406553926,0.555928278,0.306890475,0.469649877,0.993559465,-0.004803876,4.357925882,,,,
530.png,LoG,512,512,FALSE,,0.181640759,87655,53956,3881,18.37429986,2,11,71310.65776,8215,0.115200171,11.52001715,5.442384241,0.977379739,0.956427459,0.334377289,0.370854165,497,1075,1572,0.295894057,0.200904441,0.888688482,0.07346727,0.553723267,0.014697161,0.28977567,0.782205915,0.221149562,0.209461872,0.120540524,0.215147103,0.538521874,-0.337485102,5.880602002,,,,
530.png,Canny,512,512,FALSE,,0.9,69613,65195,1441,47.65091626,9.242640687,128.8700577,68664.97033,2787,0.040588381,4.058838134,2.098595533,0.993611455,0.987483703,0.265552521,0.275239386,268,82,350,0.356088638,0.04150625,0.516308119,0.009878058,0.282442748,0.003435846,1,0.782205915,0.367214679,0.258134678,0.178662373,0.303161239,0.903995337,-0.031129236,4.647244857,,,,
532.png,SLoG,512,512,FALSE,,0.35,131846,63796,586,148.0859917,1,7.828427125,86778.39115,2339,0.026953715,2.695371473,0.675283319,0.989701569,0.980155496,0.502952576,0.499506375,1408,1945,3353,0.367579669,0.01967208,0.919795222,0.009593078,0.711604096,0.004075491,0.53153193,0.779528964,0.410791753,0.497772501,0.290421324,0.450118607,0.997006545,-0.00281697,3.919991243,,,,
532.png,LoG,512,512,FALSE,,0.201173395,93072,59254,4776,16.14727433,2,11.82842712,77119.38221,9957,0.129111511,12.91115115,6.192995668,0.97604382,0.953454619,0.355041504,0.381212141,628,1166,1794,0.316007763,0.221875316,0.880653266,0.086525804,0.565745394,0.015728896,0.312303156,0.779528964,0.263420683,0.243604185,0.144901729,0.253125181,0.623628811,-0.278119729,4.903931812,,,,
532.png,Canny,512,512,FALSE,,0.9,71650,66554,1792,39.21931374,7,120.9636652,70281.01022,3316,0.04718202,4.718201957,2.549764146,0.994470656,0.989181717,0.273323059,0.271610723,335,121,456,0.367064893,0.051281666,0.563616071,0.013883463,0.336495536,0.005364065,1,0.779528964,0.388291646,0.255842746,0.182347495,0.30844992,0.930731503,-0.024704966,4.030802043,,,,
534.png,SLoG,512,512,FALSE,,0.35,151394,65216,127,755.9680223,1,3.165685425,96007.93883,1085,0.011301149,1.130114877,0.132280728,0.989887476,0.98077159,0.577522278,0.566888668,1332,2162,3494,0.368059546,0.003710746,0.952755906,0.002284715,0.787401575,0.000858685,0.521537006,0.785861719,0.39895193,0.571885895,0.307203787,0.470016672,0.979797279,-0.018837972,4.946016286,,,,
534.png,LoG,512,512,FALSE,,0.240235075,69062,44493,4650,11.64683995,2,9.414213562,54157.80575,8636,0.159459932,15.94599316,8.586019939,0.959060967,0.922100106,0.263450623,0.287162924,384,736,1120,0.282269597,0.291866136,0.904516129,0.116332906,0.59311828,0.021576428,0.378950238,0.785861719,0.171877955,0.124807184,0.077939643,0.144608548,0.504591987,-0.364051005,7.259945344,,,,
534.png,Canny,512,512,FALSE,,0.9,72964,68399,1506,47.90421195,8.828427125,135.263456,72143.7432,2960,0.041029199,4.102919905,2.087499114,0.995306969,0.990745479,0.278335571,0.279671427,302,92,394,0.360503674,0.041579555,0.523240372,0.010380269,0.288180611,0.003362622,1,0.785861719,0.372699295,0.263571051,0.182575985,0.30877675,0.92836847,-0.021805026,5.109771084,,,,
535.png,SLoG,512,512,FALSE,,0.35,151270,67844,171,589.6711211,1,5,100833.7617,1109,0.0109983,1.099830038,0.169586056,0.989940166,0.98055834,0.577049255,0.570956062,1230,2259,3489,0.368655652,0.005188373,0.935672515,0.002830022,0.748538012,0.001193915,0.523693562,0.789582312,0.402440095,0.571784879,0.30923837,0.472394297,0.986322064,-0.015455616,4.687958985,,,,
535.png,LoG,512,512,FALSE,,0.251953691,67490,44456,4525,12.14229145,2,9.414213562,54943.86881,8405,0.152974302,15.29743024,8.235677789,0.95810467,0.920775598,0.257453918,0.2804081,378,790,1168,0.288607776,0.277442865,0.904088398,0.115237538,0.604198895,0.021976786,0.395542592,0.789582312,0.181728822,0.126806963,0.080718675,0.149379625,0.527807269,-0.339430743,6.850262982,,,,
535.png,Canny,512,512,FALSE,,0.9,73488,68553,1562,46.39644814,8.242640687,126.8364574,72471.252,3059,0.042209841,4.220984067,2.155337402,0.995310187,0.990678745,0.280334473,0.279201173,334,93,427,0.36521402,0.041850831,0.526888604,0.011713565,0.31049936,0.003661401,1,0.789582312,0.376950116,0.261896597,0.182776202,0.309063037,0.943140089,-0.017207192,4.831472204,,,,
539.png,SLoG,512,512,FALSE,,0.35,101766,54599,3174,20.32373545,2,40.72792206,64507.53633,6170,0.095647739,9.564773902,4.920355327,0.987774491,0.976373194,0.388206482,0.403251985,965,936,1901,0.396095574,0.1188117,0.752678009,0.048206011,0.531505986,0.016575395,0.531227529,0.700746572,0.401410282,0.377278814,0.241442298,0.388970633,0.98302426,-0.022267349,3.772804004,,,,
539.png,LoG,512,512,FALSE,,0.169922024,65374,42992,5971,8.666378666,1.414213562,8.414213562,51746.94702,10131,0.195779666,19.57796659,11.53884498,0.961469591,0.927032936,0.249382019,0.272476399,469,778,1247,0.350802809,0.35697339,0.913749791,0.156959434,0.639758834,0.036797544,0.262533158,0.700746572,0.276470317,0.175579906,0.120301658,0.214766545,0.664925765,-0.254800638,4.610786789,,,,
539.png,Canny,512,512,FALSE,,0.9,68485,61669,2283,29.03140559,5.414213562,83.0509668,66278.69897,4261,0.064289132,6.42891316,3.444545586,0.992070556,0.98491949,0.261249542,0.264474352,498,319,817,0.415465802,0.071072986,0.607533947,0.021518105,0.38282961,0.008351035,1,0.700746572,0.420941628,0.259479379,0.191222977,0.321053204,0.956062251,-0.017671595,3.625255138,,,,
540.png,SLoG,512,512,FALSE,,0.35,122637,61887,1014,78.61015448,1,19.58406204,79710.69664,3388,0.042503706,4.250370581,1.272100286,0.989367723,0.979527203,0.467823029,0.466501677,1342,1634,2976,0.371389925,0.032446233,0.834319527,0.016110007,0.648915187,0.006188699,0.528745353,0.771271837,0.406868817,0.458746609,0.27490296,0.431253152,1.001288008,-0.002631631,3.93280589,,,,
540.png,LoG,512,512,FALSE,,0.201172352,90231,58620,5018,15.09909531,2,12.24264069,75767.26028,10286,0.135757845,13.57578453,6.622913355,0.975810289,0.95332651,0.344203949,0.369693848,623,1191,1814,0.329866171,0.233998635,0.87883619,0.090156943,0.563571144,0.016751962,0.308858752,0.771271837,0.277841965,0.24825918,0.150892907,0.262218849,0.666569005,-0.249252857,4.786275145,,,,
540.png,Canny,512,512,FALSE,,0.9,70514,65054,1911,36.11079282,6.242640687,91.28427125,69007.72509,3586,0.051965197,5.196519658,2.769255178,0.993274808,0.986980047,0.268989563,0.266412064,384,161,545,0.376604527,0.059350693,0.590266876,0.015310358,0.339089482,0.005810557,1,0.771271837,0.397626533,0.256032144,0.184478622,0.311493375,0.953950617,-0.013377059,3.959005811,,,,
542.png,SLoG,512,512,FALSE,,0.35,142735,66462,310,305.766777,1,6.041421356,94787.70088,1682,0.017744918,1.774491822,0.32704665,0.990302742,0.981222353,0.544490814,0.539715471,1335,2179,3514,0.366505414,0.010712889,0.951612903,0.005476814,0.748387097,0.001880774,0.524609566,0.787223804,0.402959216,0.543161867,0.300958928,0.462672451,0.99464028,-0.008138527,4.577337169,,,,
542.png,LoG,512,512,FALSE,,0.224609524,78829,51727,4837,13.61453393,2,10,65853.50062,9465,0.143728122,14.37281224,7.345091688,0.96636188,0.935855549,0.300708771,0.325959909,525,977,1502,0.304370493,0.262996114,0.89828406,0.101281729,0.575770105,0.019119609,0.34908694,0.787223804,0.226189409,0.18413645,0.112971006,0.203007994,0.581479829,-0.305607522,6.063504744,,,,
542.png,Canny,512,512,FALSE,,0.9,72934,67949,1628,44.13164059,8.414213562,112.9943218,71846.31087,3143,0.043746157,4.374615707,2.265947938,0.994907975,0.990021928,0.27822113,0.277361263,329,99,428,0.364253849,0.046476033,0.534398034,0.011655801,0.30036855,0.003841116,1,0.787223804,0.378730641,0.26234909,0.183415089,0.309975918,0.945326529,-0.016481469,4.698113493,,,,
543.png,SLoG,512,512,FALSE,,0.35,92539,54836,5049,12.23037169,2,21.3137085,61751.14665,8583,0.13899337,13.89933704,8.176366389,0.98308593,0.967630754,0.35300827,0.35935493,850,810,1660,0.374681294,0.209953315,0.815012874,0.082883507,0.561893444,0.026788971,0.520525634,0.659531784,0.365189337,0.313133122,0.202764264,0.337163766,0.979262322,-0.022652713,4.238366677,,,,
543.png,LoG,512,512,FALSE,,0.166016415,46764,30674,4116,9.206838371,1,7.414213562,37895.34674,6790,0.179177672,17.91776718,10.86149186,0.949109972,0.907315642,0.178390503,0.194050578,346,550,896,0.304237068,0.341364022,0.926141885,0.158961987,0.671768707,0.037132425,0.265266955,0.659531784,0.225591541,0.104453997,0.076885328,0.142792042,0.641760326,-0.245351063,5.62367717,,,,
543.png,Canny,512,512,FALSE,,0.9,63918,56852,2545,24.09863603,3.414213562,61.59898987,61331.02869,4555,0.074269095,7.426909506,4.149612446,0.988135874,0.977239147,0.24382782,0.241726025,468,408,876,0.413687915,0.087015408,0.658939096,0.029462464,0.435756385,0.011732217,1,0.659531784,0.407932647,0.235287679,0.175392398,0.298440586,0.95801236,-0.012435799,3.876904073,,,,
545.png,SLoG,512,512,FALSE,,0.35,103445,61295,4021,18.37096037,1.414213562,27.3137085,73869.63164,7882,0.106701493,10.67014932,5.443373564,0.987870157,0.976409169,0.394611359,0.398995806,1185,1303,2488,0.368571639,0.139195693,0.802039294,0.059858063,0.575976125,0.019838486,0.508194029,0.689914763,0.394679537,0.377567679,0.239106719,0.385934021,0.99061434,-0.010531015,3.861566841,,,,
545.png,LoG,512,512,FALSE,,0.169922486,41688,27520,4092,8.037994891,1,7,32891.47509,6544,0.198957328,19.8957328,12.44091361,0.938426614,0.88880814,0.1590271,0.173344584,354,480,834,0.314673573,0.364607558,0.934261975,0.180704942,0.69916911,0.044694767,0.269991219,0.689914763,0.279676129,0.116237844,0.089456524,0.164222293,0.722480139,-0.179925916,4.518223975,,,,
545.png,Canny,512,512,FALSE,,0.9,65221,58535,2482,25.1832676,4.414213562,61.35340546,62504.87018,4472,0.071546425,7.15464249,3.970890577,0.990193903,0.981310327,0.24879837,0.246370031,433,312,745,0.390718788,0.083949774,0.638195004,0.026548219,0.408138598,0.010062356,1,0.689914763,0.410579858,0.242531073,0.179896145,0.304935559,0.988455442,-0.005518453,3.732848464,,,,
549.png,SLoG,512,512,FALSE,,0.35,116259,58997,1607,46.02546388,1,34.76223664,73962.92045,4262,0.057623468,5.762346827,2.172710312,0.98851639,0.977880231,0.443492889,0.442684328,1332,1343,2675,0.382756442,0.055596047,0.817672682,0.025628422,0.610454263,0.009220808,0.5322541,0.74689678,0.40342266,0.426818064,0.261663075,0.414790732,0.98919991,-0.010757559,4.06255388,,,,
549.png,LoG,512,512,FALSE,,0.169922024,89530,57934,5542,13.10223984,2,12.07106781,72612.61317,11059,0.152301364,15.23013636,7.63228282,0.976481855,0.954465426,0.341529846,0.364690889,622,1169,1791,0.345996052,0.261055684,0.878924576,0.101184106,0.570191267,0.019694825,0.259286582,0.74689678,0.28705486,0.250194739,0.154308099,0.267360333,0.661994494,-0.252876023,4.863451239,,,,
549.png,Canny,512,512,FALSE,,0.9,70539,64641,1896,36.26715515,6.828427125,103.0121933,68762.52617,3532,0.051365187,5.136518678,2.757315802,0.993742347,0.987825065,0.26908493,0.267195955,401,180,581,0.390772074,0.054129732,0.562763713,0.015284417,0.34335443,0.006048793,1,0.74689678,0.39947454,0.255098168,0.184387948,0.311364107,0.936521793,-0.0202694,4.026021958,,,,
55.png,SLoG,512,512,FALSE,,0.35,77513,48219,6925,7.402297057,2,13.82842712,51260.90712,11096,0.216461249,21.64612494,13.50932004,0.976814091,0.955453245,0.295688629,0.305174784,618,512,1130,0.433413327,0.351479707,0.851119134,0.134262428,0.570108303,0.039984239,0.51578486,0.5324283,0.345812001,0.242919756,0.166435588,0.285374675,0.949651282,-0.0499822,4.512542875,,,,
55.png,LoG,512,512,FALSE,,0.17773667,34793,22965,3939,7.100771191,1,6.828427125,27969.93772,6151,0.219914683,21.99146834,14.08297737,0.927520156,0.868800348,0.132724762,0.144385651,214,305,519,0.372054309,0.422991509,0.935262757,0.20683649,0.68697639,0.048726323,0.29067716,0.5324283,0.211317597,0.070231804,0.055645897,0.105425308,0.630815014,-0.262656633,6.289765522,,,,
55.png,Canny,512,512,FALSE,,0.9,63461,54431,2962,20.21275204,3.414213562,52.44873734,59870.17155,5337,0.089142888,8.914288805,4.947371827,0.986533403,0.974022156,0.242084503,0.240089996,621,508,1129,0.48759979,0.112141978,0.681971641,0.034190076,0.424037812,0.014072863,1,0.5324283,0.422011662,0.233223681,0.176761766,0.300420648,0.934406576,-0.018263231,3.836693851,,,,
550.png,SLoG,512,512,FALSE,,0.35,78935,53188,7323,7.963568358,1.414213562,11.82842712,58317.21109,12019,0.206096961,20.60969614,12.55718486,0.97875458,0.959126119,0.301113129,0.31953187,627,860,1487,0.383921236,0.339211852,0.881469343,0.138828307,0.60630889,0.039087764,0.505220771,0.50924567,0.294179491,0.235321945,0.150403472,0.261479517,0.960088694,-0.034524691,5.494469476,,,,
550.png,LoG,512,512,FALSE,,0.169922039,31530,19815,2415,10.88948834,1,6.414213562,26298.11434,3842,0.146094125,14.60941248,9.18316792,0.939515531,0.894928085,0.120277405,0.132347075,260,391,651,0.277297795,0.280999243,0.934161491,0.155538733,0.738716356,0.038808983,0.290545195,0.50924567,0.121140972,0.040136662,0.03108513,0.060295952,0.509337217,-0.295724586,8.261896625,,,,
550.png,Canny,512,512,FALSE,,0.9,55315,46704,2850,18.02668719,3.414213562,46.42619767,51376.05849,4643,0.090372834,9.037283389,5.547330963,0.979412913,0.960859884,0.211009979,0.210095784,534,354,888,0.4798536,0.116756595,0.673684211,0.037898253,0.439298246,0.018028434,1,0.50924567,0.392089063,0.20622339,0.156260953,0.270286655,1.036561854,0.009263534,4.499597271,,,,
558.png,SLoG,512,512,FALSE,,0.35,95123,59234,5689,11.97042013,2,18.48528137,68099.7201,10358,0.152100478,15.21004783,8.353925672,0.986570239,0.973849478,0.362865448,0.371712728,926,1068,1994,0.389689326,0.229648513,0.830550185,0.086808252,0.548954122,0.025947935,0.500081539,0.606693089,0.371486757,0.328654901,0.211211474,0.348760689,0.975110752,-0.024151449,4.09951108,,,,
558.png,LoG,512,512,FALSE,,0.162109524,31770,20628,2935,8.713492649,1,6,25574.10093,4683,0.183114942,18.31149417,11.47645428,0.931161523,0.877835951,0.121192932,0.132678667,277,407,684,0.320762813,0.342786504,0.945826235,0.179222416,0.727768313,0.044405662,0.266043991,0.606693089,0.21538898,0.068016444,0.054510498,0.103385407,0.677103627,-0.211654697,5.698471646,,,,
558.png,Canny,512,512,FALSE,,0.9,61183,53476,2828,20.45952707,3.828427125,50.43624817,57859.54255,5044,0.087176631,8.717663117,4.887698512,0.986003041,0.973333832,0.233394623,0.230548213,479,407,886,0.432975113,0.109058269,0.669377652,0.033772159,0.41407355,0.012715985,1,0.606693089,0.419555556,0.230218692,0.17460629,0.297301814,1.011813979,4.15E-05,3.684366288,,,,
560.png,SLoG,512,512,FALSE,,0.35,138637,65066,424,211.3370302,1,6.704163056,89606.90082,1882,0.021002847,2.100284669,0.473177842,0.98939538,0.979651431,0.528858185,0.525216853,1217,2044,3261,0.328839988,0.015261427,0.933962264,0.006608674,0.679245283,0.002597363,0.522749007,0.812633967,0.388790631,0.525974866,0.287909806,0.447096224,0.997322832,-0.006103198,4.661141103,,,,
560.png,LoG,512,512,FALSE,,0.240238145,78793,51625,4252,15.5830379,2,11,66259.07717,8335,0.125794085,12.57940852,6.417233957,0.96953994,0.941772397,0.300571442,0.327268847,534,975,1509,0.257616699,0.227932203,0.888758231,0.089317191,0.577610536,0.017162228,0.374418914,0.812633967,0.20759976,0.175001617,0.104918647,0.189911986,0.569257082,-0.307739485,6.235827904,,,,
560.png,Canny,512,512,FALSE,,0.9,72416,68336,1591,44.98429467,7.414213562,129.4264069,71570.01282,2972,0.041525772,4.152577152,2.222998065,0.994834363,0.989873566,0.276245117,0.275830903,247,91,338,0.326053798,0.042744673,0.545568825,0.0120727,0.323067253,0.004126668,1,0.812633967,0.36099818,0.256482939,0.176398206,0.299895401,0.921775928,-0.025220696,4.860471331,,,,
564.png,SLoG,512,512,FALSE,,0.35,115210,58762,1697,43.01888034,1,30.89949494,73003.03993,4364,0.059778333,5.977833257,2.324560733,0.987900317,0.976855791,0.439491272,0.439021736,1237,1314,2551,0.379799098,0.060753548,0.812610489,0.027262517,0.60047142,0.009461897,0.530133128,0.754599679,0.396116523,0.422109583,0.256834181,0.408700185,0.992982549,-0.010521339,4.178776449,,,,
564.png,LoG,512,512,FALSE,,0.154297724,88719,57597,5381,13.59654605,2,11.24264069,73163.01432,10694,0.14616675,14.61667497,7.354809052,0.976075172,0.953764953,0.338436127,0.362086427,593,1077,1670,0.346073121,0.26206226,0.883850585,0.095491085,0.556959673,0.019393371,0.235002413,0.754599679,0.287684057,0.25283912,0.155493919,0.269138446,0.678501247,-0.234919388,4.885374137,,,,
564.png,Canny,512,512,FALSE,,0.9,70673,64860,1897,36.3750358,6.242640687,94.72203461,69003.44291,3559,0.051577137,5.157713659,2.749138188,0.993563056,0.987496146,0.2695961,0.267210425,375,195,570,0.386214733,0.054609929,0.57459146,0.015726179,0.353716394,0.006059204,1,0.754599679,0.38943791,0.252585174,0.180934433,0.306425874,0.941066798,-0.02230323,4.214344809,,,,
566.png,SLoG,512,512,FALSE,,0.35,141756,60736,349,241.8609028,1,6.497056275,84409.45508,1738,0.02059011,2.059011041,0.41346079,0.987157524,0.977048209,0.540756226,0.517718001,1337,1903,3240,0.390024483,0.012299131,0.931232092,0.00658588,0.742120344,0.002370917,0.52363956,0.772228158,0.408047564,0.523765339,0.297623773,0.458721209,0.995140072,-0.004084446,4.315509319,,,,
566.png,LoG,512,512,FALSE,,0.193359524,92369,57591,4240,18.22276834,2,12.25979797,77264.53777,9128,0.118139579,11.81395795,5.487640414,0.977852464,0.957059263,0.352359772,0.385860081,532,1118,1650,0.335836947,0.199649251,0.878773585,0.077911479,0.56509434,0.014516157,0.306333482,0.772228158,0.244112422,0.233535244,0.13552923,0.238706721,0.57700154,-0.318951058,5.525916083,,,,
566.png,Canny,512,512,FALSE,,0.9,71064,66180,1612,43.40658015,9.121320344,117.1865007,69971.40719,3123,0.044632517,4.46325167,2.303798172,0.994099438,0.988349955,0.271087646,0.276894483,331,107,438,0.382229179,0.043124811,0.518610422,0.011559383,0.302729529,0.004185555,1,0.772228158,0.386313935,0.265208461,0.186595465,0.31450561,0.930121397,-0.021515899,4.461220381,,,,
574.png,SLoG,512,512,FALSE,,0.35,98096,56469,3882,16.72131372,2,29.14213562,64912.13987,7063,0.108808614,10.88086144,5.980391353,0.985523045,0.97242735,0.374206543,0.378215066,914,875,1789,0.351962805,0.146292656,0.776919114,0.058421435,0.544307058,0.020028688,0.523304522,0.727490461,0.377491492,0.347307215,0.220830425,0.361770841,0.989203726,-0.014027921,4.309692862,,,,
574.png,LoG,512,512,FALSE,,0.169923007,50969,33973,4433,9.137008084,1.414213562,9.414213562,40504.35684,7421,0.183214858,18.32148583,10.94450164,0.951284826,0.910576046,0.194431305,0.211844398,345,575,920,0.287599564,0.328437288,0.904353711,0.151267183,0.647868261,0.034556854,0.266452223,0.727490461,0.251306835,0.129505764,0.093450403,0.170927557,0.678121831,-0.218042127,5.33636534,,,,
574.png,Canny,512,512,FALSE,,0.9,65291,59287,2409,26.08621762,4.414213562,68.54802307,62841.69825,4251,0.067646167,6.764616677,3.833441914,0.990065277,0.981024508,0.249065399,0.246754115,369,298,667,0.375990212,0.081569315,0.641760066,0.02405249,0.400581154,0.010221465,1,0.727490461,0.400243865,0.240246407,0.176651294,0.30026108,0.960736004,-0.013073677,4.110996659,,,,
576.png,SLoG,512,512,FALSE,,0.35,82559,51863,6215,9.08831634,1.414213562,15.24264069,56483.88605,10027,0.177519656,17.75196556,11.00313812,0.979233742,0.960260687,0.314937592,0.325553098,711,698,1409,0.372656673,0.285328654,0.847144006,0.113529877,0.584392599,0.035131018,0.5154863,0.611469793,0.33493456,0.263348179,0.172923256,0.294858603,0.968707158,-0.028951129,4.620313216,,,,
576.png,LoG,512,512,FALSE,,0.173828289,37107,24076,3282,9.077072519,1,7,29790.95201,5319,0.178544143,17.85441432,11.01676777,0.939670205,0.890845655,0.141551971,0.154779576,259,440,699,0.288600564,0.340837348,0.935709933,0.170044858,0.701401584,0.038918425,0.285068125,0.611469793,0.174627188,0.065279082,0.049886936,0.095032969,0.582785864,-0.270143504,6.587165428,,,,
576.png,Canny,512,512,FALSE,,0.9,61238,53619,2769,20.9417222,4.414213562,55.74213562,57987.62877,4976,0.085811407,8.581140678,4.775156458,0.985536814,0.972099442,0.233604431,0.230990203,490,421,911,0.426864624,0.105578247,0.650415312,0.032395233,0.404839292,0.012103918,1,0.611469793,0.399967416,0.223134487,0.167173597,0.28645884,0.959433307,-0.012704504,4.022533835,,,,
58.png,SLoG,512,512,FALSE,,0.35,109956,59476,3015,23.93118512,1,33.55634919,72152.52312,6497,0.090045361,9.004536112,4.178648049,0.987381458,0.975687672,0.419448853,0.422652716,1306,1214,2520,0.39989078,0.101738516,0.789386401,0.047060999,0.595356551,0.016208218,0.517879426,0.69240737,0.405299932,0.403605531,0.25348701,0.404450957,0.984289239,-0.018527265,3.841914775,,,,
58.png,LoG,512,512,FALSE,,0.154297024,63752,42367,6604,7.361611526,1.414213562,8.414213562,48616.08252,11141,0.229162849,22.91628495,13.58398221,0.955555022,0.916420799,0.24319458,0.262081088,465,696,1161,0.356714159,0.405221045,0.914294367,0.177567446,0.635675348,0.038874596,0.236885399,0.69240737,0.296843711,0.183299149,0.127806327,0.226645876,0.693911718,-0.222925785,4.451257045,,,,
58.png,Canny,512,512,FALSE,,0.9,69405,63121,2252,29.90907498,5,71.57888886,67355.23685,4215,0.062578653,6.257865308,3.343466827,0.992443085,0.985519875,0.264759064,0.262672542,476,285,761,0.415909171,0.069343008,0.606127886,0.02032604,0.373001776,0.007905451,1,0.69240737,0.414943549,0.256803305,0.188537051,0.317259022,0.958621321,-0.013243006,3.765255544,,,,
588.png,SLoG,512,512,FALSE,,0.35,142033,64547,283,326.3475895,1,6.414213562,92356.36784,1562,0.016912748,1.691274827,0.306421752,0.989209414,0.979162471,0.541812897,0.537930746,1391,2172,3563,0.377225876,0.009558926,0.946996466,0.005546346,0.787985866,0.00179714,0.520762324,0.778528166,0.405709047,0.539698617,0.301413036,0.463208878,0.985683345,-0.013972877,4.542150897,,,,
588.png,LoG,512,512,FALSE,,0.224609658,73681,47479,4683,12.62446787,2,9.745584412,59120.38302,8919,0.150861675,15.08616749,7.921125948,0.962383389,0.928726384,0.281070709,0.305757215,383,764,1147,0.309591115,0.276206323,0.902626521,0.106131132,0.578902413,0.02070389,0.350906521,0.778528166,0.200267917,0.151425264,0.094364292,0.172454991,0.52605336,-0.347624935,6.223508227,,,,
588.png,Canny,512,512,FALSE,,0.9,73622,68695,1517,47.90307557,9.242640687,131.227417,72668.96564,3031,0.04170969,4.17096896,2.087548635,0.995618284,0.991323968,0.280845642,0.280325162,336,122,458,0.373240918,0.039901012,0.515491101,0.010364655,0.293342123,0.003420919,1,0.778528166,0.378041508,0.262066685,0.183115476,0.309547935,0.923980434,-0.025220869,4.75513439,,,,
589.png,SLoG,512,512,FALSE,,0.35,145765,66155,265,359.9850067,1,5.414213562,95396.02679,1387,0.01453939,1.45393896,0.277789347,0.989252508,0.979351523,0.556049347,0.550356448,1302,2204,3506,0.341377616,0.008570781,0.947169811,0.004640617,0.773584906,0.001874386,0.52237457,0.803676641,0.403286585,0.554658113,0.304642261,0.467012713,0.995299094,-0.007462261,4.341227714,,,,
589.png,LoG,512,512,FALSE,,0.220703259,75121,49128,4473,13.81879942,2,9.828427125,61811.4898,8513,0.137725203,13.77252033,7.236518671,0.964633226,0.933683439,0.286563873,0.312119248,472,920,1392,0.272921681,0.252524019,0.901408451,0.099841231,0.590655041,0.019947891,0.344136477,0.803676641,0.20685082,0.161341219,0.099676588,0.18128346,0.553385183,-0.324191491,5.909192813,,,,
589.png,Canny,512,512,FALSE,,0.9,72914,68864,1518,47.49698418,8.414213562,125.5499567,72100.42199,2882,0.039972027,3.99720268,2.105396831,0.99518615,0.990473978,0.278144836,0.277427717,207,82,289,0.337513775,0.043970725,0.532938076,0.010150441,0.281291173,0.003252788,1,0.803676641,0.370333529,0.256749979,0.178727552,0.303255068,0.910978359,-0.02657057,4.567896467,,,,
593.png,SLoG,512,512,FALSE,,0.35,139880,62631,774,112.7799951,1,8.948528137,87291.71619,3273,0.037494967,3.74949668,0.886682075,0.984743953,0.971835034,0.533599854,0.523736402,1444,2205,3649,0.399259388,0.026057384,0.913436693,0.013348023,0.715762274,0.005013492,0.53179723,0.719146895,0.405210533,0.50604951,0.290364754,0.450050659,0.97560613,-0.029005336,4.511501247,,,,
593.png,LoG,512,512,FALSE,,0.251953393,48644,32306,3557,10.96830421,2,8.414213562,39014.25806,6438,0.165016594,16.50165944,9.117179658,0.949885488,0.905961741,0.185562134,0.202914213,266,526,792,0.249133974,0.306785117,0.915096992,0.12985204,0.618217599,0.022163066,0.399299622,0.719146895,0.106459109,0.051510388,0.035962377,0.06942796,0.515484733,-0.389014115,7.87009313,,,,
593.png,Canny,512,512,FALSE,,0.9,73482,68598,1751,41.25742502,6.414213562,115.3137085,72241.75121,3305,0.045749168,4.574916783,2.423806138,0.99444592,0.989154203,0.280311584,0.284210922,311,146,457,0.391462207,0.05237762,0.587664192,0.014271553,0.34608795,0.00472317,1,0.719146895,0.391296688,0.265183475,0.187737736,0.316126583,0.868002399,-0.036356671,4.563866507,,,,
594.png,SLoG,512,512,FALSE,,0.35,149376,63146,247,368.9818288,1,6,91138.51171,1392,0.015273455,1.527345547,0.271016056,0.987695158,0.977148196,0.569824219,0.548498802,1242,2111,3353,0.359511763,0.008060685,0.931174089,0.004370823,0.761133603,0.001821176,0.516640067,0.793262124,0.41335823,0.55630967,0.310870929,0.474296778,0.987160003,-0.014940557,4.375178778,,,,
594.png,LoG,512,512,FALSE,,0.228515774,73280,47391,4433,13.31510696,2,10.41421356,59025.86917,8443,0.143038978,14.3038978,7.510266367,0.965615809,0.934713342,0.279541016,0.306754028,367,834,1201,0.270228207,0.261209934,0.893525829,0.100483214,0.576359125,0.019518474,0.360961944,0.793262124,0.183492515,0.138109313,0.085539871,0.157598764,0.499911471,-0.370719333,6.428946044,,,,
594.png,Canny,512,512,FALSE,,0.9,71204,67496,1362,51.77962718,9.414213562,160.8232539,70523.85222,2566,0.036384853,3.638485306,1.931261491,0.993747771,0.987643712,0.271621704,0.276322914,190,57,247,0.346864641,0.039409743,0.513950073,0.009378334,0.28267254,0.003066848,1,0.793262124,0.375683558,0.254714358,0.178961917,0.303592362,0.870032106,-0.036716345,4.627910144,,,,
595.png,SLoG,512,512,FALSE,,0.35,122621,61526,899,88.54573234,1,15.27695526,79602.61338,3212,0.040350434,4.035043403,1.129359906,0.989061534,0.978984494,0.467761993,0.467192448,1307,1617,2924,0.360625297,0.032766635,0.860956618,0.013929071,0.627363737,0.005298573,0.522697926,0.782256722,0.40032274,0.458945291,0.271968719,0.427634288,1.007244635,-0.000366345,4.165825006,,,,
595.png,LoG,512,512,FALSE,,0.185547739,86552,56077,4667,15.53692571,2,10.89705627,72510.83229,9248,0.127539565,12.75395649,6.436279729,0.972412944,0.947197603,0.330169678,0.357687346,536,1107,1643,0.30071184,0.22795442,0.889436469,0.08811099,0.579387187,0.018438932,0.286756724,0.782256722,0.24912178,0.21866039,0.131797401,0.232899281,0.622204666,-0.273794452,5.238866147,,,,
595.png,Canny,512,512,FALSE,,0.9,71650,66998,1845,38.10603874,7.242640687,106.7303607,70305.64147,3468,0.049327478,4.932747825,2.624255979,0.994231164,0.988581749,0.273323059,0.272474828,284,112,396,0.360153675,0.052538882,0.550677507,0.014104899,0.317615176,0.004552375,1,0.782256722,0.376881101,0.251991326,0.177880639,0.302035084,0.907384935,-0.029513052,4.305023546,,,,
596.png,SLoG,512,512,FALSE,,0.35,138387,61571,297,288.4071327,1,6.579898987,85656.91842,1849,0.021586114,2.158611393,0.346732063,0.99006027,0.980883858,0.52790451,0.520073635,1384,1980,3364,0.390011221,0.011433954,0.936026936,0.005099803,0.686868687,0.00172159,0.510961235,0.761779916,0.394596164,0.508340951,0.285598403,0.444304228,0.973066101,-0.031587869,4.761759281,,,,
596.png,LoG,512,512,FALSE,,0.208984509,58628,38222,4655,9.842219304,2,9.414213562,45815.53086,8242,0.179895329,17.98953291,10.16031008,0.951049149,0.908220397,0.223648071,0.24508957,279,534,813,0.306326061,0.340510701,0.906337272,0.129768196,0.578947368,0.026503061,0.332062006,0.761779916,0.165739901,0.100621157,0.066792156,0.125220561,0.49071489,-0.363384498,7.102821381,,,,
596.png,Canny,512,512,FALSE,,0.9,73240,68265,1523,47.36185671,9.656854249,136.535238,72132.10777,2980,0.041313086,4.131308639,2.111403711,0.99545157,0.990990991,0.279388428,0.281077024,324,86,410,0.384106874,0.040738299,0.50558109,0.010136966,0.285620486,0.003559657,1,0.761779916,0.380059377,0.264614841,0.184834501,0.312000539,0.911254707,-0.025713965,4.860464467,,,,
597.png,SLoG,512,512,FALSE,,0.35,137000,62216,332,256.4765246,1,6,85150.20616,1834,0.021538409,2.153840939,0.389899232,0.989705205,0.980214093,0.522613525,0.520608573,1301,1977,3278,0.338327885,0.010624277,0.930722892,0.005738074,0.759036145,0.00253954,0.509845197,0.804802179,0.388543374,0.504428287,0.281202387,0.43896638,0.975694928,-0.028923947,4.952363762,,,,
597.png,LoG,512,512,FALSE,,0.240234643,54675,36276,3891,11.32859785,2,9.414213562,44079.57422,6865,0.155741069,15.57410688,8.82721775,0.951731145,0.910795016,0.208568573,0.228415694,281,556,837,0.235675082,0.29964715,0.904908764,0.118976734,0.596761758,0.023955232,0.381423026,0.804802179,0.130652162,0.074420254,0.049773251,0.09482667,0.477415473,-0.365610291,8.046721545,,,,
597.png,Canny,512,512,FALSE,,0.9,73597,69770,1466,49.763536,9.828427125,143.7487373,72953.34378,2805,0.038449231,3.844923145,2.009503505,0.99537766,0.990798337,0.280750275,0.280814554,210,63,273,0.334056586,0.037508958,0.501364256,0.009817973,0.281718963,0.00300989,1,0.804802179,0.367352411,0.257247473,0.178269356,0.302595251,0.891963372,-0.031498127,5.050250923,,,,
598.png,SLoG,512,512,FALSE,,0.35,120152,60654,1155,67.85211355,1,22.28528137,78369.19116,3756,0.047926997,4.792699714,1.473793442,0.988838315,0.97836911,0.458343506,0.45789566,1416,1561,2977,0.390508741,0.040953606,0.828571429,0.017558611,0.599134199,0.006462888,0.525757253,0.7464252,0.408900681,0.450063224,0.272665921,0.428495674,1.002694217,-0.002249519,4.039243811,,,,
598.png,LoG,512,512,FALSE,,0.177735895,89931,57639,5264,14.00857045,2,12,73741.11483,10517,0.142620572,14.26205723,7.138487142,0.97476536,0.951213588,0.34305954,0.367946427,593,1092,1685,0.344296694,0.25212096,0.878419453,0.095178612,0.561930091,0.018372977,0.272948921,0.7464252,0.281248582,0.248750577,0.152075881,0.264003238,0.650404631,-0.260257754,4.858590783,,,,
598.png,Canny,512,512,FALSE,,0.9,71116,65682,1836,37.90606437,7.414213562,104.4705627,69595.53418,3489,0.050132527,5.013252705,2.638100306,0.994389653,0.989022868,0.271286011,0.269438553,374,163,537,0.393926114,0.050439999,0.550653595,0.014463628,0.336601307,0.005328705,1,0.7464252,0.395075693,0.2558758,0.183846964,0.310592449,0.941383161,-0.020346763,4.099102386,,,,
602.png,SLoG,512,512,FALSE,,0.35,145874,65853,264,356.3350565,1,6.169848481,94072.45493,1435,0.0152542,1.525419955,0.280634751,0.989757478,0.980350174,0.556465149,0.54985467,1150,2134,3284,0.342129678,0.008382306,0.943181818,0.004616342,0.765151515,0.00179187,0.509633064,0.823354125,0.396352347,0.552465099,0.300023096,0.461565794,0.985277821,-0.016220653,4.622310283,,,,
602.png,LoG,512,512,FALSE,,0.2441407,62884,41715,3563,15.02294586,2,10.24264069,53526.75611,6794,0.126927176,12.69271761,6.656484082,0.962040007,0.928946422,0.239883423,0.263166725,374,734,1108,0.259370089,0.239841784,0.893348302,0.091765552,0.580409767,0.01814695,0.38664788,0.823354125,0.170228703,0.113563629,0.073098955,0.136238983,0.51501387,-0.328708233,6.7843957,,,,
602.png,Canny,512,512,FALSE,,0.9,73880,69745,1524,47.91807543,9.414213562,130.9901587,73027.14695,2879,0.039423695,3.942369544,2.086895167,0.995203972,0.99050828,0.281829834,0.281755535,214,64,278,0.337725937,0.039687433,0.505249344,0.010452362,0.286089239,0.003283389,1,0.823354125,0.36308558,0.259332504,0.178245968,0.302561558,0.908706041,-0.030306005,4.851524562,,,,
603.png,SLoG,512,512,FALSE,,0.35,148019,66932,209,472.928993,1,9.53137085,98842.15954,1296,0.013111814,1.311181389,0.211448233,0.989504278,0.979695811,0.564647675,0.55970532,1291,2295,3586,0.37408635,0.007096755,0.899521531,0.003316799,0.679425837,0.00112054,0.515987396,0.773735774,0.404619843,0.559240194,0.306786477,0.469528086,0.982052609,-0.01770687,4.916176908,,,,
603.png,LoG,512,512,FALSE,,0.220703527,66493,43095,4591,11.5585036,2,9,53065.09002,8466,0.159539916,15.95399159,8.651638956,0.956781507,0.918273582,0.253650665,0.275902324,391,740,1131,0.291518807,0.303515489,0.91221956,0.117531036,0.592681333,0.022902889,0.348105192,0.773735774,0.191323138,0.130351076,0.084045272,0.155058602,0.520099616,-0.345743222,7.032975967,,,,
603.png,Canny,512,512,FALSE,,0.9,73977,69260,1431,51.1235614,9.828427125,140.8406204,73157.81636,2875,0.039298603,3.929860325,1.956045261,0.995697379,0.991452498,0.28219986,0.282418815,340,85,425,0.370450705,0.037467514,0.501048218,0.009774762,0.28371768,0.003003176,1,0.773735774,0.379530256,0.264686503,0.184744179,0.31187185,0.930586794,-0.022060332,5.076135381,,,,
608.png,SLoG,512,512,FALSE,,0.35,98143,55410,3718,17.27405212,2,30.84974747,64224.9258,6863,0.106858823,10.68588233,5.789029654,0.984371066,0.970276123,0.374385834,0.377496107,967,860,1827,0.369380325,0.140191301,0.777837547,0.058256632,0.548682087,0.019454972,0.522093534,0.711640096,0.380627965,0.346220009,0.221455781,0.362609575,0.995479532,-0.012092784,4.092053738,,,,
608.png,LoG,512,512,FALSE,,0.181640953,53282,35790,4858,8.732428944,1,9.879898987,42422.13981,8157,0.192281673,19.22816727,11.45156756,0.953227162,0.913299804,0.2032547,0.220855617,379,578,957,0.319238454,0.339256776,0.899958831,0.157055043,0.651090984,0.035959765,0.280673802,0.711640096,0.275425331,0.146572104,0.105782844,0.191326614,0.720242566,-0.199276667,4.846911729,,,,
608.png,Canny,512,512,FALSE,,0.9,66438,60527,2288,28.01100329,4.414213562,69.17888886,64089.17552,4192,0.065408861,6.540886142,3.570025642,0.990830541,0.982107159,0.253440857,0.251115759,360,248,608,0.389393061,0.077601731,0.633741259,0.022931915,0.383741259,0.007913824,1,0.711640096,0.397137062,0.240299784,0.176072118,0.299424016,0.935615708,-0.022275728,4.00316769,,,,
612.png,SLoG,512,512,FALSE,,0.35,128263,62067,735,114.4028608,1,7.6627417,84086.10269,2641,0.031408282,3.140828169,0.874104015,0.988882959,0.978668213,0.489284515,0.487105885,1461,1837,3298,0.389527231,0.02503746,0.917006803,0.013179306,0.730612245,0.005075161,0.534425259,0.75252949,0.416380028,0.48600807,0.289081576,0.448507807,0.999106646,-0.003165466,3.934662715,,,,
612.png,LoG,512,512,FALSE,,0.193360925,96474,60645,4887,16.11111187,2,12.09705627,78735.00371,10204,0.129599283,12.95992826,6.206896259,0.978893578,0.958990848,0.368019104,0.393725923,568,1206,1774,0.349420369,0.221749526,0.87354205,0.08350235,0.55350931,0.015796851,0.297748327,0.75252949,0.279002886,0.263228506,0.1566619,0.270886245,0.630740779,-0.281441658,4.846828987,,,,
612.png,Canny,512,512,FALSE,,0.9,71818,66589,1697,41.55377279,7.828427125,109.2097546,70516.75243,3286,0.046598856,4.659885611,2.406520354,0.994421005,0.989202421,0.273963928,0.27319144,347,141,488,0.389286995,0.046749463,0.5391868,0.012734836,0.316440778,0.004550301,1,0.75252949,0.393750765,0.257761892,0.184528161,0.311563992,0.924694398,-0.024804503,4.070420134,,,,
618.png,SLoG,512,512,FALSE,,0.35,128864,61380,670,123.7990424,1,7.024264069,82945.3584,2656,0.032021081,3.202108052,0.807760691,0.989100695,0.979097426,0.491577148,0.48743948,1471,1870,3341,0.394922137,0.022499185,0.926865672,0.012675138,0.749253731,0.004545455,0.530971646,0.751831841,0.416401021,0.488730221,0.290052669,0.449675701,1.001599037,-0.002986871,3.98093172,,,,
618.png,LoG,512,512,FALSE,,0.181640774,95486,59656,4676,16.64516999,2,12.65685425,77832.8149,9987,0.128313489,12.83134885,6.007748796,0.978459835,0.95799249,0.364250183,0.393262803,597,1184,1781,0.349965483,0.215250771,0.874679213,0.081316213,0.551753636,0.014885343,0.281079561,0.751831841,0.272809568,0.258332577,0.152986144,0.265373778,0.618019088,-0.294031844,4.924331376,,,,
618.png,Canny,512,512,FALSE,,0.9,71392,66224,1721,40.63611879,8.414213562,113.3553391,69934.76044,3308,0.047301227,4.73012273,2.460864939,0.994458199,0.98920331,0.272338867,0.273738922,354,125,479,0.392638087,0.046191713,0.524113887,0.012246316,0.305636258,0.004635782,1,0.751831841,0.394054377,0.259734366,0.185604232,0.313096439,0.936755132,-0.024327774,4.089207422,,,,
621.png,SLoG,512,512,FALSE,,0.35,137283,64462,434,207.5561667,1,6.704163056,90079.37636,1983,0.022013918,2.201391795,0.481797297,0.989047825,0.979057429,0.523693085,0.520343175,1387,2138,3525,0.362964004,0.015078651,0.944700461,0.007135987,0.732718894,0.003056064,0.526978672,0.776636183,0.412093814,0.521499214,0.299026935,0.460386043,0.997789118,-0.003473311,4.186165711,,,,
621.png,LoG,512,512,FALSE,,0.197266191,82703,53087,4935,13.34562692,2,10.65685425,65860.66887,9686,0.147068048,14.70680478,7.493091225,0.969634771,0.941906681,0.315486908,0.341064644,472,977,1449,0.298001915,0.264754083,0.891995947,0.099421704,0.567983789,0.018705144,0.307461679,0.776636183,0.235197006,0.195090531,0.11936621,0.213274636,0.574216918,-0.317650625,5.461490819,,,,
621.png,Canny,512,512,FALSE,,0.9,72565,68096,1595,44.79138536,9,124.8700577,71442.25965,3082,0.043139733,4.313973291,2.232572161,0.994911611,0.989970042,0.276813507,0.276291807,277,98,375,0.359653294,0.043747063,0.517868339,0.011175399,0.289655172,0.003539121,1,0.776636183,0.385785882,0.259228077,0.183495724,0.310091064,0.933897348,-0.022319031,4.325400915,,,,
624.png,SLoG,512,512,FALSE,,0.35,96979,54467,4562,13.55066543,2,27.37766953,61818.13569,8025,0.129816273,12.98162733,7.37971139,0.984715521,0.970459177,0.369945526,0.375238278,923,809,1732,0.39956066,0.18060477,0.77707146,0.071180715,0.536387549,0.023408669,0.528373837,0.652309179,0.372927227,0.332953724,0.213451332,0.351808641,0.967543817,-0.028903604,4.182076955,,,,
624.png,LoG,512,512,FALSE,,0.162109822,48620,32535,5010,7.524414976,1,8,37697.31903,8228,0.218264858,21.82648584,13.29006977,0.943937302,0.894851698,0.185470581,0.200873199,334,512,846,0.337540895,0.398401721,0.920958084,0.176056554,0.649101796,0.040971262,0.252482712,0.652309179,0.231336635,0.110565354,0.080859508,0.149620755,0.64222502,-0.251796535,5.316479898,,,,
624.png,Canny,512,512,FALSE,,0.9,67563,60053,2639,24.5487633,4.414213562,62.37300141,64784.18634,4831,0.074570667,7.457066721,4.073524959,0.990316868,0.981466371,0.257732391,0.256503209,572,416,988,0.430376917,0.086956522,0.642288746,0.026959519,0.408866995,0.010690557,1,0.652309179,0.415843191,0.253790317,0.187090275,0.315208167,0.961058653,-0.012684914,3.84665141,,,,
626.png,SLoG,512,512,FALSE,,0.35,116868,58122,1116,66.60348024,1,20.57106781,74329.48394,3535,0.047558517,4.755851665,1.501423043,0.9886446,0.978424693,0.44581604,0.455233998,1375,1460,2835,0.366076648,0.040156911,0.844086022,0.018392347,0.63172043,0.007002512,0.525832534,0.770092964,0.416628367,0.44738037,0.275068729,0.431457102,1.006138874,0.000702742,3.569654445,,,,
626.png,LoG,512,512,FALSE,,0.169922501,88074,56717,4957,14.61141037,2,12.41421356,72428.76122,9835,0.135788599,13.57885988,6.843966287,0.975748003,0.95283601,0.335975647,0.364103508,495,1042,1537,0.31807375,0.243366187,0.881783337,0.091859584,0.563243898,0.017649029,0.26475504,0.770092964,0.265193307,0.227761766,0.139637759,0.245056392,0.618938446,-0.279431953,4.498791602,,,,
626.png,Canny,512,512,FALSE,,0.9,70348,65550,1768,39.02850898,6.828427125,104.2600072,69002.40388,3279,0.047520084,4.752008359,2.562229576,0.993852019,0.988039664,0.268356323,0.27016102,305,130,435,0.370685041,0.052860412,0.568438914,0.013546911,0.328054299,0.005339436,1,0.770092964,0.394876243,0.251638503,0.181607067,0.307389947,0.893173439,-0.034283289,3.691755659,,,,
628.png,SLoG,512,512,FALSE,,0.35,96134,54915,5049,12.3248998,2,23.89949494,62228.41909,8773,0.140980602,14.09806022,8.113656226,0.983920634,0.969225166,0.366722107,0.373376407,902,823,1725,0.398148894,0.201875626,0.79758368,0.080906856,0.552980788,0.025949194,0.507347465,0.676307797,0.387158558,0.337363426,0.219921186,0.360549826,0.968339378,-0.0336781,3.93505868,,,,
628.png,LoG,512,512,FALSE,,0.18164143,46542,31251,5176,6.969613972,1,7,36074.72192,8109,0.224783438,22.47834375,14.34799695,0.936897993,0.884035711,0.17754364,0.192178483,285,441,726,0.346944183,0.417010656,0.930255023,0.196153723,0.676004637,0.047550478,0.283281147,0.676307797,0.264506079,0.118632227,0.089205715,0.163799571,0.670802551,-0.232464342,4.774597377,,,,
628.png,Canny,512,512,FALSE,,0.9,67846,61319,2342,27.91820485,5.414213562,73.79188309,65384.43576,4340,0.066376653,6.637665293,3.581892193,0.992025316,0.984621406,0.258811951,0.256814515,447,282,729,0.419186473,0.077170208,0.616140051,0.02134738,0.368061486,0.008447626,1,0.676307797,0.418857661,0.251043102,0.186191114,0.313931055,0.962560575,-0.016793429,3.728446532,,,,
630.png,SLoG,512,512,FALSE,,0.35,81843,53923,6610,9.073113976,1.414213562,14.0882251,59973.28338,11133,0.185632658,18.5632658,11.02157432,0.979368746,0.960202511,0.312206268,0.328733115,711,853,1564,0.389134318,0.296997571,0.863842663,0.121877492,0.597125567,0.034011461,0.509851396,0.557530189,0.325476136,0.261344495,0.16952632,0.28990595,0.963847517,-0.02913905,4.845886287,,,,
630.png,LoG,512,512,FALSE,,0.169922039,34306,22089,3184,8.629450731,1,6.828427125,27476.17113,5133,0.186816423,18.68164227,11.58822307,0.937140644,0.886776223,0.130867004,0.143243447,254,416,670,0.318510443,0.347367468,0.936243719,0.17823351,0.711369347,0.043098375,0.284120113,0.557530189,0.181600677,0.06353938,0.049395257,0.094140424,0.594328731,-0.248827152,6.706411148,,,,
630.png,Canny,512,512,FALSE,,0.9,56672,48569,2827,18.68422457,3.828427125,50.86518036,52820.30286,4865,0.092104735,9.210473504,5.352108653,0.979915202,0.961539253,0.216186523,0.215653003,439,405,844,0.457158893,0.116720542,0.660417404,0.036154749,0.417403608,0.014762503,1,0.557530189,0.394240087,0.207666786,0.157432417,0.272037338,0.988803429,-0.003534229,4.179737515,,,,
632.png,SLoG,512,512,FALSE,,0.35,83588,50648,5447,10.24104263,2,18.24264069,55782.95921,8914,0.159797905,15.97979047,9.764630771,0.979515493,0.961262044,0.318862915,0.327204228,610,585,1195,0.379100949,0.258075344,0.823756196,0.094080714,0.546906554,0.030366451,0.515598953,0.665055168,0.358543917,0.277028756,0.185226615,0.312558986,0.975379768,-0.02335684,4.302440108,,,,
632.png,LoG,512,512,FALSE,,0.177734703,38628,25526,3592,8.702510907,1,7.414213562,31259.41918,5825,0.186343833,18.63438334,11.49093647,0.942666292,0.895596647,0.147354126,0.160534783,297,451,748,0.31083864,0.362845726,0.93123608,0.165674215,0.667316258,0.039410797,0.28726837,0.665055168,0.226220145,0.0857559,0.066306498,0.124366678,0.642903596,-0.229234083,5.636265695,,,,
632.png,Canny,512,512,FALSE,,0.9,63469,56435,2718,22.28753197,4,56.92081528,60577.51188,4765,0.078659553,7.865955289,4.486813531,0.988393724,0.977691149,0.242115021,0.239597746,478,363,841,0.416513592,0.100186055,0.667770419,0.030530699,0.426048565,0.012385931,1,0.665055168,0.404167609,0.228669278,0.171017671,0.292083844,0.930924942,-0.021826369,3.867481721,,,,
634.png,SLoG,512,512,FALSE,,0.35,121457,59597,1075,71.46089375,1,11.8627417,76820.46078,3301,0.042970323,4.297032283,1.399366769,0.988648772,0.978153263,0.463321686,0.461583705,1311,1568,2879,0.372069508,0.039364398,0.886511628,0.018390187,0.674418605,0.007080893,0.534760416,0.767048633,0.409082283,0.452665473,0.273700186,0.429771761,1.007493834,-0.00015175,3.847078513,,,,
634.png,LoG,512,512,FALSE,,0.154297993,93885,60175,5036,15.04712246,2,13.41421356,75777.30869,10266,0.135475912,13.54759119,6.64578894,0.978903174,0.959185708,0.358142853,0.382702969,557,1153,1710,0.332243085,0.230660573,0.865567911,0.084254258,0.542494043,0.016518488,0.235666737,0.767048633,0.281541228,0.258297417,0.155681188,0.269418919,0.657075662,-0.259798248,4.665359268,,,,
634.png,Canny,512,512,FALSE,,0.9,70546,66082,1707,40.61106976,7,102.1989899,69323.09609,3142,0.045324,4.53239999,2.462382808,0.993999898,0.988196483,0.269111633,0.26794422,266,123,389,0.374143034,0.049483974,0.559461043,0.013513514,0.332161687,0.004842468,1,0.767048633,0.391459352,0.251447486,0.180782227,0.306207568,0.936041033,-0.025604602,3.9294999,,,,
635.png,SLoG,512,512,FALSE,,0.35,106576,55916,2726,24.48238087,2,49.76345597,66738.97024,5770,0.086456234,8.645623358,4.084570065,0.985773325,0.972637528,0.406555176,0.408477053,1126,1013,2139,0.404515952,0.092603191,0.711298606,0.038235925,0.502567865,0.013055297,0.523076594,0.720622993,0.396368766,0.382612128,0.241749334,0.389368978,0.986189445,-0.014558342,3.997329255,,,,
635.png,LoG,512,512,FALSE,,0.150391325,74537,49912,6059,10.14795842,2,10.41421356,61486.48006,11169,0.181649689,18.16496893,9.854198833,0.966841638,0.936608431,0.28433609,0.306435044,460,885,1345,0.371203721,0.331242988,0.893216702,0.126602821,0.579633603,0.026947427,0.228507429,0.720622993,0.287454689,0.20816105,0.137310168,0.241464769,0.679041346,-0.23525858,4.606570719,,,,
635.png,Canny,512,512,FALSE,,0.9,70092,63831,2046,33.29081302,6.414213562,84.3492424,68113.00344,3835,0.056303493,5.630349282,3.003831716,0.993216455,0.986714919,0.267379761,0.266070907,447,214,661,0.413874775,0.064059783,0.586999022,0.015838699,0.33773216,0.006830537,1,0.720622993,0.405345596,0.254867519,0.185506809,0.312957813,0.92662175,-0.023699009,3.941037228,,,,
639.png,SLoG,512,512,FALSE,,0.35,129970,62290,634,134.5803528,1,8,85323.94367,2581,0.030249422,3.024942225,0.743050512,0.989420474,0.979579387,0.495796204,0.492881878,1531,1961,3492,0.402202189,0.02130358,0.916403785,0.011093273,0.727129338,0.004446942,0.530241907,0.742830777,0.416921223,0.491148629,0.291156567,0.451001179,0.994455304,-0.005767359,4.100582543,,,,
639.png,LoG,512,512,FALSE,,0.17773585,93616,58314,4933,15.34825534,2,13,75712.94361,10120,0.133662747,13.36627466,6.51539851,0.97669512,0.954899338,0.357116699,0.38466718,531,1169,1700,0.35668686,0.227698323,0.871275086,0.086462942,0.55686195,0.017577254,0.276828885,0.742830777,0.267523403,0.245959157,0.146978711,0.256288473,0.598247352,-0.306903273,5.069726987,,,,
639.png,Canny,512,512,FALSE,,0.9,71417,66135,1693,41.33031333,8.828427125,118.0690476,69972.22047,3245,0.046375547,4.637554701,2.419531621,0.994677544,0.989597036,0.272434235,0.272186627,310,129,439,0.401560575,0.046284116,0.520968695,0.011869661,0.29238039,0.004294247,1,0.742830777,0.396422974,0.257894263,0.185181198,0.312494322,0.938863247,-0.021222864,4.202706051,,,,
641.png,SLoG,512,512,FALSE,,0.35,78033,51861,6988,8.057751772,1.414213562,14.82842712,56307.56938,11444,0.203240881,20.32408808,12.41040961,0.978538811,0.959082933,0.297672272,0.31127249,669,707,1376,0.390812784,0.331482231,0.856038924,0.12658838,0.575271895,0.03752338,0.497895986,0.581495225,0.342655557,0.254118702,0.17083646,0.291819508,0.966978383,-0.031370949,4.361434235,,,,
641.png,LoG,512,512,FALSE,,0.177734539,24900,15917,2458,8.115243269,1,5.414213562,19947.26796,3802,0.190602543,19.06025431,12.3224895,0.925896823,0.870704278,0.094985962,0.104128408,194,316,510,0.326233596,0.354023999,0.945890968,0.200791606,0.751017087,0.049004209,0.300749153,0.581495225,0.203720071,0.050540689,0.042203469,0.080988924,0.671698725,-0.204290938,6.289279264,,,,
641.png,Canny,512,512,FALSE,,0.9,58305,50253,2763,19.81406897,3.828427125,51.10782105,54746.27256,4840,0.088407845,8.840784539,5.046918942,0.983752191,0.96887748,0.222415924,0.218928179,477,404,881,0.452857703,0.115933377,0.68150561,0.034664597,0.423090843,0.014168308,1,0.581495225,0.417082259,0.217551203,0.166827166,0.285950088,1.034973623,0.006399433,3.708710093,,,,
642.png,SLoG,512,512,FALSE,,0.35,107334,55712,3086,21.3818083,1.414213562,40.67766953,65984.26043,6098,0.092415979,9.24159786,4.676872909,0.985730171,0.972627082,0.409446716,0.413508017,1134,1008,2142,0.387304276,0.10690695,0.772845107,0.050384118,0.580686973,0.017213527,0.51230222,0.733697534,0.395104402,0.386550065,0.242838473,0.390780425,0.983499382,-0.021277997,4.197802503,,,,
642.png,LoG,512,512,FALSE,,0.169922665,71783,46386,6298,8.472222688,2,9.828427125,53358.05849,11055,0.2071852,20.71851996,11.80327804,0.963200092,0.929224335,0.273830414,0.294846151,454,734,1188,0.341531664,0.376255767,0.902667513,0.143513129,0.580184185,0.029728797,0.260676205,0.733697534,0.264924529,0.1848109,0.122165812,0.217732193,0.626832051,-0.267195603,5.023898165,,,,
642.png,Canny,512,512,FALSE,,0.9,70366,65050,1849,37.1953763,6.828427125,92.90437226,68774.25077,3515,0.051109245,5.110924453,2.688506206,0.99437356,0.988885473,0.268424988,0.267635097,353,159,512,0.398200631,0.052190623,0.554353705,0.014358186,0.322336398,0.005318985,1,0.733697534,0.410269984,0.259790196,0.189154655,0.318132976,0.957506856,-0.013172906,4.087059097,,,,
643.png,SLoG,512,512,FALSE,,0.35,73845,48915,6424,8.398924821,1,13.19116882,53954.69305,10222,0.189455253,18.94552526,11.90628588,0.974087715,0.95124195,0.28169632,0.299536394,718,717,1435,0.377203286,0.313564346,0.872353674,0.12869263,0.60881071,0.040601043,0.513568759,0.58902216,0.323350282,0.230085681,0.155307757,0.268859542,0.969078065,-0.027684852,4.554571729,,,,
643.png,LoG,512,512,FALSE,,0.154297471,31691,20256,2662,9.806820779,1,6.414213562,26105.75691,4285,0.164140041,16.41400406,10.19698455,0.940560818,0.895537125,0.120891571,0.132537783,269,382,651,0.323577136,0.324002765,0.938016529,0.161137441,0.703230654,0.038655213,0.260713547,0.58902216,0.196489456,0.061865098,0.049374098,0.094101994,0.599360589,-0.232917055,6.386858062,,,,
643.png,Canny,512,512,FALSE,,0.9,56509,48841,2750,19.22830908,4,51.79360749,52877.84998,4695,0.08878954,8.878954046,5.200665309,0.980692446,0.963329989,0.215564728,0.214731627,439,354,793,0.448115259,0.113142647,0.655636364,0.034254008,0.408,0.014045576,1,0.58902216,0.399240062,0.203655846,0.155884568,0.269723418,0.968875697,-0.008565081,3.791413635,,,,
644.png,SLoG,512,512,FALSE,,0.35,96286,54329,3797,16.54089077,2,32.97056275,62805.76224,6807,0.108381775,10.83817751,6.045623626,0.984115303,0.969997607,0.367301941,0.372403518,894,784,1678,0.365578353,0.146643597,0.771661838,0.059710284,0.543850408,0.020007731,0.520125449,0.737195539,0.385594546,0.343330514,0.221924205,0.363237268,0.996977479,-0.009537752,3.893673756,,,,
644.png,LoG,512,512,FALSE,,0.166016072,48480,32358,4080,9.638230197,1.414213562,8.828427125,39323.9792,6913,0.175796045,17.57960446,10.37534879,0.953427255,0.913560789,0.184936523,0.201026315,317,573,890,0.311518371,0.325576364,0.912990196,0.145960813,0.646813725,0.032820323,0.260387897,0.737195539,0.273446234,0.131429424,0.097412032,0.177530461,0.694545848,-0.204618919,4.704819416,,,,
644.png,Canny,512,512,FALSE,,0.9,66378,60753,2172,29.5429438,5,75.11787156,64167.27393,3878,0.060435792,6.043579168,3.384903031,0.991325557,0.983539907,0.253211975,0.251401507,316,204,520,0.384252846,0.070893618,0.613720074,0.020394055,0.371546961,0.007884384,1,0.737195539,0.398139258,0.239315389,0.175738577,0.298941585,0.938444688,-0.023801829,3.761909051,,,,
645.png,SLoG,512,512,FALSE,,0.35,81379,52450,6911,8.203331219,1.414213562,13.82842712,56693.22205,11324,0.19974169,19.97416903,12.19016974,0.977407038,0.956663489,0.310436249,0.325565084,629,730,1359,0.391459972,0.323222116,0.864129648,0.128636797,0.590073795,0.036949476,0.510642648,0.555471718,0.327840472,0.255312987,0.167587694,0.287066565,0.96071363,-0.037048837,4.661197874,,,,
645.png,LoG,512,512,FALSE,,0.154297188,34974,22348,3172,8.711312681,1,6.414213562,27632.28383,5123,0.18539908,18.539908,11.47932621,0.935945034,0.884508681,0.133415222,0.145815416,277,433,710,0.31220898,0.349471989,0.941046658,0.176928584,0.705863808,0.041480222,0.259300441,0.555471718,0.172335796,0.060110654,0.046644813,0.089132077,0.573999677,-0.271327539,6.807037798,,,,
645.png,Canny,512,512,FALSE,,0.9,58195,49943,2960,18.3634094,3.828427125,48.42619767,54355.69182,4971,0.091453164,9.145316402,5.445611859,0.981939435,0.965180306,0.221996307,0.221186363,516,389,905,0.456431448,0.117774263,0.668581081,0.036381475,0.425675676,0.01629858,1,0.555471718,0.400271806,0.21178045,0.160767219,0.277001652,0.958476326,-0.009770074,3.942055726,,,,
647.png,SLoG,512,512,FALSE,,0.35,103494,55490,3095,21.03646464,2,43.39066376,65107.85805,6088,0.093506378,9.350637822,4.75365047,0.984717965,0.970805551,0.394798279,0.39594934,1132,931,2063,0.386381626,0.111894035,0.754119548,0.045882141,0.53634895,0.016687691,0.526627839,0.712269747,0.385417215,0.367482023,0.231706083,0.376235997,0.981469492,-0.019998162,4.311818122,,,,
647.png,LoG,512,512,FALSE,,0.189453617,61760,41137,5742,8.338409857,1.414213562,9,47879.1494,9826,0.205225033,20.52250327,11.99269426,0.956025004,0.917325036,0.235595703,0.254817604,390,679,1069,0.332196683,0.37015339,0.911703239,0.156598682,0.627655869,0.034372949,0.288391531,0.712269747,0.252925601,0.155198524,0.106415899,0.192361478,0.65831007,-0.254378022,5.311275324,,,,
647.png,Canny,512,512,FALSE,,0.9,68442,62372,2164,30.60791919,5,85.62497834,66235.53714,3912,0.05906195,5.906195026,3.267128333,0.99234432,0.985281857,0.26108551,0.259190618,384,219,603,0.402125925,0.067498236,0.613216266,0.019992946,0.374768946,0.007727827,1,0.712269747,0.404457371,0.25243955,0.184033515,0.310858625,0.932253247,-0.019742604,4.089045798,,,,
648.png,SLoG,512,512,FALSE,,0.35,138521,62579,455,192.1267887,1,6,87417.68884,2062,0.023587903,2.35879034,0.520489624,0.98741591,0.976461752,0.52841568,0.513609487,1335,2081,3416,0.363767982,0.015740105,0.940659341,0.008149699,0.740659341,0.003179981,0.5220294,0.782621145,0.412239507,0.516671606,0.297509282,0.458585208,1.00149052,-0.000506113,4.056013441,,,,
648.png,LoG,512,512,FALSE,,0.189453274,87200,54311,4463,15.46014991,2,11.24264069,68998.64903,9041,0.131031551,13.1031551,6.468242586,0.973265111,0.948666016,0.332641602,0.362070987,473,1063,1536,0.298098177,0.226068384,0.885727089,0.090294784,0.577414295,0.016313454,0.298189133,0.782621145,0.232987139,0.2058532,0.122700694,0.21858131,0.562173472,-0.330696237,5.389361156,,,,
648.png,Canny,512,512,FALSE,,0.9,70519,66625,1572,44.24521605,7.414213562,122.4580736,69553.47964,2893,0.041593893,4.159389315,2.260131352,0.994101286,0.988457786,0.269008636,0.270740859,188,78,266,0.353855878,0.046619137,0.548346056,0.011602251,0.302798982,0.003797373,1,0.782621145,0.378429796,0.250017883,0.177235454,0.301104513,0.889136267,-0.036881598,4.267339882,,,,
650.png,SLoG,512,512,FALSE,,0.35,130755,63430,538,160.6949454,1,8.414213562,86453.88062,2545,0.029437661,2.943766066,0.622297109,0.989807665,0.98021441,0.498790741,0.496361014,1453,1921,3374,0.388354927,0.020384676,0.916356877,0.008182248,0.648698885,0.003373798,0.523587048,0.75943203,0.408322595,0.492838628,0.287512824,0.446617414,0.993222665,-0.005751334,4.357598124,,,,
650.png,LoG,512,512,FALSE,,0.208986044,85520,55030,4863,14.66417607,2,11.24264069,71311.8882,9750,0.136723346,13.67233465,6.819339836,0.972351432,0.946719971,0.32623291,0.352084945,555,999,1554,0.340519935,0.24813738,0.885256015,0.093003816,0.562204401,0.017499546,0.323451668,0.75943203,0.254701748,0.218063532,0.133120691,0.234962952,0.601607545,-0.29641671,5.432472211,,,,
650.png,Canny,512,512,FALSE,,0.9,71723,66542,1639,43.01147423,7.828427125,120.2014285,70495.80626,3182,0.045137437,4.513743681,2.324960997,0.994695067,0.989615581,0.273601532,0.272332421,315,147,462,0.387413412,0.047909591,0.542403905,0.011887229,0.302623551,0.0041177,1,0.75943203,0.39099868,0.258927573,0.184514194,0.311544083,0.946451314,-0.019293971,4.471350086,,,,
653.png,SLoG,512,512,FALSE,,0.35,105058,56820,2777,24.41299558,1.414213562,41.42497834,67794.88871,5514,0.081333565,8.133356518,4.096179008,0.986290038,0.973794439,0.400764465,0.401876535,1075,994,2069,0.357131869,0.098644843,0.767734966,0.040584301,0.548793662,0.015399507,0.525001228,0.75250957,0.388267199,0.378567304,0.237130673,0.383355903,1.000181385,-0.004158622,4.028644884,,,,
653.png,LoG,512,512,FALSE,,0.185547352,58175,39371,5138,8.89532236,1.414213562,9.414213562,45704.16629,8873,0.19413985,19.41398503,11.24186353,0.9572528,0.920271266,0.221920013,0.240876217,381,654,1035,0.305667967,0.342028397,0.906383807,0.150288283,0.637212923,0.031977852,0.284226418,0.75250957,0.27030822,0.157969385,0.110744166,0.199405352,0.711051412,-0.202281757,4.827418876,,,,
653.png,Canny,512,512,FALSE,,0.9,67529,62422,2091,31.4300246,5.414213562,83.79898987,65720.18144,3782,0.057547011,5.754701094,3.18167107,0.991909921,0.984380507,0.257602692,0.255110989,310,188,498,0.367580652,0.063375092,0.598278336,0.019736631,0.370636059,0.006920637,1,0.75250957,0.391357722,0.242227153,0.175945958,0.299241571,0.921851327,-0.027209411,3.967908264,,,,
654.png,SLoG,512,512,FALSE,,0.35,134731,63913,493,178.8182546,1,10.37989899,88157.39952,2204,0.025000737,2.500073745,0.559227022,0.989227533,0.979440802,0.513957977,0.510732862,1335,2046,3381,0.374605089,0.015270759,0.894523327,0.008589802,0.732251521,0.003191839,0.525105894,0.776525915,0.408193004,0.509560259,0.293057645,0.453278547,0.994257715,-0.004650214,4.208099765,,,,
654.png,LoG,512,512,FALSE,,0.216797918,85432,54841,4521,15.77694971,2,11.24264069,71327.58965,9131,0.128014981,12.80149805,6.338360825,0.972119391,0.946518116,0.325897217,0.352754503,504,1008,1512,0.319063067,0.228934556,0.885202389,0.086304043,0.563370936,0.016830474,0.337898582,0.776525915,0.240479323,0.207341625,0.125292559,0.222684418,0.585412498,-0.311992273,5.417603899,,,,
654.png,Canny,512,512,FALSE,,0.9,72015,67344,1601,44.39411852,8.242640687,113.627417,71074.98375,3054,0.042968705,4.296870487,2.252550638,0.994936466,0.99006593,0.274715424,0.274016189,282,121,403,0.373051494,0.045081967,0.535290443,0.010914113,0.292941911,0.003949869,1,0.776525915,0.386956986,0.259164257,0.183728175,0.310422914,0.928598499,-0.019685199,4.32611526,,,,
667.png,SLoG,512,512,FALSE,,0.35,95811,53271,4533,13.4739549,2,28.14213562,61077.43756,8172,0.133797362,13.37973616,7.421725896,0.986822069,0.97445139,0.36548996,0.386680722,1006,895,1901,0.412507057,0.182181675,0.786234282,0.074505829,0.553055372,0.024459837,0.514425397,0.657755733,0.392642634,0.353772985,0.228648953,0.37219574,0.961171068,-0.041944833,4.039277024,,,,
667.png,LoG,512,512,FALSE,,0.154297039,58475,38545,6399,7.04959993,1,7.828427125,45110.38995,10356,0.229570172,22.95701724,14.18520214,0.95343107,0.912569724,0.223064423,0.24402157,445,541,986,0.37094146,0.427344662,0.927332396,0.192813594,0.659478043,0.044234012,0.242234126,0.657755733,0.274047812,0.155822169,0.110295289,0.198677397,0.653944658,-0.253867746,4.964078136,,,,
667.png,Canny,512,512,FALSE,,0.9,66698,59765,2176,29.5749601,5,80.09188309,64355.11318,4154,0.064548096,6.454809563,3.381238712,0.991625547,0.983819962,0.254432678,0.260913207,521,300,821,0.439961791,0.069070526,0.610294118,0.020681001,0.381893382,0.008332636,1,0.657755733,0.429859155,0.261334612,0.194067162,0.325052339,0.975352929,-0.007797504,3.743677663,,,,
67.png,SLoG,512,512,FALSE,,0.35,102917,54658,3012,21.54747526,2,44.08132752,64900.99549,6154,0.09482135,9.482134986,4.640914946,0.987668753,0.976215742,0.392597198,0.400475334,1084,939,2023,0.411586136,0.108785539,0.721779548,0.043726444,0.503652058,0.014544989,0.527512789,0.686438394,0.401403108,0.374027911,0.240104196,0.387232293,0.982764939,-0.019796784,3.775894698,,,,
67.png,LoG,512,512,FALSE,,0.169922173,64831,43760,6386,8.002812877,1.414213562,8.828427125,51105.96304,10951,0.214280279,21.42802787,12.49560642,0.960546136,0.925182815,0.247310638,0.267198608,487,676,1163,0.360317409,0.378907678,0.912777952,0.166773309,0.636078923,0.035763254,0.259403735,0.686438394,0.274943531,0.170932721,0.117822192,0.210806679,0.651340764,-0.262755105,4.661074161,,,,
67.png,Canny,512,512,FALSE,,0.9,70669,63831,2262,30.32096013,5.414213562,82.10071427,68586.01181,4254,0.062024309,6.202430915,3.298048597,0.992722988,0.985931601,0.269580841,0.270386927,500,299,799,0.428385258,0.065548088,0.596374889,0.020178283,0.377541998,0.008115179,1,0.686438394,0.41557242,0.261444745,0.191160018,0.320964463,0.958650732,-0.015848567,3.61191219,,,,
671.png,SLoG,512,512,FALSE,,0.35,106827,58496,3306,21.19121822,1.414213562,29.8492424,70058.16742,6804,0.097119297,9.711929744,4.718935881,0.987135887,0.975246171,0.407512665,0.411652268,1214,1205,2419,0.382290184,0.118332877,0.792800968,0.050550465,0.568965517,0.017266138,0.513999462,0.715047944,0.400665072,0.390722322,0.246596199,0.395631238,0.983250105,-0.017698693,3.809761012,,,,
671.png,LoG,512,512,FALSE,,0.166017294,58785,38945,5879,7.63327371,1.414213562,8.414213562,44876.01614,9799,0.218357173,21.83571726,13.10053901,0.950789571,0.908229554,0.224246979,0.243174325,440,630,1070,0.337914586,0.388445243,0.916652492,0.174836308,0.64857969,0.039055078,0.256913245,0.715047944,0.280141418,0.161380579,0.114075058,0.204788819,0.685688127,-0.222512559,4.494436343,,,,
671.png,Canny,512,512,FALSE,,0.9,67728,61941,2117,30.94706184,5.828427125,85.027417,65514.92992,3875,0.059146824,5.914682355,3.231324528,0.99188745,0.984404514,0.258361816,0.25638329,340,189,529,0.395236522,0.067370562,0.596126594,0.019163397,0.360415683,0.006925946,1,0.715047944,0.408533012,0.248126471,0.182548861,0.30873796,0.954293412,-0.019023831,3.745119617,,,,
676.png,SLoG,512,512,FALSE,,0.35,94125,56193,5614,11.25335605,1.414213562,21.24264069,63176.34088,9703,0.153585976,15.35859764,8.886237984,0.985309541,0.971526703,0.35905838,0.365469854,918,877,1795,0.391793668,0.225205987,0.814748842,0.090562881,0.564481653,0.028384318,0.50657171,0.6422364,0.372503245,0.325294855,0.210142553,0.347302147,0.966116533,-0.034633299,4.115347408,,,,
676.png,LoG,512,512,FALSE,,0.166017264,35385,23510,3957,6.889602656,1,6.828427125,27262.15771,6183,0.226797896,22.67978957,14.51462515,0.927902997,0.868779243,0.134983063,0.146684868,273,358,631,0.330026686,0.415567843,0.936820824,0.210506168,0.705332322,0.048319864,0.265283734,0.6422364,0.224968081,0.078850017,0.06200635,0.116772089,0.674727189,-0.226528672,5.373931559,,,,
676.png,Canny,512,512,FALSE,,0.9,64539,57717,2451,25.34600992,4,63.72792206,62123.07032,4450,0.071632004,7.163200365,3.945394178,0.990098238,0.980698928,0.246196747,0.243727032,502,354,856,0.424232781,0.085122234,0.651162791,0.026474002,0.41370869,0.010534158,1,0.6422364,0.417472081,0.243123372,0.181537365,0.307290096,0.975093091,-0.009794573,3.801129154,,,,
68.png,SLoG,512,512,FALSE,,0.35,101883,53377,2636,24.25256257,2,46.50609665,63929.75494,5691,0.089019581,8.901958102,4.123275621,0.987316608,0.97568241,0.388652802,0.407019983,1108,963,2071,0.416464001,0.094160406,0.718512898,0.040017236,0.515933232,0.013432752,0.529055715,0.695663583,0.411006399,0.386742952,0.24883366,0.398505691,0.985224234,-0.016800152,3.584397666,,,,
68.png,LoG,512,512,FALSE,,0.162109524,76517,50916,6125,10.17524467,2,10.82842712,62323.37363,11338,0.181922116,18.19221159,9.827773503,0.971777022,0.945773431,0.291889191,0.317578433,599,969,1568,0.374476731,0.311218477,0.890938776,0.130941158,0.6,0.027790871,0.249804124,0.695663583,0.296694313,0.217830313,0.143653358,0.251218355,0.66031616,-0.260759581,4.342267547,,,,
68.png,Canny,512,512,FALSE,,0.9,70084,63536,2185,31.09670014,5.828427125,87.6391919,67946.2898,4059,0.059738361,5.973836116,3.215775293,0.992004514,0.984481239,0.267349243,0.273006315,453,262,715,0.429279357,0.067080081,0.598169336,0.018509192,0.358352403,0.007554772,1,0.695663583,0.420170258,0.265189359,0.19414166,0.325156833,0.936766241,-0.021517366,3.495979474,,,,
683.png,SLoG,512,512,FALSE,,0.35,109396,59574,3106,23.31363047,1,27.3137085,72412.13625,6562,0.090620169,9.062016865,4.289336237,0.98666364,0.974351227,0.417312622,0.421513757,1299,1278,2577,0.380811781,0.104324034,0.801996137,0.048813241,0.603026401,0.017087991,0.516336918,0.719020271,0.399016833,0.402107665,0.25043475,0.400556287,0.994051449,-0.014596927,3.868024072,,,,
683.png,LoG,512,512,FALSE,,0.150391817,63195,41889,5900,8.259959959,1.414213562,9.414213562,48733.76376,10119,0.207638385,20.7638385,12.10659622,0.955656588,0.916254864,0.241069794,0.261539878,439,725,1164,0.340319186,0.362959249,0.905932203,0.158084461,0.629830508,0.034997255,0.232695639,0.719020271,0.29083372,0.181853664,0.125987145,0.223780788,0.712398049,-0.199198418,4.446956555,,,,
683.png,Canny,512,512,FALSE,,0.9,67231,61480,2095,31.0955303,5.828427125,76.75046174,65145.13598,3773,0.057916834,5.791683359,3.215896273,0.992111266,0.984808068,0.256465912,0.255018021,359,211,570,0.392419219,0.066395576,0.599045346,0.018867925,0.365632458,0.007579701,1,0.719020271,0.402849592,0.245614035,0.180058694,0.305169048,0.940670627,-0.022716985,3.86492233,,,,
688.png,SLoG,512,512,FALSE,,0.35,101096,55056,3379,19.0241231,2.414213562,40.23330445,64282.51194,6591,0.102531774,10.25317742,5.25648407,0.985832632,0.97268236,0.385650635,0.38765974,1035,882,1917,0.398692042,0.128469195,0.729801716,0.047242807,0.488310151,0.015783929,0.520619035,0.697657466,0.389756449,0.359950701,0.230209836,0.374261089,0.984604347,-0.018229569,4.224827802,,,,
688.png,LoG,512,512,FALSE,,0.201172233,60934,40766,5986,7.842569045,1.414213562,8.414213562,46945.61831,10015,0.213331944,21.33319437,12.75092376,0.95389539,0.913310111,0.232444763,0.25126102,417,645,1062,0.34599933,0.385860766,0.918643502,0.165603689,0.637153358,0.03794829,0.307703704,0.697657466,0.255263682,0.152796414,0.105683959,0.191164858,0.667143276,-0.250326997,5.361192379,,,,
688.png,Canny,512,512,FALSE,,0.9,67873,61612,2042,32.19610926,6.121320344,85.30365799,65744.4551,3744,0.056947768,5.694776836,3.105965358,0.992955923,0.986350062,0.258914948,0.256801579,442,208,650,0.415516496,0.05989093,0.577864838,0.017561514,0.354554358,0.007157697,1,0.697657466,0.406258123,0.248541412,0.182316615,0.30840574,0.965257387,-0.012785086,4.045591929,,,,
69.png,SLoG,512,512,FALSE,,0.35,94527,54330,4572,13.57288124,2,25.30660172,62055.21303,8166,0.13159249,13.159249,7.367632431,0.984180033,0.969703663,0.360591888,0.365764807,848,706,1554,0.413383126,0.19103626,0.775590551,0.068764955,0.512467192,0.022381741,0.521315157,0.650896847,0.385269573,0.326873547,0.214828668,0.353677311,0.976768857,-0.023413738,3.922216673,,,,
69.png,LoG,512,512,FALSE,,0.177734688,45921,30582,4791,7.43556057,1,7.414213562,35623.77069,7743,0.217354869,21.73548687,13.44888513,0.941011071,0.891243215,0.175174713,0.189611005,351,475,826,0.347798198,0.402753254,0.927572532,0.181152312,0.65790023,0.04234517,0.280790478,0.650896847,0.257243119,0.113141115,0.085281351,0.157159893,0.671018961,-0.235647816,5.048537181,,,,
69.png,Canny,512,512,FALSE,,0.9,66870,59084,2641,24.22893676,4.242640687,62.38477631,63988.62198,4810,0.075169614,7.516961377,4.127296257,0.990191936,0.981060863,0.255088806,0.252530503,549,411,960,0.442785025,0.087130188,0.639151836,0.026927764,0.406664142,0.011136687,1,0.650896847,0.417669823,0.244658377,0.182429565,0.308567327,0.950555955,-0.014473422,3.649796043,,,,
697.png,SLoG,512,512,FALSE,,0.35,79750,50988,6602,8.401036566,1.414213562,14.24264069,55463.64341,10860,0.195803942,19.58039417,11.90329303,0.978318453,0.958539264,0.304222107,0.319533752,674,682,1356,0.403729439,0.315446772,0.86231445,0.125558955,0.588760982,0.035930023,0.513877034,0.5625211,0.330507144,0.254068516,0.167740222,0.287290304,0.965650478,-0.032330049,4.794944261,,,,
697.png,LoG,512,512,FALSE,,0.154297337,34622,22409,3548,7.581284496,1,6.414213562,26898.39739,5627,0.209194619,20.91946192,13.19037692,0.934579849,0.881565442,0.132072449,0.144490062,271,386,657,0.337888122,0.381587755,0.93686584,0.197688429,0.711386697,0.046588424,0.256142408,0.5625211,0.189670139,0.065931082,0.051441217,0.097848965,0.6154899,-0.246645494,6.891820256,,,,
697.png,Canny,512,512,FALSE,,0.9,58833,50619,2950,18.58072489,4,47.41909089,54813.13843,5032,0.091802808,9.180280757,5.38192135,0.982842386,0.967265256,0.224430084,0.223520607,457,387,844,0.462828487,0.120468599,0.666440678,0.035994389,0.411864407,0.014658527,1,0.5625211,0.396741672,0.213343123,0.161087231,0.277476535,0.967044399,-0.011278061,4.123242884,,,,
701.png,SLoG,512,512,FALSE,,0.35,68100,46322,7519,6.573269907,1,10.65685425,49424.41643,11576,0.23421622,23.42162202,15.21312854,0.974072814,0.950822503,0.259780884,0.282653665,654,641,1295,0.39147535,0.390591943,0.892804894,0.167458227,0.632397925,0.050580718,0.508347809,0.489387918,0.28390535,0.198449757,0.13225135,0.233607759,0.962446582,-0.032000015,5.321233261,,,,
701.png,LoG,512,512,FALSE,,0.154297024,24949,15559,2043,10.12328794,1,5.414213562,20681.87726,3200,0.154724833,15.47248327,9.87821354,0.936917543,0.891316923,0.095172882,0.104683901,220,311,531,0.316915095,0.301111897,0.947136564,0.168005656,0.74743025,0.043383251,0.269327074,0.489387918,0.13748046,0.035591251,0.029094672,0.056544209,0.532440158,-0.271334797,7.796838559,,,,
701.png,Canny,512,512,FALSE,,0.9,53438,44995,2842,17.36444755,3.414213562,46.95340546,49349.75993,4548,0.092158503,9.215850302,5.758893263,0.977419734,0.957173019,0.203849792,0.207504815,490,292,782,0.493956864,0.126214024,0.685080929,0.040315591,0.444757213,0.018246472,1,0.489387918,0.397945566,0.204208691,0.156009703,0.269910716,1.0125525,0.007807164,4.214468254,,,,
703.png,SLoG,512,512,FALSE,,0.35,147755,68604,263,390.8836996,1,4.965685425,102802.413,1425,0.013861542,1.386154234,0.255830571,0.989745498,0.980030319,0.563640594,0.558133529,1335,2367,3702,0.371867537,0.007769226,0.954372624,0.00491225,0.813688213,0.00170544,0.528250277,0.76277405,0.411359057,0.566119904,0.312756408,0.476488107,0.992400185,-0.009132021,4.509789904,,,,
703.png,LoG,512,512,FALSE,,0.240236148,72971,47602,4904,12.04835592,2,9.828427125,59085.13742,9424,0.159498656,15.94986559,8.29988761,0.964329243,0.931641528,0.278362274,0.301372944,433,840,1273,0.31376341,0.2815638,0.900693312,0.114743078,0.595228385,0.022141927,0.375336111,0.76277405,0.230283345,0.171126016,0.10885985,0.196345552,0.573609377,-0.307309724,5.846047898,,,,
703.png,Canny,512,512,FALSE,,0.9,71221,66435,1504,46.7354345,8.414213562,146.4754401,70290.09349,2875,0.040901923,4.090192312,2.139704083,0.994859636,0.989824641,0.271686554,0.271993768,283,94,377,0.366697311,0.043726951,0.529920213,0.010461353,0.293218085,0.00371792,1,0.76277405,0.379006692,0.254188022,0.179450366,0.304294901,0.911662913,-0.027288235,4.734666109,,,,
704.png,SLoG,512,512,FALSE,,0.35,151259,67942,194,528.2928609,1,7,102488.815,1200,0.011708595,1.170859474,0.189288948,0.988210559,0.977304171,0.577007294,0.567222204,1233,2251,3484,0.379676223,0.006417238,0.93814433,0.002928969,0.706185567,0.001265786,0.530920506,0.763758206,0.398638108,0.587056172,0.311336825,0.474838835,0.986972904,-0.014327977,5.140056032,,,,
704.png,LoG,512,512,FALSE,,0.2675789,74315,48258,4781,12.71074156,2,10.82842712,60770.05538,9100,0.149744803,14.97448035,7.867361598,0.96760124,0.938580132,0.283489227,0.310285681,399,841,1240,0.301112115,0.267313192,0.888098724,0.105184633,0.575193474,0.021405777,0.41887936,0.763758206,0.204387257,0.164650545,0.10033973,0.182379545,0.546799304,-0.334994974,7.080055493,,,,
704.png,Canny,512,512,FALSE,,0.9,73574,67896,1638,44.15808348,7.914213562,117.1960461,72330.94074,3204,0.044296396,4.429639608,2.264591036,0.995161712,0.990500177,0.280662537,0.2794949,380,106,486,0.370649368,0.043934842,0.533577534,0.011856369,0.307081807,0.004123954,1,0.763758206,0.363343087,0.263656457,0.180341543,0.305575186,0.911372566,-0.029443324,5.462157471,,,,
710.png,SLoG,512,512,FALSE,,0.35,146467,64913,352,271.5394901,1,5.372792206,95581.90052,1712,0.017911341,1.791134086,0.36827056,0.988577008,0.979403201,0.558727264,0.535259155,1341,2223,3564,0.383596212,0.010999338,0.934659091,0.006346957,0.769886364,0.002418622,0.527509868,0.749067008,0.416709798,0.551865238,0.311353036,0.474857689,1.002740316,0.00074273,4.203264583,,,,
710.png,LoG,512,512,FALSE,,0.212890774,89861,56461,4573,16.33819882,2,11,74714.58322,9512,0.127311157,12.73111565,6.120625724,0.977630556,0.957297958,0.342792511,0.37462852,581,1151,1732,0.332729071,0.21760153,0.889787885,0.089637095,0.595888913,0.017534227,0.335121334,0.749067008,0.266890756,0.247382851,0.147293437,0.256766808,0.611602359,-0.29551884,5.157911152,,,,
710.png,Canny,512,512,FALSE,,0.9,68608,63848,1555,43.36053139,7.414213562,114.7979797,67425.62631,2904,0.043069678,4.306967779,2.306244799,0.991487622,0.98460406,0.26171875,0.267482664,270,86,356,0.374680817,0.048004636,0.554983923,0.01218519,0.313826367,0.00427578,1,0.749067008,0.385914255,0.255400465,0.181597991,0.307376947,0.920372932,-0.023561719,4.37493859,,,,
712.png,SLoG,512,512,FALSE,,0.35,151129,67940,207,494.8497216,1,5,102433.8924,1317,0.012857073,1.285707269,0.202081553,0.990050018,0.980968502,0.576511383,0.566338132,1436,2276,3712,0.401407719,0.006711805,0.966183575,0.003723874,0.77294686,0.001295261,0.535584569,0.743048286,0.409615257,0.579428715,0.315740967,0.479943963,0.988326678,-0.011761807,5.042835691,,,,
712.png,LoG,512,512,FALSE,,0.240234926,80409,51960,5363,12.24506328,2,10.41421356,65670.27435,10343,0.157498961,15.74989613,8.16655641,0.969293714,0.940704388,0.306735992,0.331979067,489,934,1423,0.332649767,0.280100077,0.895394369,0.112394149,0.587730748,0.022440339,0.374832243,0.743048286,0.227903405,0.188977282,0.115214472,0.206622985,0.564061627,-0.332987879,6.46707328,,,,
712.png,Canny,512,512,FALSE,,0.9,71961,66500,1658,42.60954943,7.414213562,121.5636652,70646.63295,3176,0.044956141,4.495614111,2.34689175,0.995030046,0.990210526,0.27450943,0.275325609,327,100,427,0.390492469,0.048090226,0.55066345,0.012781955,0.314837153,0.004270677,1,0.743048286,0.375542736,0.258258164,0.180671502,0.306048721,0.904503658,-0.029055468,5.30897827,,,,
717.png,SLoG,512,512,FALSE,,0.35,121776,61153,1278,62.08313938,1,11.82842712,79342.25212,3800,0.047893775,4.789377536,1.610743287,0.988651395,0.978283976,0.464538574,0.463670556,1345,1583,2928,0.363988519,0.045901264,0.882629108,0.021143689,0.665884194,0.00788187,0.535080075,0.766106427,0.405749501,0.456597451,0.273621185,0.429674362,1.01044173,0.003490914,3.94518017,,,,
717.png,LoG,512,512,FALSE,,0.162112594,84894,55852,5363,13.1676743,2,10.82842712,70618.23727,10463,0.14816286,14.816286,7.59435552,0.974190712,0.950297214,0.32384491,0.349069747,555,1089,1644,0.325144649,0.261727422,0.887562931,0.102699993,0.584933806,0.021055647,0.246958613,0.766106427,0.292766824,0.248027618,0.155098957,0.268546614,0.695934343,-0.217026512,4.536942485,,,,
717.png,Canny,512,512,FALSE,,0.9,69073,64316,1818,37.262136,6,103.0759451,67742.56326,3360,0.04959954,4.959954036,2.683689416,0.993819594,0.987903477,0.263492584,0.262947607,284,142,426,0.366765708,0.057124199,0.588558856,0.015097332,0.338833883,0.005410784,1,0.766106427,0.388941925,0.248210387,0.178574038,0.30303406,0.921961305,-0.026762709,4.05195488,,,,
720.png,SLoG,512,512,FALSE,,0.35,139713,66430,417,226.9083895,1,7.579898987,94620.79843,1953,0.020640282,2.064028239,0.44070649,0.989778697,0.98021978,0.532962799,0.52906048,1263,2262,3525,0.34713906,0.013427668,0.920863309,0.007210598,0.73381295,0.002619299,0.523186207,0.799367011,0.400766738,0.532937405,0.296594206,0.457497349,0.999756279,-0.001096127,4.297215336,,,,
720.png,LoG,512,512,FALSE,,0.212891236,78611,51015,4355,15.24205035,2,10.41421356,66379.12926,8608,0.129679315,12.96793148,6.560797119,0.969254136,0.941664216,0.299877167,0.325938224,514,947,1461,0.291785806,0.231500539,0.893685419,0.092051357,0.587141217,0.018523964,0.334981412,0.799367011,0.242741118,0.198864771,0.122727125,0.218623248,0.60918689,-0.269926878,5.239987325,,,,
720.png,Canny,512,512,FALSE,,0.9,70638,66354,1581,44.10331433,8.414213562,113.0416306,69727.33995,2979,0.042723557,4.272355725,2.26740329,0.994649887,0.989420382,0.269462585,0.269285135,224,69,293,0.343369007,0.044624288,0.531309298,0.011468789,0.299177736,0.003692317,1,0.799367011,0.368089204,0.249140695,0.174503957,0.29715346,0.897367716,-0.030981885,4.477569029,,,,
723.png,SLoG,512,512,FALSE,,0.35,139012,66683,397,234.0248742,1,10.57989899,92907.87506,1827,0.019664641,1.96646409,0.427305005,0.991114676,0.982589266,0.530288696,0.526839923,1307,2038,3345,0.335875928,0.013616664,0.894206549,0.005968538,0.65743073,0.002264445,0.506029725,0.826237202,0.396346597,0.521484702,0.290643091,0.450384917,0.990968241,-0.009136589,4.406039779,,,,
723.png,LoG,512,512,FALSE,,0.240235269,60307,40565,3545,15.13536104,2,10.04264069,53654.85488,6658,0.124089423,12.40894233,6.607044242,0.960594118,0.926365093,0.230052948,0.251904883,398,717,1115,0.271286905,0.229853322,0.896473907,0.098533218,0.615796897,0.020682855,0.38280642,0.826237202,0.197199475,0.124059522,0.082428989,0.152303735,0.559878182,-0.281610656,6.066936625,,,,
723.png,Canny,512,512,FALSE,,0.9,72091,67598,1636,43.43132375,9,123.3345238,71053.64565,3133,0.044093445,4.409344477,2.302485657,0.99471879,0.989615077,0.275005341,0.275989472,241,76,317,0.335144758,0.046436285,0.517114914,0.011597976,0.285452323,0.003417261,1,0.826237202,0.37167028,0.256175807,0.178758932,0.303300238,0.928638708,-0.021249934,4.562620645,,,,
725.png,SLoG,512,512,FALSE,,0.35,149897,69348,211,495.2569726,1,5.828427125,104499.2212,1335,0.012775215,1.277521482,0.20191538,0.989415705,0.979350522,0.571811676,0.564975724,1254,2335,3589,0.350431234,0.006921613,0.966824645,0.003662687,0.781990521,0.001312222,0.522866488,0.790897214,0.406551888,0.576026031,0.312916249,0.476673587,0.987116159,-0.011965885,4.130123982,,,,
725.png,LoG,512,512,FALSE,,0.216797888,70164,45677,4375,13.2926583,2,10.41421356,58155.38006,8384,0.14416551,14.41655096,7.522949718,0.963712573,0.931584824,0.267654419,0.292340532,455,798,1253,0.293864489,0.254592027,0.8944,0.106727675,0.602514286,0.021017142,0.342668712,0.790897214,0.221430003,0.162338617,0.103347812,0.187334965,0.572945416,-0.299529129,5.499669058,,,,
725.png,Canny,512,512,FALSE,,0.9,71993,67568,1439,49.45927265,9,136.5847763,71171.89334,2800,0.039341373,3.934137296,2.02186556,0.994923651,0.989995264,0.2746315,0.275883141,247,68,315,0.346325248,0.040107743,0.518415566,0.009797537,0.277970813,0.003033981,1,0.790897214,0.375246533,0.259620027,0.181267864,0.306903911,0.913363554,-0.025137777,4.354155887,,,,
729.png,SLoG,512,512,FALSE,,0.35,138153,65480,442,206.8580653,1,7.787005769,91431.26488,1936,0.021174376,2.117437621,0.483423259,0.99034822,0.981429444,0.527011871,0.523913307,1366,1999,3365,0.345714629,0.014447159,0.92081448,0.007513745,0.735294118,0.002901649,0.512743771,0.808999956,0.406883801,0.522359657,0.296551644,0.457446713,0.99800389,-0.003532486,3.938908228,,,,
729.png,LoG,512,512,FALSE,,0.208985239,66155,44036,4124,13.88866519,2,10.41421356,57276.85524,7896,0.137856731,13.78567306,7.200115968,0.961747229,0.928263239,0.252361298,0.275152289,387,763,1150,0.285988778,0.258356799,0.893307468,0.102189118,0.586323957,0.020119902,0.328604847,0.808999956,0.237124822,0.159878457,0.105574998,0.190986587,0.601796502,-0.265870493,5.075174975,,,,
729.png,Canny,512,512,FALSE,,0.9,71087,66742,1649,42.52882991,7.828427125,119.4901587,70130.04053,3081,0.043932671,4.393267103,2.351346139,0.99465102,0.989481885,0.271175385,0.271340356,228,73,301,0.34097591,0.047960804,0.539721043,0.01249588,0.298362644,0.00376075,1,0.808999956,0.376556033,0.250370871,0.176999855,0.300764447,0.901851733,-0.030102826,4.115149138,,,,
730.png,SLoG,512,512,FALSE,,0.35,108596,57908,2294,30.49941618,2,41.60365799,69965.66072,4966,0.070977676,7.097767604,3.278751285,0.988041401,0.976928922,0.414260864,0.416598766,1182,1066,2248,0.355143607,0.077864889,0.761551874,0.032810665,0.547951177,0.012658009,0.522617579,0.777754879,0.398134403,0.399541012,0.249091651,0.398836467,1.011253711,0.003040147,3.842129197,,,,
730.png,LoG,512,512,FALSE,,0.158203438,70286,47479,5291,11.10722095,2,10.41421356,58768.30603,9781,0.166433247,16.64332471,9.003152136,0.965363622,0.934286737,0.268119812,0.290892073,453,872,1325,0.314573735,0.298384549,0.894915895,0.121316793,0.597240597,0.025063712,0.243588641,0.777754879,0.303435992,0.212624183,0.142883233,0.250039949,0.74060478,-0.170832208,4.3000176,,,,
730.png,Canny,512,512,FALSE,,0.9,68428,63056,1983,33.55981167,6.414213562,90.23574311,66549.10655,3582,0.053824915,5.382491495,2.979754505,0.99318862,0.986694367,0.261032104,0.260840134,288,149,437,0.3623918,0.062008374,0.585476551,0.016937326,0.349470499,0.006359427,1,0.777754879,0.393598616,0.247309988,0.179077717,0.303758971,0.919628717,-0.02622007,3.871617523,,,,
731.png,SLoG,512,512,FALSE,,0.35,144763,68096,286,357.2458948,1,5,102172.3259,1625,0.015904502,1.590450237,0.279919242,0.990366518,0.981100211,0.55222702,0.547905725,1359,2302,3661,0.40085578,0.00878172,0.954545455,0.005066377,0.77972028,0.001865014,0.531806886,0.732891703,0.416278999,0.556058729,0.312440808,0.476121752,0.990555493,-0.007537675,4.647960473,,,,
731.png,LoG,512,512,FALSE,,0.236328274,80725,51701,5281,12.52194438,2,10.41421356,66128.38828,10300,0.155757614,15.57576144,7.985980208,0.968037367,0.938666564,0.307941437,0.331039911,519,949,1468,0.337102592,0.273476335,0.89661049,0.115452312,0.601211892,0.021179474,0.367431581,0.732891703,0.242674719,0.195855248,0.121557581,0.216765653,0.577401428,-0.320966359,6.086661852,,,,
731.png,Canny,512,512,FALSE,,0.9,72496,66753,1598,44.59710021,8,125.3991991,71266.16614,3165,0.044410976,4.441097608,2.242298255,0.995116353,0.990352494,0.276550293,0.27631431,357,118,475,0.395844668,0.04543616,0.541301627,0.011834674,0.306633292,0.004044762,1,0.732891703,0.388544728,0.261742786,0.185382552,0.31278097,0.93701206,-0.02077386,4.860707139,,,,
735.png,SLoG,512,512,FALSE,,0.35,141660,65411,442,209.0710156,1,9.982842712,92409.38891,1719,0.018602006,1.860200592,0.478306377,0.990208089,0.981027656,0.540390015,0.534219936,1402,2072,3474,0.340575755,0.013346379,0.898190045,0.007353503,0.730769231,0.00298115,0.508552313,0.811588359,0.403898544,0.53231947,0.298112314,0.459301265,0.988409215,-0.009923644,4.233453494,,,,
735.png,LoG,512,512,FALSE,,0.216797024,66435,43662,3999,14.2349601,2,10.41421356,56925.60546,7584,0.133226514,13.32265145,7.02495822,0.962106645,0.928679401,0.253429413,0.276992242,408,799,1207,0.273176461,0.250400806,0.896724181,0.099766387,0.590647662,0.020223535,0.344058096,0.811588359,0.208913985,0.142762812,0.092667377,0.169616808,0.554860809,-0.305310544,5.855985715,,,,
735.png,Canny,512,512,FALSE,,0.9,71678,67440,1550,45.73466572,10,126.2984848,70888.73187,2933,0.0413747,4.13746998,2.186525219,0.995077133,0.990332147,0.273429871,0.274240428,229,66,295,0.337464362,0.040539739,0.497419355,0.010720641,0.285806452,0.003469751,1,0.811588359,0.376805185,0.254934329,0.17932491,0.304114512,0.916312145,-0.025694315,4.404927771,,,,
737.png,SLoG,512,512,FALSE,,0.35,142553,66864,344,279.301489,1,6.704163056,96079.71221,1716,0.01786017,1.786017007,0.358036043,0.989927292,0.980602417,0.543796539,0.538617027,1222,2226,3448,0.336552292,0.011994496,0.941860465,0.006146805,0.747093023,0.001989112,0.521005571,0.811474848,0.407429566,0.542696873,0.303300403,0.465434373,0.998467341,-0.001121595,4.018317378,,,,
737.png,LoG,512,512,FALSE,,0.205079287,74358,48599,4176,15.07603781,2,10.41421356,62957.53388,8270,0.131358385,13.13583854,6.633042533,0.965729773,0.935327887,0.283653259,0.309325421,464,918,1382,0.283560425,0.231918352,0.896312261,0.097327105,0.602969349,0.018436593,0.322395414,0.811474848,0.23759014,0.181747617,0.114796535,0.20595065,0.605478325,-0.266858569,5.222445048,,,,
737.png,Canny,512,512,FALSE,,0.9,71228,67095,1559,45.12627497,8.414213562,129.5612265,70351.86268,2887,0.041036582,4.103658226,2.216003871,0.994671762,0.989611745,0.271713257,0.272526773,207,67,274,0.332989097,0.044906476,0.529185375,0.01138684,0.300833868,0.003740964,1,0.811474848,0.376167076,0.253521418,0.178481133,0.30290028,0.91387776,-0.026192528,4.21195797,,,,
744.png,SLoG,512,512,FALSE,,0.35,151245,65200,216,454.3296932,1,5,98135.21372,1192,0.012146506,1.214650638,0.220104478,0.988481581,0.978588957,0.576953888,0.552218245,1275,2098,3373,0.422749281,0.006625767,0.944444444,0.003604294,0.768518519,0.001625767,0.522728443,0.717671871,0.406296152,0.578230329,0.313413454,0.477250256,0.985768617,-0.009600578,5.190163924,,,,
744.png,LoG,512,512,FALSE,,0.220703259,84210,52813,4614,15.15799476,2,9.414213562,69938.98784,9501,0.135846976,13.5846976,6.597178687,0.974589586,0.950996914,0.321235657,0.355100971,536,1117,1653,0.334980756,0.22892091,0.903120936,0.099653494,0.614651062,0.019124079,0.352328122,0.717671871,0.220658059,0.20193847,0.117870287,0.210883657,0.54340503,-0.349388038,7.054665339,,,,
744.png,Canny,512,512,FALSE,,0.9,71852,65732,1745,40.263666,7.414213562,99.89604615,70260.09716,3538,0.050355752,5.03557516,2.483628789,0.994112432,0.988392259,0.274093628,0.279517095,463,130,593,0.407488078,0.052501065,0.55243553,0.012687884,0.303151862,0.004396641,1,0.717671871,0.375582028,0.270558127,0.186615989,0.314534762,0.947011862,-0.019576166,5.410494334,,,,
755.png,SLoG,512,512,FALSE,,0.35,127131,62398,1001,84.42093782,1,9,84505.35875,3300,0.039050778,3.905077795,1.184540264,0.989222407,0.979342287,0.484966278,0.484769013,1463,1865,3328,0.3763313,0.035321645,0.907092907,0.016474887,0.689310689,0.00658675,0.519754946,0.757340467,0.393989696,0.479383817,0.275926874,0.43251205,1.003249375,0.00099459,4.571792071,,,,
755.png,LoG,512,512,FALSE,,0.189453587,77203,49171,4995,12.16309317,2,10.5882251,60754.6504,9492,0.156234954,15.62349538,8.22159286,0.967063904,0.936812349,0.294506073,0.317874416,477,969,1446,0.327262938,0.27146082,0.891491491,0.110552968,0.591591592,0.022391247,0.29466334,0.757340467,0.252206876,0.20122232,0.126029875,0.223848191,0.632045061,-0.257253675,5.549917782,,,,
755.png,Canny,512,512,FALSE,,0.9,69550,64531,1630,41.96998361,7.828427125,114.6180808,68411.07328,3063,0.044773453,4.477345338,2.382655207,0.994266331,0.988749593,0.265312195,0.264980821,302,113,415,0.375480473,0.047403573,0.542944785,0.012428135,0.31595092,0.004540453,1,0.757340467,0.378141079,0.251496505,0.177913338,0.30208222,0.934981102,-0.020155497,4.681380446,,,,
758.png,SLoG,512,512,FALSE,,0.35,141890,65428,400,232.9731757,1,8,93189.27029,1848,0.019830609,1.983060919,0.429233965,0.989881992,0.980314239,0.541267395,0.535608842,1263,2149,3412,0.342292905,0.014091826,0.92,0.00664853,0.7025,0.002399584,0.50546062,0.817482591,0.402340761,0.531433698,0.296986393,0.457963776,0.988317819,-0.01201288,4.259808891,,,,
758.png,LoG,512,512,FALSE,,0.220703825,62036,41142,3817,13.99075282,2,10.41421356,53402.70351,7232,0.135423855,13.54238554,7.147578211,0.96198529,0.928783239,0.23664856,0.258947166,309,702,1011,0.277342141,0.252029556,0.891275871,0.101672257,0.592088027,0.019979583,0.350106329,0.817482591,0.203258991,0.129798074,0.08602812,0.158427058,0.552558205,-0.29856034,5.910104426,,,,
758.png,Canny,512,512,FALSE,,0.9,71161,67072,1471,47.86199505,9.414213562,131.8406204,70404.99471,2833,0.040238622,4.023862244,2.089340403,0.995050073,0.990219466,0.271457672,0.272032318,210,71,281,0.338468909,0.042864385,0.50917743,0.009765625,0.265125765,0.002966961,1,0.817482591,0.373251345,0.250397046,0.176279259,0.299723484,0.909229708,-0.027634424,4.423260815,,,,
76.png,SLoG,512,512,FALSE,,0.35,103224,54711,3036,20.92682435,2.414213562,44.6629509,63533.83871,6042,0.095098929,9.509892873,4.778555903,0.986721158,0.974392718,0.393768311,0.394429414,1018,796,1814,0.392231464,0.115205352,0.713768116,0.041234852,0.47397892,0.014147064,0.52438736,0.722372591,0.400113794,0.367232076,0.236834227,0.382968424,0.98358504,-0.015661273,3.910408207,,,,
76.png,LoG,512,512,FALSE,,0.150391668,69704,46981,6378,8.545472426,2,10,54503.02314,11153,0.204630851,20.46308509,11.70210317,0.96367681,0.931014666,0.265899658,0.285074869,510,782,1292,0.35006687,0.35735723,0.898714331,0.148528128,0.611633741,0.032821779,0.229154333,0.722372591,0.287032583,0.190404812,0.129267556,0.228940529,0.668146616,-0.244869411,4.662031244,,,,
76.png,Canny,512,512,FALSE,,0.9,70295,64207,2174,31.40053995,6.414213562,85.86761902,68264.77386,4098,0.060030961,6.003096133,3.184658612,0.993256211,0.98687059,0.268154144,0.2663317,436,225,661,0.40573889,0.066565951,0.581416743,0.01747473,0.344986201,0.007008582,1,0.722372591,0.413950222,0.256542174,0.188191227,0.316769259,0.942236634,-0.019179597,3.769745984,,,,
763.png,SLoG,512,512,FALSE,,0.35,137621,65936,485,188.6674151,1,8.828427125,91503.69634,2097,0.022917107,2.2917107,0.530033233,0.990816832,0.982073526,0.524982452,0.521327173,1252,1985,3237,0.355966508,0.016789008,0.911340206,0.007613443,0.682474227,0.002927081,0.502881408,0.817139864,0.393603552,0.514961208,0.287148277,0.446177464,0.990903744,-0.007178398,4.386259483,,,,
763.png,LoG,512,512,FALSE,,0.216797024,60494,41673,3712,15.37141816,2,10,57058.70423,7140,0.125134282,12.51342823,6.505580613,0.962661684,0.929810669,0.230766296,0.252387557,354,641,995,0.295447916,0.243586975,0.898706897,0.101600557,0.61018319,0.019509035,0.344468325,0.817139864,0.213629517,0.135311386,0.090323122,0.165681385,0.589139313,-0.258927978,5.769817132,,,,
763.png,Canny,512,512,FALSE,,0.9,72738,67671,1634,43.86623486,8.414213562,118.9068109,71677.42776,3188,0.044477042,4.447704249,2.279657699,0.995042205,0.990128711,0.27747345,0.278001053,289,89,378,0.354368418,0.047597937,0.525091799,0.010728377,0.276009792,0.003590903,1,0.817139864,0.372069608,0.259582722,0.180505231,0.305810133,0.935106017,-0.018878704,4.487687607,,,,
766.png,SLoG,512,512,FALSE,,0.35,131918,64116,656,135.598025,1,7.328427125,88952.30442,2482,0.027902594,2.79025936,0.737473868,0.989690542,0.979989394,0.503227234,0.499604607,1430,2045,3475,0.365369678,0.022818017,0.932926829,0.011572774,0.733231707,0.004382681,0.531105876,0.7643363,0.402581088,0.497742757,0.286283455,0.445132764,1.005153765,0.000987609,4.325017708,,,,
766.png,LoG,512,512,FALSE,,0.185547754,87521,56495,4658,15.91157602,2,11.82842712,74116.1211,9503,0.128217719,12.82177191,6.284732567,0.974466741,0.950880609,0.333866119,0.360840659,560,1134,1694,0.326473176,0.218798124,0.882567626,0.09064519,0.591670245,0.017736083,0.28630957,0.7643363,0.273671761,0.244382779,0.148237008,0.258199322,0.661045548,-0.25153674,5.019053396,,,,
766.png,Canny,512,512,FALSE,,0.9,69930,65035,1611,42.7457159,6.414213562,113.3847763,68863.34832,3053,0.044334179,4.433417884,2.339415726,0.994041681,0.98820635,0.26676178,0.267168195,305,110,415,0.366700798,0.048650727,0.577901924,0.013423541,0.34264432,0.004720535,1,0.7643363,0.382763805,0.253070057,0.179725129,0.304689837,0.951255908,-0.016701916,4.449654072,,,,
767.png,SLoG,512,512,FALSE,,0.35,151349,69790,222,485.7643104,1,3,107839.6769,1271,0.011786015,1.178601454,0.205861151,0.990063071,0.980799541,0.577350616,0.569721199,1381,2319,3700,0.390617758,0.005573864,0.963963964,0.003983379,0.864864865,0.001719444,0.535209537,0.750052989,0.411757366,0.580672208,0.317384072,0.481839851,0.989577596,-0.008253445,4.371902588,,,,
767.png,LoG,512,512,FALSE,,0.224609643,78290,50409,4936,13.02000369,2,10.41421356,64266.73821,9631,0.149859792,14.98597917,7.680489375,0.966057658,0.935428197,0.298652649,0.324324324,492,981,1473,0.329069316,0.261639787,0.895259319,0.110972247,0.607374392,0.021067666,0.34937188,0.750052989,0.23386972,0.18775037,0.116250601,0.208287639,0.580598563,-0.315447338,5.607962775,,,,
767.png,Canny,512,512,FALSE,,0.9,71745,66453,1499,47.22763091,8.414213562,122.2239682,70794.21874,2954,0.041726571,4.172657108,2.117404538,0.99516201,0.99039923,0.273685455,0.274702987,335,109,444,0.384289235,0.041939416,0.526350901,0.010428423,0.294863242,0.003701864,1,0.750052989,0.38072766,0.258883932,0.182173112,0.308200398,0.942980317,-0.019885673,4.587571077,,,,
77.png,SLoG,512,512,FALSE,,0.35,83728,52533,6265,9.330346938,2,16.07106781,58454.62357,10334,0.1767867,17.67867,10.71771507,0.979013205,0.959682485,0.319396973,0.331573416,717,733,1450,0.416334003,0.283536063,0.835913807,0.108579369,0.563926576,0.033978642,0.516043782,0.564652765,0.352753251,0.274272414,0.182453356,0.308601358,0.966885565,-0.028437128,4.279575048,,,,
77.png,LoG,512,512,FALSE,,0.162109524,35463,23103,3529,7.940357443,1,6.828427125,28021.52142,5572,0.198847162,19.88471617,12.59389149,0.932692707,0.879842445,0.135280609,0.147578654,265,403,668,0.341920853,0.366099641,0.933692264,0.186988703,0.706432417,0.046833745,0.266865343,0.564652765,0.217961398,0.075428337,0.059362734,0.112072535,0.623897914,-0.250559245,5.642068338,,,,
77.png,Canny,512,512,FALSE,,0.9,61726,53185,2978,19.49359249,3.414213562,48.43624817,58051.91845,5193,0.089454408,8.945440804,5.129890759,0.98464793,0.970706026,0.235466003,0.233789577,568,466,1034,0.471103787,0.111986462,0.666890531,0.035367115,0.424445937,0.014440162,1,0.564652765,0.41465242,0.227321624,0.17209595,0.293655055,0.959761431,-0.008012926,3.721725133,,,,
770.png,SLoG,512,512,FALSE,,0.35,131744,64755,679,131.0490982,1,8.276955262,88982.33769,2685,0.030174528,3.017452755,0.763072782,0.989552915,0.979785345,0.502563477,0.49955463,1296,2033,3329,0.352853358,0.023890047,0.918998527,0.011751988,0.709867452,0.004030577,0.523257792,0.78870424,0.404120311,0.497962762,0.287134131,0.446160387,1.003246064,0.001725836,4.069170149,,,,
770.png,LoG,512,512,FALSE,,0.177734658,82338,53114,4254,16.43559381,2,11.58406204,69917.01605,8590,0.122859934,12.28599343,6.084355769,0.971994221,0.946906654,0.314094543,0.341400176,559,1058,1617,0.307884097,0.211695598,0.882933709,0.08790526,0.599200752,0.018187295,0.277077943,0.78870424,0.266064823,0.224054876,0.138472033,0.243259437,0.643935606,-0.248461791,4.859969932,,,,
770.png,Canny,512,512,FALSE,,0.9,69676,65162,1563,43.91532087,7.414213562,119.9553391,68639.64652,2887,0.04206024,4.206023991,2.277109629,0.994413912,0.988935269,0.265792847,0.265946547,227,101,328,0.351808786,0.046315337,0.55534229,0.012077591,0.321177223,0.00426629,1,0.78870424,0.376381791,0.246902883,0.175221809,0.298193597,0.915636159,-0.027782823,4.238225845,,,,
772.png,SLoG,512,512,FALSE,,0.35,147374,66394,278,349.5567757,1,8.414213562,97176.78364,1559,0.016042927,1.604292653,0.28607656,0.989682794,0.980103624,0.562187195,0.553195231,1334,2302,3636,0.353413135,0.009488809,0.935251799,0.004654035,0.737410072,0.001777269,0.518800616,0.794615221,0.407454507,0.558590345,0.30821557,0.471199972,0.990950077,-0.010078606,4.394158015,,,,
772.png,LoG,512,512,FALSE,,0.208985195,66736,43106,4284,12.61415724,2,9.828427125,54039.04961,8029,0.148577743,14.85777425,7.92760056,0.961710691,0.927736278,0.254577637,0.278477779,371,802,1173,0.278761566,0.273511808,0.903127918,0.110239874,0.598506069,0.021829908,0.330233634,0.794615221,0.203238952,0.140259848,0.090498222,0.165975919,0.550820818,-0.314027438,6.101122694,,,,
772.png,Canny,512,512,FALSE,,0.9,70512,66266,1432,48.65797846,9,140.5541197,69678.22516,2688,0.038577332,3.857733164,2.055161418,0.994831443,0.989859053,0.268981934,0.270035886,218,63,281,0.344917923,0.039779072,0.515363128,0.009808952,0.289804469,0.003621767,1,0.794615221,0.37353265,0.249968868,0.176129509,0.299506997,0.91422643,-0.028850975,4.589127251,,,,
779.png,SLoG,512,512,FALSE,,0.35,92711,60418,6748,10.32494587,2,16.24264069,69672.73474,12661,0.181721014,18.17210139,9.685280799,0.986775458,0.974163329,0.353664398,0.369033429,977,1201,2178,0.466789603,0.26967129,0.844101956,0.107103843,0.565352697,0.028451786,0.504972816,0.450377375,0.344016682,0.306718401,0.193530083,0.324298626,0.957649416,-0.044306879,4.557282206,,,,
779.png,LoG,512,512,FALSE,,0.158203289,38737,25192,4301,7.472833556,1,5,32140.65713,6391,0.198844721,19.8844721,13.38180481,0.925690711,0.867815179,0.147769928,0.161624906,287,456,743,0.359335661,0.387265799,0.958381772,0.218243887,0.760985817,0.059542712,0.260318041,0.450377375,0.197101824,0.076965049,0.058594561,0.110702555,0.63926249,-0.272121537,6.598002704,,,,
779.png,Canny,512,512,FALSE,,0.9,56481,46420,3106,16.56674592,3.414213562,44.67766953,51456.31282,5054,0.098219241,9.82192412,6.036188429,0.979308486,0.96059888,0.215457916,0.214723362,563,351,914,0.536677063,0.129642396,0.667095943,0.040629039,0.424983902,0.0183757,1,0.450377375,0.412691611,0.214091566,0.164095415,0.281927775,1.048985524,0.015608982,3.964270345,,,,
784.png,SLoG,512,512,FALSE,,0.35,83699,55306,7382,8.305684096,2,13.24264069,61312.56,12737,0.207738839,20.77388385,12.03994744,0.980870068,0.963367447,0.319286346,0.336748345,797,899,1696,0.449267298,0.333508118,0.868192902,0.131305826,0.581143322,0.035294543,0.511781573,0.454074508,0.324383562,0.267235719,0.171680156,0.293049524,0.959900613,-0.035219348,5.122431829,,,,
784.png,LoG,512,512,FALSE,,0.166015789,40017,25108,3882,8.161404372,1,6,31682.57177,6059,0.191240788,19.12407883,12.2527932,0.929265559,0.874223355,0.15265274,0.167430606,340,502,842,0.358368248,0.358491318,0.942555384,0.194280707,0.733642452,0.049028198,0.276691735,0.454074508,0.191934878,0.078617449,0.059067014,0.111545376,0.608941085,-0.271585746,6.924964018,,,,
784.png,Canny,512,512,FALSE,,0.9,56118,46694,3049,16.96247483,3.414213562,45.47005769,51718.58576,5003,0.09673505,9.67350504,5.895366153,0.977545321,0.957146528,0.214073181,0.213455675,586,376,962,0.530108273,0.128303422,0.671367662,0.040818949,0.428993112,0.017711055,1,0.454074508,0.401984283,0.209916694,0.159962787,0.275806756,1.007485587,0.00632556,4.341278293,,,,
786.png,SLoG,512,512,FALSE,,0.35,93833,57073,6055,10.64713462,2,17.65685425,64468.40011,10910,0.169230196,16.92301962,9.392198332,0.98619312,0.973069578,0.357944489,0.368167519,961,945,1906,0.436192065,0.24999562,0.827250206,0.096472938,0.553592073,0.028367179,0.522230387,0.539949298,0.354226161,0.311505098,0.198677779,0.331494889,0.961499657,-0.034456702,4.588235938,,,,
786.png,LoG,512,512,FALSE,,0.185547218,52462,33824,4798,8.798137372,1,8,42213.46311,7952,0.188375921,18.83759212,11.36604213,0.946399033,0.901046594,0.200126648,0.217759738,454,674,1128,0.367022723,0.345376064,0.921008754,0.16609508,0.675489787,0.040888127,0.299052924,0.539949298,0.222790751,0.115881417,0.082521678,0.15246194,0.611946679,-0.279556201,5.966041654,,,,
786.png,Canny,512,512,FALSE,,0.9,61882,52831,3071,18.91103512,3.414213562,49.07106781,58075.78886,5326,0.091707751,9.170775127,5.28791784,0.985264361,0.971683292,0.236061096,0.234079361,649,431,1080,0.486655176,0.116181787,0.674047542,0.037307641,0.431781179,0.015237266,1,0.539949298,0.405157296,0.226530061,0.169992792,0.29058776,0.969145798,-0.008892553,4.094253056,,,,
796.png,SLoG,512,512,FALSE,,0.35,107497,57618,2494,27.79124385,2,45.4019336,69311.36216,5231,0.075471032,7.547103155,3.598255643,0.988067985,0.977073137,0.410068512,0.412927938,1093,1040,2133,0.357310832,0.083845326,0.750200481,0.035370891,0.538893344,0.013329168,0.52420342,0.781322181,0.39597764,0.391094308,0.24495856,0.393520825,1.007635488,0.00168686,3.88442108,,,,
796.png,LoG,512,512,FALSE,,0.185547695,70893,48081,5222,11.4414561,2,10.41421356,59747.28374,9520,0.159337788,15.93377875,8.740146285,0.965890884,0.935109503,0.270435333,0.293454489,487,822,1309,0.312004834,0.287909985,0.895825354,0.119049105,0.607621601,0.025665024,0.284621865,0.781322181,0.290080796,0.203608686,0.135893619,0.239271736,0.715276305,-0.195877614,4.462676304,,,,
796.png,Canny,512,512,FALSE,,0.9,69207,64014,1964,34.44369516,6.414213562,92.55462479,67647.4173,3655,0.054030148,5.403014847,2.903288963,0.993298352,0.987065329,0.264003754,0.262924384,322,159,481,0.366225392,0.060330553,0.578411405,0.017480551,0.349796334,0.005639391,1,0.781322181,0.394633883,0.248177154,0.179747037,0.30472132,0.933753295,-0.023361904,3.884034904,,,,
797.png,SLoG,512,512,FALSE,,0.35,75012,49614,7625,6.987560785,1.414213562,11.65685425,53280.15099,12363,0.232037631,23.20376307,14.31114563,0.975601673,0.953359939,0.286148071,0.303441539,731,729,1460,0.431402564,0.373523602,0.881704918,0.156266376,0.611278689,0.04440279,0.514046788,0.464263982,0.309067547,0.226144623,0.150206811,0.261182267,0.960452514,-0.034943851,5.019588515,,,,
797.png,LoG,512,512,FALSE,,0.162109718,36017,23153,3634,8.027617034,1,5.828427125,29172.3603,5791,0.19850982,19.85098203,12.45699684,0.931974232,0.877856001,0.137393951,0.150796346,290,432,722,0.354022115,0.37027599,0.947716015,0.20429318,0.740781508,0.047337278,0.272939205,0.464263982,0.173371514,0.063041478,0.048471847,0.092461894,0.566991688,-0.277585772,6.836191258,,,,
797.png,Canny,512,512,FALSE,,0.9,56008,46663,3031,17.02376188,3.414213562,45.69848481,51599.02227,5073,0.098315816,9.83158164,5.874142313,0.977958977,0.957953839,0.213653564,0.212927677,603,378,981,0.520181954,0.128774404,0.678983834,0.041424683,0.430221049,0.01680132,1,0.464263982,0.397546713,0.204116499,0.155894593,0.269738424,1.00481276,0.00086193,4.215391604,,,,
798.png,SLoG,512,512,FALSE,,0.35,103286,56530,3619,18.44433223,1.414213562,33.38477631,66750.03835,7191,0.107730275,10.77302752,5.421719732,0.986272752,0.973500796,0.394004822,0.396170956,1271,1012,2283,0.416771382,0.132885194,0.778391821,0.055828763,0.553191489,0.018397311,0.534968913,0.655963719,0.38802993,0.364170323,0.231316099,0.375721716,0.981992745,-0.020420867,4.298749083,,,,
798.png,LoG,512,512,FALSE,,0.189453289,61748,40744,5632,8.731336827,1,8.828427125,49174.88901,9639,0.196014677,19.60146773,11.45299992,0.955735803,0.917092087,0.235549927,0.254900239,508,767,1275,0.364994258,0.34174357,0.909090909,0.157250147,0.649147727,0.037109758,0.291753024,0.655963719,0.269006807,0.162438962,0.112694639,0.202561664,0.673979565,-0.24375841,5.133669808,,,,
798.png,Canny,512,512,FALSE,,0.9,67165,59484,2501,25.78505973,4.414213562,65.04163056,64488.43439,4562,0.070741367,7.074136693,3.878214789,0.990930319,0.982516307,0.256214142,0.253775526,557,334,891,0.44239524,0.080912514,0.630147941,0.02514962,0.399040384,0.010170802,1,0.655963719,0.413816396,0.248779232,0.18395342,0.310744354,0.977718769,-0.009803119,4.06795642,,,,
799.png,SLoG,512,512,FALSE,,0.35,136960,65199,518,179.907541,1,5.879898987,93192.10622,1936,0.020774292,2.077429171,0.55584107,0.990222216,0.98113468,0.522460938,0.517243115,1438,2016,3454,0.418517411,0.015184282,0.934362934,0.008788478,0.781853282,0.004003129,0.542195857,0.727006853,0.416007721,0.525025589,0.302254461,0.464201843,0.997414446,-0.004316028,4.445398895,,,,
799.png,LoG,512,512,FALSE,,0.240235418,94027,59693,5046,15.55642685,2,11.41421356,78497.7299,10594,0.134959317,13.49593168,6.428211372,0.978263795,0.957951519,0.35868454,0.386811251,662,1215,1877,0.359775156,0.228938066,0.886246532,0.089993802,0.572136346,0.017070678,0.370271444,0.727006853,0.26817048,0.253101331,0.149701541,0.260418093,0.615638292,-0.304609929,5.628114212,,,,
799.png,Canny,512,512,FALSE,,0.9,72265,65810,1915,36.81499824,6.414213562,95.52447327,70500.72162,3779,0.053602288,5.360228822,2.716284254,0.994499326,0.989241757,0.275669098,0.274341926,496,174,670,0.416679978,0.057043003,0.574934726,0.015347212,0.334203655,0.005363926,1,0.727006853,0.392743008,0.262896622,0.186916908,0.314962078,0.946787169,-0.018475657,4.587150687,,,,
805.png,SLoG,512,512,FALSE,,0.35,147063,68486,291,355.078902,1,6.828427125,103327.9605,1522,0.014729798,1.472979814,0.281627547,0.989391983,0.979470257,0.561000824,0.554047159,1381,2285,3666,0.386985123,0.009242765,0.945017182,0.005285752,0.783505155,0.001795988,0.528927147,0.755398095,0.410429059,0.567143006,0.312529458,0.476224677,0.990129229,-0.008538768,4.749413077,,,,
805.png,LoG,512,512,FALSE,,0.240234658,78521,50106,4727,13.65230611,2,9.414213562,64534.45098,9214,0.142776453,14.27764529,7.324769837,0.96739912,0.937432643,0.299533844,0.325198866,487,963,1450,0.309479773,0.25086816,0.905013751,0.10807089,0.615189338,0.020636251,0.376271874,0.755398095,0.222205075,0.180223219,0.110509181,0.199024345,0.558034556,-0.330645696,6.3465574,,,,
805.png,Canny,512,512,FALSE,,0.9,71647,66160,1554,45.38981016,7.742640687,123.7440692,70535.76498,3028,0.042928577,4.292857674,2.203137657,0.994921386,0.990024184,0.273311615,0.273573227,351,108,459,0.380444676,0.045057437,0.546975547,0.011804716,0.313384813,0.004005441,1,0.755398095,0.381544953,0.260331699,0.183077205,0.309493251,0.926307466,-0.020984578,4.961509785,,,,
812.png,SLoG,512,512,FALSE,,0.35,91567,54608,4829,12.89565762,2,21.24264069,62273.13063,8383,0.134616646,13.46166463,7.754548311,0.983811915,0.969033841,0.349300385,0.356200638,973,792,1765,0.365448982,0.197699971,0.809070201,0.078047173,0.556636985,0.025911954,0.523097217,0.706036198,0.379998826,0.320328501,0.210376512,0.347621604,0.987572311,-0.013746353,3.901242547,,,,
812.png,LoG,512,512,FALSE,,0.177734539,43914,29149,3663,9.88826122,1,9.414213562,36220.70085,6100,0.168411981,16.84119815,10.11300144,0.949552298,0.907749837,0.167518616,0.183077804,312,501,813,0.309464216,0.306356993,0.906906907,0.148306975,0.67021567,0.034992624,0.283727437,0.706036198,0.253448433,0.109810518,0.082972599,0.153231207,0.682501117,-0.196032451,4.819683866,,,,
812.png,Canny,512,512,FALSE,,0.9,63342,56982,2455,24.72509517,4.414213562,66.33036072,60700.10864,4250,0.070016349,7.001634915,4.044473816,0.989338756,0.979590046,0.241630554,0.238108179,365,267,632,0.391762704,0.086483451,0.636659878,0.025938016,0.401221996,0.01054719,1,0.706036198,0.401106234,0.226022857,0.168992099,0.28912445,0.931041521,-0.023850583,3.707807102,,,,
813.png,SLoG,512,512,FALSE,,0.35,59452,40861,6760,6.50569996,1,10,43978.53173,9889,0.224859712,22.48597125,15.37113618,0.962898612,0.930961063,0.226791382,0.244915045,563,515,1078,0.370045096,0.386676782,0.899704142,0.169941998,0.647928994,0.05672891,0.515776634,0.532657146,0.267980447,0.161482687,0.112054487,0.201526973,0.965497031,-0.030811337,5.874426019,,,,
813.png,LoG,512,512,FALSE,,0.162109524,25584,16381,1961,11.3891241,1,7,22334.07235,3128,0.140055067,14.0055067,8.78030647,0.944112062,0.900982846,0.097595215,0.107090682,171,297,468,0.308940917,0.279348025,0.92554819,0.144496673,0.712391637,0.038276052,0.283568144,0.532657146,0.140483915,0.037015676,0.03018063,0.05859289,0.503110977,-0.271967338,8.623168883,,,,
813.png,Canny,512,512,FALSE,,0.9,55427,46976,2785,18.43988538,4,49.21320344,51355.08078,4695,0.091422308,9.142230775,5.423027201,0.977839768,0.958021117,0.211437225,0.211598595,453,320,773,0.475278765,0.115484503,0.651346499,0.03755109,0.414721724,0.014432902,1,0.532657146,0.379334903,0.197489031,0.149258959,0.259748176,0.951516704,-0.013686641,4.572463208,,,,
815.png,SLoG,512,512,FALSE,,0.35,153993,65420,183,538.6614096,1,8.6627417,98575.03796,1096,0.011118433,1.111843346,0.185645376,0.987649024,0.976566799,0.587436676,0.564461709,1237,2138,3375,0.41061765,0.005762764,0.912568306,0.003041883,0.732240437,0.001284011,0.5209319,0.739994645,0.410301057,0.579444326,0.316152939,0.480419759,0.985903638,-0.015790484,4.946648998,,,,
815.png,LoG,512,512,FALSE,,0.236328259,70719,44969,4584,12.26885263,2,9.414213562,56240.42046,8710,0.154870819,15.48708194,8.150721424,0.964108586,0.931864173,0.269771576,0.300096583,407,823,1230,0.31187889,0.283395228,0.908158813,0.110676244,0.585951134,0.022193066,0.374154717,0.739994645,0.185887257,0.139567809,0.086620728,0.159431393,0.496559145,-0.374072135,7.432551837,,,,
815.png,Canny,512,512,FALSE,,0.9,69707,64291,1633,41.94123134,7.828427125,108.5587878,68490.03079,3245,0.047379158,4.737915815,2.384288606,0.994314909,0.988863138,0.265911102,0.272691687,386,147,533,0.404150635,0.050551399,0.549295775,0.011883467,0.301285977,0.004386306,1,0.739994645,0.376261878,0.256706408,0.18007557,0.305193285,0.914557654,-0.027587346,5.28779022,,,,
816.png,SLoG,512,512,FALSE,,0.35,132299,65455,640,138.2246183,1,12.45563492,88463.75572,2480,0.02803408,2.803407994,0.723460128,0.991383374,0.98307234,0.504680634,0.502273317,1211,1861,3072,0.357016236,0.022305401,0.8796875,0.009258269,0.6296875,0.003651364,0.501848161,0.810633337,0.387757143,0.494273146,0.277615325,0.434583586,0.994655837,-0.007094837,4.979124412,,,,
816.png,LoG,512,512,FALSE,,0.216797158,60011,40911,3350,16.57136886,2,10.65685425,55514.08569,6543,0.117861979,11.7861979,6.034504502,0.962357283,0.929383295,0.228923798,0.250994315,419,696,1115,0.282786697,0.217643177,0.891343284,0.093006771,0.608955224,0.017868055,0.346752316,0.810633337,0.187917,0.119700801,0.078891348,0.146245213,0.553599501,-0.284808645,6.932095744,,,,
816.png,Canny,512,512,FALSE,,0.9,72969,67492,1669,42.96709328,8.242640687,108.4249783,71712.07869,3209,0.044748389,4.474838909,2.327362462,0.994799376,0.989732116,0.278354645,0.278793258,324,101,425,0.357188851,0.044523795,0.527261833,0.012194038,0.308568005,0.00419309,1,0.810633337,0.370314753,0.262011517,0.181256891,0.306888184,0.949780109,-0.017520171,5.070410117,,,,
817.png,SLoG,512,512,FALSE,,0.35,157618,65134,150,663.9847019,1,3.414213562,99597.70528,950,0.009538372,0.953837237,0.15060588,0.987057447,0.976371787,0.601264954,0.570452438,1270,2122,3392,0.425190777,0.004268124,0.953333333,0.002625357,0.793333333,0.001212884,0.518781126,0.717282164,0.41661348,0.593734466,0.324195244,0.489648706,0.986272083,-0.016568552,4.657684451,,,,
817.png,LoG,512,512,FALSE,,0.240234509,72884,45863,4675,12.45806423,2,9.414213562,58241.45026,8958,0.153807983,15.38079831,8.026929239,0.965833008,0.93467501,0.278030396,0.308150833,438,881,1319,0.325175107,0.27577786,0.906096257,0.110851885,0.593368984,0.022763448,0.385770321,0.717282164,0.190388526,0.146569504,0.090292483,0.165629837,0.490213055,-0.379920149,6.87588856,,,,
817.png,Canny,512,512,FALSE,,0.9,69223,63613,1663,40.8056496,7,107.9553391,67859.79529,3309,0.048762304,4.876230448,2.45064105,0.993806303,0.987864116,0.264064789,0.273677125,394,146,540,0.412913024,0.050461384,0.559230307,0.012937607,0.315694528,0.004700297,1,0.717282164,0.382210534,0.261324816,0.183721726,0.310413709,0.937271876,-0.022547431,4.899461362,,,,
823.png,SLoG,512,512,FALSE,,0.35,150509,69077,217,485.8748898,1,6.897056275,105434.8511,1251,0.011865147,1.186514693,0.205814299,0.989236653,0.979110268,0.574146271,0.566747187,1357,2349,3706,0.397348613,0.006688189,0.926267281,0.003952111,0.774193548,0.001201558,0.531452239,0.7461676,0.41314367,0.579835238,0.317955586,0.482498181,0.984984831,-0.015592199,5.019259514,,,,
823.png,LoG,512,512,FALSE,,0.255863726,74998,48264,5180,11.58564031,2,9.242640687,60013.61678,9815,0.163546217,16.35462171,8.631374474,0.96338886,0.930341455,0.286094666,0.310382153,458,888,1346,0.311706364,0.289511851,0.907722008,0.12100116,0.603281853,0.023309299,0.399586022,0.7461676,0.206323131,0.158583789,0.09849712,0.179330684,0.52899458,-0.358319587,7.105576158,,,,
823.png,Canny,512,512,FALSE,,0.9,72262,66628,1615,43.8698631,7.242640687,117.7435642,70849.82891,3185,0.044954237,4.4954237,2.27946916,0.995114684,0.990319385,0.275657654,0.275715074,358,95,453,0.387114704,0.046662064,0.547987616,0.012142042,0.305263158,0.00382722,1,0.7461676,0.377978536,0.258072529,0.181141944,0.306723413,0.931729025,-0.025015943,5.323606193,,,,
827.png,SLoG,512,512,FALSE,,0.35,132568,63707,586,143.6332647,1,13,84169.0931,2377,0.02824077,2.824077001,0.696217553,0.990409195,0.981618974,0.505706787,0.504938509,1280,1760,3040,0.347453296,0.021316339,0.872013652,0.00910418,0.634812287,0.003186463,0.500975668,0.824581325,0.371581209,0.484793714,0.266387154,0.420704132,0.982805757,-0.016722036,5.364123887,,,,
827.png,LoG,512,512,FALSE,,0.224610627,52574,35073,3195,14.24253128,2,10.82842712,45504.88742,5691,0.125063489,12.50634893,7.021223831,0.956704617,0.919995438,0.200553894,0.220125997,356,551,907,0.26909104,0.24240869,0.890453834,0.099421207,0.607511737,0.022581473,0.359968692,0.824581325,0.168347541,0.095750898,0.065003196,0.122071364,0.54628653,-0.289637704,7.689262676,,,,
827.png,Canny,512,512,FALSE,,0.9,73422,68147,1562,46.26661926,9.328427125,115.9737157,72268.45928,3075,0.042549683,4.254968254,2.1613855,0.995201528,0.990520492,0.280082703,0.278914785,314,90,404,0.347855121,0.042804526,0.512804097,0.011137688,0.291293214,0.003477776,1,0.824581325,0.363194017,0.261742933,0.179407859,0.304233786,0.953172163,-0.014538854,5.351713985,,,,
835.png,SLoG,512,512,FALSE,,0.35,147387,66777,187,530.1333824,1,6.99411255,99134.94251,1302,0.013133613,1.313361331,0.188631773,0.989427507,0.979798434,0.562236786,0.555921577,1288,2224,3512,0.386982232,0.005645656,0.92513369,0.003084894,0.743315508,0.001227968,0.522454143,0.767630839,0.40181237,0.560088272,0.305422163,0.46792857,0.982673416,-0.021795126,5.124855487,,,,
835.png,LoG,512,512,FALSE,,0.232422009,63054,40893,4727,10.52194302,2,8.414213562,49737.22465,8400,0.16888759,16.88875899,9.503948065,0.95326829,0.912723449,0.240531921,0.262994443,291,665,956,0.290130317,0.316777933,0.918764544,0.130560243,0.612862281,0.026190302,0.368393689,0.767630839,0.170945483,0.112725935,0.072881563,0.13586134,0.505823344,-0.358947321,7.608901436,,,,
835.png,Canny,512,512,FALSE,,0.9,72027,66616,1551,45.78717741,7.414213562,108.4264069,71015.91217,3080,0.043370562,4.337056169,2.184017571,0.995158792,0.990392698,0.2747612,0.274494765,379,118,497,0.378416151,0.044688964,0.553191489,0.011663865,0.314635719,0.003993035,1,0.767630839,0.372425376,0.256326187,0.179006774,0.303656905,0.908276039,-0.028125559,5.323809036,,,,
836.png,SLoG,512,512,FALSE,,0.35,127911,61771,688,118.5954225,1,16.02132034,81593.65068,2743,0.033617812,3.361781189,0.843202865,0.991031408,0.982516067,0.487941742,0.489267822,1448,1618,3066,0.367089719,0.025157436,0.861918605,0.01061987,0.623546512,0.003966262,0.494157374,0.788268161,0.38278321,0.466745114,0.266315714,0.420615035,0.978737847,-0.022347052,5.210459078,,,,
836.png,LoG,512,512,FALSE,,0.232422158,50244,33317,3143,14.29471291,2,10.41421356,44928.28266,5749,0.127959487,12.7959487,6.995593452,0.953192055,0.913107423,0.191665649,0.209846779,297,526,823,0.284175992,0.248851937,0.89532294,0.107962902,0.619153675,0.021340457,0.375568986,0.788268161,0.156823703,0.082015183,0.056916973,0.107703774,0.491782041,-0.330509989,8.131793531,,,,
836.png,Canny,512,512,FALSE,,0.9,72993,67642,1651,43.50245414,9,112.9705627,71822.55178,3222,0.044860561,4.486056148,2.298720888,0.995143533,0.990405369,0.278446198,0.279241373,297,92,389,0.366722405,0.047440939,0.514233798,0.010319033,0.268927922,0.003607226,1,0.788268161,0.375639683,0.261415585,0.182233934,0.308287435,0.919291442,-0.021942597,5.16552546,,,,
840.png,SLoG,512,512,FALSE,,0.35,152925,68709,229,451.5604801,1,7,103407.3499,1292,0.012494276,1.249427628,0.221454278,0.98873508,0.978285232,0.583362579,0.575408618,1183,2296,3479,0.359093904,0.007320729,0.92139738,0.003682196,0.716157205,0.001295318,0.522174299,0.795279551,0.39982301,0.586576424,0.31192349,0.475520856,0.986316383,-0.013034085,4.755730847,,,,
840.png,LoG,512,512,FALSE,,0.236328974,71091,46142,3946,15.16537306,2,10.41421356,59842.56209,7615,0.127250568,12.72505677,6.593969011,0.965931237,0.93593689,0.271190643,0.29535703,493,887,1380,0.29086706,0.228143557,0.895590471,0.093884097,0.60466295,0.019873434,0.374120086,0.795279551,0.206771805,0.155710926,0.097481029,0.177645038,0.561004904,-0.303580625,6.392762833,,,,
840.png,Canny,512,512,FALSE,,0.9,71917,67059,1519,46.72379251,7.414213562,124.4038672,70973.44082,2925,0.0412126,4.121259962,2.140237225,0.995131135,0.99035178,0.274341583,0.274496219,269,84,353,0.353841066,0.046794614,0.557603687,0.011333304,0.300855826,0.003489465,1,0.795279551,0.366633215,0.25659526,0.177786954,0.301900022,0.919649281,-0.024096654,4.994733443,,,,
842.png,SLoG,512,512,FALSE,,0.35,138373,65825,474,198.7878058,1,7,94225.41993,2013,0.021363662,2.136366175,0.503048965,0.99008733,0.980751994,0.527851105,0.523487013,1385,2099,3484,0.394141465,0.016118496,0.930379747,0.007930118,0.713080169,0.002932017,0.530489564,0.758840644,0.406726973,0.528827472,0.298540643,0.45980947,0.994751178,-0.004821226,4.561571946,,,,
842.png,LoG,512,512,FALSE,,0.220704705,85417,54655,4871,14.51839651,2,10.65685425,70719.10942,9647,0.136412917,13.6412917,6.887812983,0.971173704,0.944616229,0.325839996,0.352135772,533,1002,1535,0.332413554,0.238825359,0.892835147,0.097081694,0.590843769,0.019522459,0.34175989,0.758840644,0.239530988,0.209496597,0.125815087,0.223509328,0.592484256,-0.307970169,5.893918678,,,,
842.png,Canny,512,512,FALSE,,0.9,70881,65307,1732,40.03019917,7.535533906,100.3730014,69332.30496,3357,0.048418987,4.84189874,2.498113976,0.994388044,0.988975148,0.270389557,0.269336156,331,107,438,0.389983505,0.050821505,0.546189376,0.012923576,0.307736721,0.004455878,1,0.758840644,0.376879349,0.252116993,0.177942859,0.302124772,0.914982352,-0.027832574,4.742154216,,,,
843.png,SLoG,512,512,FALSE,,0.35,122899,62125,1049,76.00816454,1.414213562,18.65685425,79732.5646,3399,0.04263001,4.263000967,1.315648136,0.990076482,0.980668008,0.468822479,0.469281772,1200,1559,2759,0.348883122,0.038969819,0.840800763,0.016128773,0.595805529,0.005231388,0.510534346,0.806229186,0.400724689,0.45695055,0.271451488,0.426994645,0.999437099,-0.000600785,3.962138123,,,,
843.png,LoG,512,512,FALSE,,0.19336012,73566,48723,4130,15.76017757,2,11,65089.53337,8078,0.124105975,12.4105975,6.345106173,0.96595037,0.935492478,0.280632019,0.305552886,503,942,1445,0.295477927,0.22755167,0.889346247,0.094370215,0.599031477,0.018964349,0.303317696,0.806229186,0.24383674,0.181040171,0.115945515,0.207797807,0.615538796,-0.258273046,4.952564649,,,,
843.png,Canny,512,512,FALSE,,0.9,71785,66599,1743,40.42540008,8,112.7788889,70461.47234,3261,0.046280611,4.628061111,2.473692277,0.994624555,0.989444286,0.273838043,0.27394267,298,93,391,0.350292057,0.046006697,0.532989099,0.013153351,0.324153758,0.004774846,1,0.806229186,0.383489149,0.255271413,0.180994335,0.306511775,0.923049963,-0.024505875,4.034282492,,,,
848.png,SLoG,512,512,FALSE,,0.35,112714,57582,1864,38.74524767,1,34.33086579,72221.14166,4682,0.064828662,6.482866225,2.580961692,0.987635016,0.976381508,0.429969788,0.440599434,1301,1365,2666,0.403937072,0.065975478,0.807403433,0.029992011,0.605686695,0.010993019,0.539979041,0.721346438,0.405809144,0.422941387,0.261191644,0.414198184,0.988110284,-0.012631645,3.97768551,,,,
848.png,LoG,512,512,FALSE,,0.193359524,87245,56196,5409,13.17158768,2,12.24264069,71245.11779,10851,0.152305173,15.23051731,7.592099176,0.976875603,0.955245925,0.332813263,0.360931556,639,1159,1798,0.361362785,0.256157022,0.879645036,0.100879066,0.575707155,0.020766603,0.295366377,0.721346438,0.291525779,0.248895039,0.15508718,0.26852896,0.666779132,-0.261003063,4.775902261,,,,
848.png,Canny,512,512,FALSE,,0.9,68158,61874,2104,31.3655519,5.828427125,80.17127702,65993.12119,3971,0.060172938,6.017293815,3.188211077,0.993034244,0.986520994,0.260002136,0.263445612,429,207,636,0.416809261,0.065730355,0.586977186,0.019038692,0.355988593,0.006674855,1,0.721346438,0.400089455,0.249323087,0.181478288,0.307205456,0.923295932,-0.024463646,3.998797699,,,,
85.png,SLoG,512,512,FALSE,,0.35,69174,47626,8115,6.18720839,1.414213562,10,50209.19608,12890,0.256725879,25.6725879,16.16237788,0.971328676,0.945428967,0.263877869,0.279558508,600,603,1203,0.435298026,0.434195607,0.8995687,0.173938605,0.609981516,0.048313946,0.505447865,0.431829059,0.301207693,0.197505035,0.135443904,0.238574364,0.950735492,-0.045282694,4.868296407,,,,
85.png,LoG,512,512,FALSE,,0.173828438,22441,13739,2171,8.042008619,1,5.414213562,17459.20071,3173,0.181737987,18.17379874,12.4347044,0.918225467,0.860106267,0.085605621,0.093521012,150,242,392,0.325895429,0.354101463,0.94518655,0.199286702,0.748963611,0.054661911,0.299779147,0.431829059,0.14743504,0.032340692,0.027245398,0.053045549,0.57251081,-0.276983289,7.314629121,,,,
85.png,Canny,512,512,FALSE,,0.9,55474,46061,2925,17.44723081,3.414213562,45.79655121,51033.15012,4748,0.093037565,9.303756458,5.731568585,0.97668308,0.95599314,0.211616516,0.210908909,519,381,900,0.539254546,0.124682486,0.671794872,0.038275331,0.421196581,0.017476824,1,0.431829059,0.414130435,0.204866746,0.158833026,0.274125819,1.016725423,0.00989426,3.867978385,,,,
850.png,SLoG,512,512,FALSE,,0.35,132636,62261,768,111.8766837,1,8,85921.2931,2651,0.030853819,3.08538187,0.893841296,0.987207055,0.976502144,0.505966187,0.489400206,1538,1958,3496,0.398800313,0.024879138,0.911458333,0.013652206,0.739583333,0.005412698,0.522239208,0.737119818,0.410756876,0.49291671,0.288744414,0.448101906,0.999697739,-0.001944182,4.177973388,,,,
850.png,LoG,512,512,FALSE,,0.197265774,88389,55754,4765,15.46011973,2,10.82842712,73667.47052,9639,0.130844726,13.08447261,6.46825521,0.976225913,0.954119884,0.337177277,0.368257301,634,1117,1751,0.335594416,0.226602576,0.892339979,0.093679377,0.597901364,0.019012089,0.30775547,0.737119818,0.259799786,0.234592814,0.140610923,0.246553702,0.609545571,-0.298431519,5.209164085,,,,
850.png,Canny,512,512,FALSE,,0.9,67987,62600,1723,38.58097473,6,108.7622366,66475.01946,3218,0.048409162,4.840916221,2.591951103,0.992587864,0.985782748,0.259349823,0.264115214,325,113,438,0.393150926,0.052428115,0.580963436,0.015175719,0.349970981,0.005399361,1,0.737119818,0.388439343,0.251559765,0.180193069,0.305362019,0.941805019,-0.020120377,4.307433825,,,,
851.png,SLoG,512,512,FALSE,,0.35,143935,66638,427,229.7083258,1,9,98085.45514,1870,0.019065008,1.906500813,0.435334678,0.98929292,0.979456166,0.549068451,0.532212298,1391,2242,3633,0.385917783,0.013445782,0.908665105,0.006902968,0.716627635,0.002746181,0.518301547,0.758549643,0.412395653,0.544939903,0.306755941,0.469492323,0.994236543,-0.004472741,4.207581784,,,,
851.png,LoG,512,512,FALSE,,0.205078274,81832,51728,4529,15.01018966,2,10,67981.14896,8884,0.130683287,13.0683287,6.662141005,0.971717417,0.945928704,0.312164307,0.341226964,530,1018,1548,0.311325312,0.231808692,0.899094723,0.097200742,0.607198057,0.020201825,0.32383731,0.758549643,0.226843379,0.192184817,0.11612173,0.208080763,0.561720447,-0.326534616,5.634352706,,,,
851.png,Canny,512,512,FALSE,,0.9,69118,64270,1636,41.51319922,6.828427125,109.5269119,67915.59392,3053,0.044952857,4.495285727,2.408872404,0.993815184,0.988034853,0.263664246,0.265938497,300,87,387,0.377666205,0.050365645,0.564792176,0.012789793,0.320293399,0.00462113,1,0.758549643,0.380330969,0.251126489,0.178210364,0.302510264,0.926906836,-0.023709216,4.438819094,,,,
853.png,SLoG,512,512,FALSE,,0.35,154283,66744,206,491.4322147,1,5.207106781,101235.0362,1128,0.011142387,1.114238748,0.203486864,0.988036394,0.977406209,0.588542938,0.57355256,1294,2280,3574,0.399089158,0.006637301,0.95631068,0.003356107,0.762135922,0.001588158,0.53078568,0.752821982,0.418273101,0.592003315,0.324679309,0.490200619,0.987979761,-0.011771387,4.588248351,,,,
853.png,LoG,512,512,FALSE,,0.244140908,77722,48923,4995,12.16978961,2,10.24264069,60788.09911,9741,0.160245182,16.02451819,8.217068922,0.966355264,0.935613106,0.296485901,0.324122385,479,903,1382,0.321035743,0.279745723,0.896896897,0.113280052,0.590590591,0.020706007,0.382613719,0.752821982,0.213686283,0.170913611,0.104924454,0.189921499,0.527497572,-0.356945206,6.487075725,,,,
853.png,Canny,512,512,FALSE,,0.9,70768,65254,1677,41.34709574,8.414213562,104.8783838,69339.07956,3284,0.047361459,4.736145938,2.418549555,0.994766593,0.989671131,0.269958496,0.271753046,395,101,496,0.391274512,0.047506666,0.531305903,0.012918748,0.308884914,0.004168327,1,0.752821982,0.386978684,0.259509012,0.183906274,0.310677083,0.912061886,-0.022558047,4.790741607,,,,
855.png,SLoG,512,512,FALSE,,0.35,151157,69061,259,406.0748219,1,8,105173.3789,1251,0.011894645,1.189464495,0.246260035,0.988886654,0.978424871,0.576618195,0.568786537,1305,2326,3631,0.392239958,0.008036374,0.915057915,0.004054387,0.72972973,0.001650715,0.539838672,0.75545696,0.407097707,0.585128048,0.31591181,0.48014131,0.989637448,-0.009919684,4.77653505,,,,
855.png,LoG,512,512,FALSE,,0.240234643,83301,52907,4971,13.40078142,2,10.41421356,66615.28446,9808,0.147233478,14.72334777,7.462251405,0.969975591,0.942672992,0.317768097,0.343410723,504,1005,1509,0.320834935,0.249210879,0.894588614,0.104315119,0.598068799,0.020035156,0.372698814,0.75545696,0.22292072,0.193449335,0.115537321,0.20714201,0.558082619,-0.33199014,6.386090808,,,,
855.png,Canny,512,512,FALSE,,0.9,71476,65903,1613,43.52092704,7.828427125,107.8700577,70199.25532,3158,0.044986232,4.49862322,2.297745172,0.994711936,0.989545241,0.272659302,0.27193085,371,109,480,0.385300606,0.046871918,0.539987601,0.011562448,0.298202108,0.004187973,1,0.75545696,0.370995977,0.254935686,0.177999131,0.302205878,0.919509054,-0.024091149,5.061849885,,,,
860.png,SLoG,512,512,FALSE,,0.35,98253,54718,4149,15.30777309,2,29.11959595,63511.95054,7678,0.120890635,12.08906345,6.532628843,0.984694242,0.970448481,0.37480545,0.377748565,1070,903,1973,0.398722321,0.162085603,0.774162449,0.064512592,0.534827669,0.021108228,0.52805686,0.691427457,0.3874478,0.347045203,0.224091551,0.366135279,0.984254948,-0.015840329,4.024958966,,,,
860.png,LoG,512,512,FALSE,,0.177736104,53762,35889,5058,8.513072111,1,8.242640687,43059.11874,8549,0.198540989,19.85409885,11.74664078,0.951141,0.909972415,0.205085754,0.222426708,380,591,971,0.347021341,0.357017471,0.919533412,0.163699184,0.657572163,0.03789462,0.275981069,0.691427457,0.267190754,0.140921865,0.101638666,0.184522691,0.684175796,-0.221731807,4.88924651,,,,
860.png,Canny,512,512,FALSE,,0.9,66181,59475,2281,27.91957683,5,71.69848481,63684.55474,4161,0.065337663,6.533766338,3.581716178,0.991534233,0.983606557,0.25246048,0.249777778,461,224,685,0.42021364,0.075981505,0.613765892,0.02162253,0.370889961,0.008373266,1,0.691427457,0.40270329,0.23851132,0.176183793,0.29958548,0.928505215,-0.023966557,3.892312762,,,,
861.png,SLoG,512,512,FALSE,,0.35,113346,58158,1763,40.45277639,2,57.17300141,71318.24477,4433,0.062158008,6.215800759,2.472018213,0.988952518,0.978867912,0.432380676,0.43543394,1126,1244,2370,0.351507723,0.062020702,0.743618832,0.023590908,0.506522972,0.008717631,0.508304179,0.791966414,0.393882041,0.415468337,0.253437021,0.404387323,1.001339837,0.000585376,4.073633463,,,,
861.png,LoG,512,512,FALSE,,0.177734837,77522,50596,4451,14.56725769,2,11.41421356,64838.86397,8707,0.134286745,13.42867451,6.864710033,0.967536986,0.938690806,0.295722961,0.321989441,493,967,1460,0.296687454,0.240552613,0.886093013,0.096647956,0.582790384,0.017886789,0.278509855,0.791966414,0.241408879,0.188297409,0.118299834,0.211570869,0.614012498,-0.266489824,5.181369514,,,,
861.png,Canny,512,512,FALSE,,0.9,70563,65855,1724,40.19315067,7.414213562,119.5972655,69292.99176,3290,0.047479549,4.747954904,2.487986095,0.994472682,0.989203553,0.269176483,0.269136804,284,111,395,0.355003387,0.049654544,0.542343387,0.013119733,0.308584687,0.004175841,1,0.791966414,0.382249165,0.249212092,0.177659621,0.301716417,0.914900014,-0.027591205,4.131961724,,,,
862.png,SLoG,512,512,FALSE,,0.35,130163,63303,803,108.6888885,1,6,87277.17744,2709,0.031039042,3.103904227,0.920057252,0.989265919,0.979274284,0.49653244,0.494178959,1425,1970,3395,0.412334085,0.025417437,0.932752179,0.014122553,0.755915318,0.005955484,0.543428898,0.740757859,0.421466235,0.49386113,0.294331468,0.454800761,0.999405824,-0.003457699,3.964238592,,,,
862.png,LoG,512,512,FALSE,,0.216797471,94550,60144,5173,15.05984897,2,11.96568542,77904.59873,10746,0.137937942,13.79379417,6.640172832,0.978277147,0.957851157,0.360679626,0.386530542,642,1220,1862,0.361843854,0.234786512,0.882659965,0.091397313,0.571428571,0.017557861,0.330763787,0.740757859,0.279810548,0.256451773,0.154482734,0.267622424,0.628582371,-0.294100535,4.952749856,,,,
862.png,Canny,512,512,FALSE,,0.9,70622,64424,1920,35.88130959,6.828427125,87.72274888,68892.11441,3713,0.053895864,5.389586358,2.786966283,0.994186938,0.988482553,0.26940155,0.267943847,457,162,619,0.41147995,0.059294673,0.5734375,0.015180678,0.328125,0.005634546,1,0.740757859,0.397879892,0.252786332,0.182841049,0.309155738,0.92067045,-0.024088721,4.095126099,,,,
864.png,SLoG,512,512,FALSE,,0.35,130077,63125,805,107.7994687,1,8.6627417,86778.57232,2718,0.031321096,3.132109607,0.927648357,0.988752484,0.978328713,0.496204376,0.49374713,1604,1876,3480,0.407200873,0.026661386,0.910559006,0.01370297,0.722981366,0.005544554,0.541606247,0.741079152,0.415683887,0.49591528,0.29221416,0.452268933,1.002015714,-0.002266391,4.136658015,,,,
864.png,LoG,512,512,FALSE,,0.224610448,94801,60054,5050,15.6616306,2,12,79091.23452,10405,0.13155693,13.155693,6.385031199,0.977586865,0.956522463,0.361637115,0.386530033,643,1153,1796,0.3582789,0.219502448,0.877425743,0.091434376,0.588118812,0.017883904,0.34374392,0.741079152,0.276789667,0.258507312,0.154292078,0.267336285,0.629302595,-0.289431048,5.037481251,,,,
864.png,Canny,512,512,FALSE,,0.9,70666,64510,1962,35.09737324,6.414213562,90.75340546,68861.0463,3668,0.05326669,5.326668991,2.849216074,0.994582236,0.989350488,0.269569397,0.268622949,407,154,561,0.407635421,0.060455743,0.581549439,0.015485971,0.331294597,0.006061076,1,0.741079152,0.391444199,0.254069592,0.182130385,0.30813925,0.924548529,-0.023890056,4.285340646,,,,
869.png,SLoG,512,512,FALSE,,0.35,110193,58165,2008,35.13394282,2,65.0629509,70548.95718,4650,0.065911676,6.591167589,2.846250434,0.988137186,0.977477865,0.420352936,0.423769944,1117,1114,2231,0.351881742,0.068202527,0.731573705,0.027421989,0.515936255,0.009988825,0.511357605,0.79699111,0.39249352,0.401439545,0.247595362,0.396916131,1.006246874,0.001231964,4.011292906,,,,
869.png,LoG,512,512,FALSE,,0.185547337,75811,49853,4542,13.99606445,2,11.24264069,63570.12472,8746,0.13758035,13.75803499,7.144865643,0.967564642,0.938699777,0.289196014,0.31407986,457,872,1329,0.300662816,0.250035103,0.889035667,0.098991034,0.587186262,0.019116202,0.288452268,0.79699111,0.256885248,0.194731749,0.124563123,0.221531581,0.655514244,-0.234614754,4.932722597,,,,
869.png,Canny,512,512,FALSE,,0.9,70468,65551,1854,37.21567247,6.828427125,95.6764502,68997.85676,3429,0.049697196,4.969719584,2.687039985,0.994447052,0.989061952,0.268814087,0.267897419,276,119,395,0.35950768,0.055910665,0.562028047,0.014019618,0.313376483,0.004973227,1,0.79699111,0.386217649,0.249722777,0.178774014,0.303321946,0.932802698,-0.021388715,4.035254216,,,,
871.png,SLoG,512,512,FALSE,,0.35,113563,57909,1563,46.57566532,1,29.4509668,72797.7649,4119,0.056581407,5.658140749,2.14704394,0.988309264,0.977706401,0.433208466,0.442558091,1266,1349,2615,0.356162429,0.05665786,0.815099168,0.023795956,0.589891235,0.009255902,0.526839018,0.782588387,0.406877631,0.429210119,0.264019251,0.417745617,1.006841986,-0.000386269,3.857012543,,,,
871.png,LoG,512,512,FALSE,,0.173828438,81267,52426,4933,13.38353759,2,10.41421356,66020.99095,9456,0.143227175,14.32271746,7.471866037,0.970157921,0.942681112,0.310009003,0.33678878,498,970,1468,0.303945452,0.256056155,0.892154875,0.101686186,0.587877559,0.020352497,0.268995285,0.782588387,0.260871187,0.209420688,0.131433904,0.232331564,0.624236513,-0.274764438,4.854268822,,,,
871.png,Canny,512,512,FALSE,,0.9,68306,63843,1757,38.12236516,7.414213562,97.7764502,66980.99558,3259,0.048655592,4.865559211,2.623132106,0.993358731,0.987015021,0.260566711,0.261616077,247,110,357,0.362673044,0.053913507,0.550939101,0.01321993,0.303357997,0.004714691,1,0.782588387,0.396146398,0.247033581,0.179457437,0.304305067,0.923919524,-0.025016875,3.895351217,,,,
872.png,SLoG,512,512,FALSE,,0.35,136554,64768,492,186.0402793,1,7,91531.81741,2057,0.02247306,2.247305973,0.537518006,0.9896245,0.980005558,0.52091217,0.516594161,1383,2020,3403,0.37916559,0.016443305,0.93699187,0.008785203,0.756097561,0.00335042,0.537106574,0.776612866,0.406644867,0.51963394,0.295544967,0.456248103,0.999609105,-5.60E-05,4.260612942,,,,
872.png,LoG,512,512,FALSE,,0.212891623,90806,57420,4600,16.38371868,2,10.24264069,75365.10595,9499,0.126039762,12.60397618,6.103620425,0.974582016,0.951027517,0.3463974,0.372333193,554,1103,1657,0.326991588,0.223545803,0.898043478,0.086938349,0.581304348,0.016039707,0.328428864,0.776612866,0.248532509,0.228900995,0.135275539,0.238313139,0.602028871,-0.295752572,5.398665215,,,,
872.png,Canny,512,512,FALSE,,0.9,70628,65348,1735,39.91343421,6.828427125,111.9386868,69249.80835,3275,0.04729255,4.729254966,2.505422096,0.994552255,0.989226908,0.269424438,0.268860035,307,121,428,0.374555707,0.053329865,0.570605187,0.013190916,0.317579251,0.004866255,1,0.776612866,0.374650946,0.249164294,0.175976799,0.299286175,0.910012762,-0.028486928,4.4625421,,,,
879.png,SLoG,512,512,FALSE,,0.35,155865,66694,223,458.0465045,1,6,102144.3705,1295,0.012678134,1.267813384,0.218318444,0.987817466,0.977899061,0.594577789,0.574596968,1282,2245,3527,0.394869,0.007541908,0.941704036,0.003553543,0.708520179,0.001394428,0.52613306,0.761193836,0.416660595,0.591074455,0.323428946,0.488774176,0.987108317,-0.011265135,4.353338152,,,,
879.png,LoG,512,512,FALSE,,0.232422009,75402,47961,4704,12.95992518,2,9.828427125,60963.48807,9082,0.148974415,14.89744155,7.716093926,0.96543026,0.934196535,0.287635803,0.314082143,419,908,1327,0.314685553,0.268739184,0.900935374,0.10569004,0.581632653,0.020746023,0.366340995,0.761193836,0.201993949,0.156631113,0.096757923,0.176443536,0.518184825,-0.359368287,6.017057118,,,,
879.png,Canny,512,512,FALSE,,0.9,69844,64743,1511,45.47649706,8.828427125,136.7989899,68714.98706,2885,0.041985018,4.198501846,2.198938055,0.992871821,0.985882644,0.266433716,0.269427362,293,73,366,0.379610837,0.042676428,0.521508934,0.010873762,0.298477829,0.00393865,1,0.761193836,0.377532629,0.251126545,0.177593591,0.301621192,0.892794285,-0.030669381,4.608931226,,,,
886.png,SLoG,512,512,FALSE,,0.35,105188,56747,2360,29.05712664,2.414213562,49.75929291,68574.81887,5211,0.075989993,7.598999291,3.441496513,0.988836408,0.978483444,0.401260376,0.414324736,1033,1038,2071,0.365213305,0.086401043,0.73220339,0.03164925,0.487711864,0.010767089,0.511419833,0.7761006,0.385313865,0.388713774,0.239930488,0.387006353,1.008510742,0.002877683,4.285066724,,,,
886.png,LoG,512,512,FALSE,,0.162109524,70387,45970,4295,13.58265208,2,11.65685425,58337.49067,8024,0.137544483,13.75444831,7.36233244,0.963726342,0.931564064,0.268505096,0.29369229,486,797,1283,0.307701379,0.252164455,0.88451688,0.102044812,0.59185099,0.020426365,0.255022407,0.7761006,0.227582665,0.162744438,0.104837067,0.18977833,0.601330493,-0.258461106,5.471843922,,,,
886.png,Canny,512,512,FALSE,,0.9,69129,64290,1748,38.70612321,7.828427125,103.6291414,67658.30337,3322,0.049099665,4.909966456,2.583570549,0.993404865,0.987214186,0.263706207,0.264943944,299,108,407,0.374937713,0.051578784,0.545194508,0.013625758,0.312929062,0.004635247,1,0.7761006,0.387618596,0.250053554,0.179243627,0.303997619,0.925794531,-0.023711037,4.212452789,,,,
888.png,SLoG,512,512,FALSE,,0.35,129604,64199,627,138.6795152,1,12.31126984,86952.05601,2610,0.030016542,3.001654152,0.721087032,0.990957797,0.982476363,0.494400024,0.495180915,1352,1980,3332,0.361850768,0.021090671,0.877192982,0.009922273,0.666666667,0.003800682,0.507023811,0.786942565,0.395679378,0.484486132,0.278447496,0.435602552,0.989279133,-0.00871176,4.508192987,,,,
888.png,LoG,512,512,FALSE,,0.189453423,71884,45859,4080,14.26859167,2,9.414213562,58215.85401,7767,0.133417265,13.34172646,7.00840015,0.963834822,0.931856342,0.274215698,0.300077038,474,867,1341,0.285345674,0.244423123,0.902696078,0.100067599,0.606127451,0.019167448,0.302508086,0.786942565,0.187663072,0.139246928,0.08687957,0.159869727,0.517459315,-0.331734191,6.310750718,,,,
888.png,Canny,512,512,FALSE,,0.9,70020,65712,1602,42.95348553,8,120.2622366,68811.48382,3035,0.04410601,4.410601009,2.328099775,0.99400413,0.988358291,0.267105103,0.26931193,250,93,343,0.358684838,0.045653762,0.536204744,0.012128683,0.307740325,0.003971877,1,0.786942565,0.377065746,0.251099999,0.17747695,0.30145295,0.919150545,-0.022887217,4.606055153,,,,
889.png,SLoG,512,512,FALSE,,0.35,147751,67360,298,335.8292659,1,9.828427125,100077.1212,1358,0.013569535,1.356953501,0.297770356,0.989318609,0.979409145,0.563625336,0.557505028,1342,2213,3555,0.388188124,0.009619952,0.902684564,0.004201306,0.677852349,0.002004157,0.530942917,0.774421334,0.410743349,0.567796786,0.312910322,0.47666671,0.990959784,-0.006959949,4.418350221,,,,
889.png,LoG,512,512,FALSE,,0.224609926,81183,51772,4952,13.28448704,2,10.41421356,65784.77984,9553,0.145215961,14.52159606,7.527577066,0.967076778,0.937089546,0.309688568,0.334860947,487,937,1424,0.315977544,0.262844781,0.893578352,0.102429885,0.576736672,0.020010817,0.350874573,0.774421334,0.220696028,0.183245205,0.111255894,0.200234517,0.562386672,-0.329606551,5.934340438,,,,
889.png,Canny,512,512,FALSE,,0.9,71243,65737,1673,41.78663605,7.656854249,114.1068109,69909.04211,3225,0.046131372,4.61313716,2.393109603,0.99477464,0.989655749,0.271770477,0.270479567,344,90,434,0.3796134,0.04799428,0.545128512,0.012732555,0.31440526,0.00435067,1,0.774421334,0.373171938,0.250274754,0.176200939,0.299610267,0.911048438,-0.029343336,4.692494314,,,,
893.png,SLoG,512,512,FALSE,,0.35,153154,68680,172,609.9460461,1,7.372792206,104910.7199,1139,0.01085685,1.085685048,0.163948927,0.988803148,0.978494467,0.584236145,0.577991605,1187,2283,3470,0.374839544,0.005430984,0.930232558,0.002868375,0.755813953,0.001150262,0.529285073,0.776307309,0.404127983,0.587218999,0.314722154,0.478766031,0.989200433,-0.012136412,4.762768767,,,,
893.png,LoG,512,512,FALSE,,0.255860507,73111,47186,4547,13.31454122,2,9.414213562,60541.21895,8656,0.142976969,14.29769693,7.510585481,0.962499499,0.929322257,0.278896332,0.302077161,438,819,1257,0.300373167,0.262620269,0.904332527,0.106217946,0.595997361,0.020662908,0.402356505,0.776307309,0.191507584,0.145433184,0.090108476,0.165320201,0.53264137,-0.33534407,6.659764552,,,,
893.png,Canny,512,512,FALSE,,0.9,71931,66595,1537,46.03865956,7.828427125,122.9386868,70761.41975,2987,0.042212268,4.22122678,2.172087566,0.994811952,0.989713942,0.274394989,0.274049254,323,77,400,0.365620255,0.044357685,0.54066363,0.011682559,0.309043591,0.003708987,1,0.776307309,0.364343682,0.251014906,0.17456612,0.297243581,0.905107526,-0.030739192,5.038190324,,,,
894.png,SLoG,512,512,FALSE,,0.35,132451,65640,610,148.7535806,1,10.25979797,90739.68415,2587,0.028510128,2.851012789,0.672252726,0.990333617,0.981291895,0.505260468,0.503140286,1407,2066,3473,0.367790401,0.020124924,0.896721311,0.010298598,0.701639344,0.003458257,0.516879618,0.77310276,0.404420937,0.497580142,0.287158472,0.446189771,0.998811416,-0.002832787,4.319974452,,,,
894.png,LoG,512,512,FALSE,,0.193360835,77522,49388,4517,14.01833141,2,10.82842712,63320.803,8552,0.1350583,13.50582999,7.133516611,0.966479719,0.936705273,0.295722961,0.321865677,530,955,1485,0.303063542,0.245120272,0.891299535,0.09990281,0.597077706,0.020450312,0.304454088,0.77310276,0.232154232,0.182722315,0.113891759,0.204493404,0.589190174,-0.290738209,5.725928477,,,,
894.png,Canny,512,512,FALSE,,0.9,70247,65375,1633,42.33208044,6.828427125,115.0298557,69128.28735,3090,0.044699502,4.469950173,2.362274638,0.994332671,0.988894837,0.267971039,0.267215083,287,118,405,0.366791785,0.049101338,0.568891611,0.013399618,0.33435395,0.004650096,1,0.77310276,0.380883781,0.248882159,0.177196932,0.301048919,0.922381623,-0.022938079,4.477230533,,,,
897.png,SLoG,512,512,FALSE,,0.35,156068,68241,177,594.3928833,1,5.897056275,105207.5403,1013,0.009628587,0.962858743,0.168238892,0.988533258,0.978180273,0.595352173,0.582270483,1211,2309,3520,0.386252195,0.005832271,0.960451977,0.002798904,0.757062147,0.001260239,0.534076273,0.772233939,0.41011563,0.596247075,0.320976405,0.485968416,0.984814604,-0.012143201,4.63965095,,,,
897.png,LoG,512,512,FALSE,,0.259766638,74550,47767,4580,13.25989241,2,9.414213562,60730.30726,8658,0.142564732,14.25647324,7.541539318,0.964735091,0.933133753,0.284385681,0.309385723,465,858,1323,0.304982632,0.257793037,0.904585153,0.107815019,0.611572052,0.021856093,0.408102095,0.772233939,0.192312374,0.148560264,0.091481696,0.167628456,0.526584331,-0.353676388,6.589917754,,,,
897.png,Canny,512,512,FALSE,,0.9,70803,65557,1598,43.59220371,8.328427125,128.1636652,69660.34154,3130,0.044932309,4.493230913,2.293988179,0.995034873,0.990252757,0.27009201,0.270926437,319,94,413,0.375669599,0.045761704,0.5281602,0.012096344,0.299123905,0.003706698,1,0.772233939,0.372161987,0.251755266,0.17670612,0.300340276,0.92065672,-0.025692036,4.908949171,,,,
903.png,SLoG,512,512,FALSE,,0.35,127630,63776,765,110.5478819,1,12,84569.12968,2892,0.034196876,3.419687551,0.9045854,0.989949226,0.980588309,0.486869812,0.486418536,1347,1792,3139,0.345684469,0.028286503,0.883660131,0.012057827,0.640522876,0.004139488,0.506125808,0.80543313,0.386983773,0.471129322,0.269785594,0.424930941,0.996515311,-0.005860802,4.646071885,,,,
903.png,LoG,512,512,FALSE,,0.205078274,68356,43745,3854,14.31225092,2,10.82842712,55159.41505,7240,0.131255924,13.12559242,6.987021157,0.963264346,0.931397874,0.260757446,0.284216769,407,802,1209,0.275149673,0.236004115,0.889984432,0.095485198,0.596263622,0.019750829,0.326120228,0.80543313,0.205366327,0.146088556,0.093331374,0.17072843,0.570442723,-0.290989066,6.303922462,,,,
903.png,Canny,512,512,FALSE,,0.9,70126,66167,1633,42.31993714,7.828427125,110.9695526,69108.45734,3040,0.043988827,4.398882737,2.36295247,0.994249403,0.988770837,0.26750946,0.266889126,231,66,297,0.345425367,0.047712606,0.541334966,0.012287092,0.304960196,0.004005018,1,0.80543313,0.366731868,0.244972196,0.172150113,0.293733902,0.909344553,-0.026527811,4.745208051,,,,
91.png,SLoG,512,512,FALSE,,0.35,99486,56229,3999,16.37324264,2,30.99066376,65476.5973,7587,0.115873462,11.58734619,6.107525689,0.98594141,0.973003255,0.379508972,0.383464465,977,852,1829,0.412156254,0.156929698,0.758189547,0.057674865,0.506876719,0.018620285,0.523866355,0.665636194,0.395191129,0.353649419,0.229458829,0.373268017,0.977975263,-0.019978286,3.868595087,,,,
91.png,LoG,512,512,FALSE,,0.162109524,51244,34694,5582,7.195224598,1,8,40163.7437,8999,0.224057799,22.40577986,13.89810681,0.947512567,0.902317404,0.195480347,0.21147277,404,552,956,0.36558193,0.410733844,0.921533501,0.185939932,0.658366177,0.044705136,0.251644105,0.665636194,0.29658049,0.146365146,0.108648489,0.19600169,0.713077012,-0.20671354,4.564438108,,,,
91.png,Canny,512,512,FALSE,,0.9,68158,60579,2544,25.74908243,5.414213562,62.91909089,65505.6657,4775,0.072894458,7.289445804,3.883633534,0.990722835,0.982006966,0.260002136,0.258068677,573,375,948,0.43356058,0.080621998,0.602987421,0.023770614,0.372248428,0.009211113,1,0.665636194,0.417879887,0.251667654,0.186340271,0.314143042,0.949221171,-0.017175788,3.687641325,,,,
910.png,SLoG,512,512,FALSE,,0.35,61974,42965,7285,6.041726558,1,10.41421356,44013.97798,10831,0.246080916,24.60809156,16.55156006,0.968125224,0.940370069,0.236412048,0.25002608,484,470,954,0.368946314,0.412824392,0.894440631,0.171022926,0.626904598,0.053601769,0.499529481,0.596360147,0.305951467,0.181483388,0.128557203,0.227825763,0.970382083,-0.03109431,5.187122572,,,,
910.png,LoG,512,512,FALSE,,0.185547486,20313,12530,1484,10.69047536,1,5.948528137,15864.66543,2298,0.144850202,14.48502025,9.354120995,0.937270522,0.890023943,0.077487946,0.084762171,157,273,430,0.298898995,0.271987231,0.941374663,0.14820431,0.736522911,0.039265762,0.321198165,0.596360147,0.147590213,0.029679642,0.025336567,0.049420977,0.603153941,-0.236386571,8.656186301,,,,
910.png,Canny,512,512,FALSE,,0.9,58651,51184,2768,19.93656663,4,49.43797257,55184.41643,4814,0.087234772,8.723477227,5.0159088,0.984565496,0.970166458,0.223735809,0.220574428,470,348,818,0.445971161,0.11185136,0.662210983,0.032568771,0.406069364,0.013695686,1,0.596360147,0.407832009,0.213420188,0.162930604,0.280206925,0.997620791,-0.003969573,4.070740263,,,,
92.png,SLoG,512,512,FALSE,,0.35,64139,43458,8606,5.096526751,1.414213562,9.242640687,43860.70922,13059,0.297738004,29.77380036,19.62120575,0.968417764,0.939919002,0.244670868,0.259578791,426,438,864,0.447750896,0.506719131,0.908668371,0.199779097,0.612595863,0.058125086,0.504166663,0.430887341,0.302236053,0.181530902,0.12792016,0.226824849,0.941411157,-0.060716156,4.928641288,,,,
92.png,LoG,512,512,FALSE,,0.173828453,20950,13240,2569,6.404583591,1,4.414213562,16453.37524,3672,0.223176093,22.31760928,15.6138176,0.896978855,0.824848943,0.079917908,0.087177202,122,172,294,0.365107507,0.436706949,0.960685091,0.251208459,0.768781627,0.066691843,0.298153669,0.430887341,0.163777045,0.033036273,0.028268056,0.054981881,0.609548801,-0.265563353,7.468692396,,,,
92.png,Canny,512,512,FALSE,,0.9,57141,47227,3036,17.35353732,3.414213562,47.6629509,52685.3393,4988,0.094675294,9.467529424,5.7625139,0.978592753,0.959408813,0.217975616,0.218961052,616,422,1038,0.543355882,0.122514663,0.666007905,0.039130159,0.432147563,0.018464014,1,0.430887341,0.421035617,0.213314707,0.164934707,0.283165582,0.953774128,0.000877319,3.843000848,,,,
920.png,SLoG,512,512,FALSE,,0.35,122628,63308,1147,70.88442869,1,15.89705627,81304.43971,3512,0.043195673,4.319567311,1.410747069,0.990648866,0.981834839,0.467788696,0.469151194,1287,1606,2893,0.348025829,0.041211221,0.863993025,0.018022999,0.62598082,0.006112972,0.506220758,0.816187203,0.383053228,0.450822673,0.261180463,0.414184125,0.994580503,-0.00719585,4.678592544,,,,
920.png,LoG,512,512,FALSE,,0.185547024,66963,43638,3442,16.39439534,2,12.47817459,56429.50878,6552,0.116109464,11.61094637,6.099645513,0.964858592,0.934552454,0.255443573,0.278592009,502,819,1321,0.279749632,0.208946331,0.877687391,0.084994729,0.59616502,0.018882625,0.294722706,0.816187203,0.207857517,0.145267408,0.093502996,0.171015528,0.577164922,-0.274609318,6.292381187,,,,
920.png,Canny,512,512,FALSE,,0.9,70148,65727,1570,44.06998533,8.414213562,119.5144228,69189.87696,2922,0.042231611,4.223161145,2.269118069,0.994309783,0.988969525,0.267593384,0.266145744,240,92,332,0.351760507,0.045552056,0.531210191,0.010969617,0.293630573,0.004092686,1,0.816187203,0.374165753,0.249814336,0.176193287,0.299599205,0.935703227,-0.018706924,4.70574067,,,,
921.png,SLoG,512,512,FALSE,,0.35,122354,62345,1090,74.40672699,1,20.07106781,81103.33242,3552,0.043795981,4.379598093,1.343964505,0.989782631,0.980255032,0.466743469,0.468779478,1271,1621,2892,0.35955292,0.037420804,0.828440367,0.016809688,0.614678899,0.005710161,0.507969737,0.785738766,0.389856918,0.449160888,0.263753607,0.417413023,0.994581877,-0.008005155,4.637903577,,,,
921.png,LoG,512,512,FALSE,,0.197266355,68247,44114,3968,14.33214145,2,9.879898987,56869.93727,7319,0.12869717,12.86971703,6.977324383,0.96183753,0.928798114,0.260341644,0.283785363,467,772,1239,0.291802704,0.240422542,0.899949597,0.098721494,0.605594758,0.021671125,0.311309457,0.785738766,0.206439088,0.143982602,0.092684183,0.169644961,0.560358274,-0.300323667,6.320346901,,,,
921.png,Canny,512,512,FALSE,,0.9,70097,65721,1691,40.77927261,7,113.1126984,68957.74998,3095,0.044882555,4.488255491,2.452226183,0.994157135,0.988709849,0.267398834,0.266993898,186,96,282,0.360654205,0.051170859,0.557066824,0.012263964,0.307510349,0.004519103,1,0.785738766,0.379768009,0.249199869,0.17711561,0.300931546,0.91747553,-0.024193547,4.655867418,,,,
924.png,SLoG,512,512,FALSE,,0.35,101642,55542,3198,20.25405919,2,38.57766953,64772.48128,6128,0.094608079,9.46080786,4.937281908,0.986019611,0.973533542,0.387733459,0.391803785,1004,906,1910,0.358661979,0.119207087,0.747342089,0.045461093,0.512820513,0.016149941,0.517291367,0.763092315,0.390109305,0.3655622,0.232617824,0.37743706,0.997252273,-0.008833434,4.203187695,,,,
924.png,LoG,512,512,FALSE,,0.173828274,62313,41279,5105,9.575218502,1.414213562,8.828427125,48881.49046,8757,0.179147565,17.91475652,10.44362591,0.956685007,0.919402117,0.237705231,0.258634075,358,701,1059,0.298551589,0.32328787,0.913418217,0.14297827,0.641919687,0.031468786,0.268452913,0.763092315,0.24279397,0.150186185,0.102279603,0.185578329,0.643247821,-0.252382782,5.423878513,,,,
924.png,Canny,512,512,FALSE,,0.9,68288,63530,1849,36.11633104,6.828427125,103.4759451,66779.09609,3416,0.051153732,5.115373223,2.76883053,0.993326008,0.98704549,0.260498047,0.258926261,301,155,456,0.369862229,0.055595782,0.564088697,0.015315599,0.335316387,0.005540689,1,0.763092315,0.398487877,0.246772954,0.179798083,0.304794668,0.952254292,-0.017002024,4.061571332,,,,
925.png,SLoG,512,512,FALSE,,0.35,113325,57931,1691,43.05804908,1,24.89949494,72811.161,4469,0.061377953,6.137795276,2.322446143,0.988270521,0.977335106,0.432300568,0.440311111,1305,1382,2687,0.384888351,0.05939825,0.818450621,0.027291088,0.605558841,0.00973572,0.52869457,0.747581017,0.405240266,0.426604815,0.262345888,0.415648184,0.999778906,-0.00550657,4.121304464,,,,
925.png,LoG,512,512,FALSE,,0.177734539,82533,53237,5298,12.68688776,2,10.82842712,67215.13135,10034,0.149281863,14.92818626,7.882153755,0.972087085,0.946108909,0.314838409,0.341630732,571,991,1562,0.332334787,0.262636888,0.89184598,0.108477187,0.601925255,0.022991528,0.275606364,0.747581017,0.267041203,0.218116603,0.136435994,0.24011206,0.638041508,-0.266934464,5.13592017,,,,
925.png,Canny,512,512,FALSE,,0.9,68508,63121,1788,37.39896721,7,100.967619,66869.35337,3331,0.049813552,4.981355183,2.67387063,0.993488669,0.987246717,0.26133728,0.262612675,326,143,469,0.392259449,0.05356379,0.555928412,0.014606866,0.329977629,0.005465693,1,0.747581017,0.398056393,0.249927361,0.181377289,0.307060735,0.938974114,-0.021612758,4.108399491,,,,
927.png,SLoG,512,512,FALSE,,0.35,113956,59132,2180,33.58729637,1,32.11959595,73220.30609,5048,0.068942624,6.894262356,2.977316152,0.98781538,0.976273422,0.434707642,0.435402222,1258,1273,2531,0.403647065,0.071923831,0.80412844,0.034566732,0.61559633,0.013207739,0.54065007,0.726065195,0.401970377,0.4183648,0.257864615,0.410003767,0.995256546,-0.009678764,3.947996041,,,,
927.png,LoG,512,512,FALSE,,0.185547158,78837,52367,6064,10.60065563,2,10.65685425,64282.37573,11133,0.173188994,17.31889942,9.433378794,0.969293654,0.940897894,0.300739288,0.322090886,627,1021,1648,0.356925935,0.299845322,0.89182058,0.126682835,0.609168865,0.027746482,0.280263394,0.726065195,0.287946573,0.221697501,0.14319432,0.25051615,0.699831923,-0.234258101,4.747226155,,,,
927.png,Canny,512,512,FALSE,,0.9,69872,62819,2169,31.1422615,5.414213562,82.83330445,67547.5652,4036,0.059750488,5.975048824,3.211070589,0.992733061,0.985927824,0.266540527,0.264731434,481,260,741,0.412702501,0.064773397,0.596127248,0.018959232,0.367450438,0.00776835,1,0.726065195,0.39640592,0.250851147,0.181518033,0.307262399,0.927849485,-0.025971928,3.976614681,,,,
930.png,SLoG,512,512,FALSE,,0.35,133706,65826,565,161.4741941,1,7,91232.91965,2409,0.026404943,2.640494253,0.619294003,0.990444481,0.981527056,0.510047913,0.50785531,1388,2059,3447,0.353041202,0.018503327,0.932743363,0.009418771,0.738053097,0.003752317,0.505008399,0.797170234,0.388153448,0.496546634,0.278535221,0.435709891,0.989582832,-0.011820225,4.906277742,,,,
930.png,LoG,512,512,FALSE,,0.20117256,62468,39570,3553,14.00251203,2,9,49750.92523,6533,0.131314141,13.13141408,7.141575727,0.959716976,0.925398029,0.238296509,0.26111946,395,707,1102,0.266922504,0.238893101,0.906276386,0.105610311,0.63073459,0.020470053,0.321835339,0.797170234,0.174134697,0.114535773,0.074219337,0.138182836,0.514814917,-0.324058645,7.178827139,,,,
930.png,Canny,512,512,FALSE,,0.9,70732,66708,1558,44.72979839,8.414213562,126.6867099,69689.02588,2900,0.041613439,4.16134386,2.235646115,0.994693279,0.989536487,0.269821167,0.269713625,223,68,291,0.349664807,0.044417461,0.527599487,0.011213048,0.297175866,0.003807639,1,0.797170234,0.368027316,0.25003427,0.174927888,0.297767871,0.922444254,-0.023160005,5.014738698,,,,
933.png,SLoG,512,512,FALSE,,0.35,109643,58089,2462,28.80318265,2.414213562,40.65218613,70913.43568,5607,0.079068232,7.906823222,3.471838554,0.988147497,0.976966379,0.418254852,0.426346629,1208,1162,2370,0.364921719,0.090929436,0.74735987,0.033001085,0.493907392,0.011000362,0.501101315,0.774875343,0.375774294,0.392931564,0.237747427,0.384161456,0.996518527,-0.009086765,4.50931366,,,,
933.png,LoG,512,512,FALSE,,0.162109524,59841,39139,3964,12.42546842,2,10,49254.55683,7192,0.146016947,14.60169467,8.047986329,0.955287576,0.91739697,0.228275299,0.250010463,403,676,1079,0.310412675,0.271493906,0.897830474,0.112624237,0.611251261,0.024246915,0.259349525,0.774875343,0.22216456,0.136225993,0.092234663,0.16889166,0.593969243,-0.251340405,5.843656454,,,,
933.png,Canny,512,512,FALSE,,0.9,69475,64611,1777,38.33566636,6.828427125,110.3504617,68122.47913,3250,0.047708187,4.770818739,2.608536892,0.993631124,0.987447958,0.265026093,0.264232202,283,101,384,0.372837007,0.052715482,0.566685425,0.014548606,0.336522228,0.005262262,1,0.774875343,0.384632443,0.249263491,0.178199003,0.302493896,0.923130977,-0.023143263,4.402719229,,,,
935.png,SLoG,512,512,FALSE,,0.35,88034,51439,5395,10.5344366,2,20.65685425,56833.28547,8979,0.157988403,15.79884028,9.492676616,0.981832862,0.965415346,0.335823059,0.341706197,778,670,1448,0.394271135,0.239798596,0.802409639,0.088007154,0.533271548,0.029569004,0.519313931,0.66315918,0.367692983,0.294954595,0.195694233,0.327331567,0.976140409,-0.022707236,4.631851854,,,,
935.png,LoG,512,512,FALSE,,0.166015774,42598,28003,3897,8.731207022,1,7.414213562,34025.51376,6286,0.18474372,18.47437204,11.45317019,0.94029212,0.89119023,0.162498474,0.176838876,287,482,769,0.32447654,0.345677249,0.927380036,0.167374924,0.687195278,0.040924187,0.266738802,0.66315918,0.212969074,0.088412009,0.066639131,0.124951596,0.621649808,-0.251575628,6.212185323,,,,
935.png,Canny,512,512,FALSE,,0.9,65148,57927,2432,25.61197044,4.621320344,61.79188309,62288.3121,4408,0.070767691,7.076769062,3.90442431,0.989901066,0.980492689,0.248519897,0.246012955,488,307,795,0.428237289,0.084209436,0.633634868,0.025497609,0.397615132,0.009684603,1,0.66315918,0.415916908,0.240204713,0.1796157,0.304532569,0.958314858,-0.013331788,4.17937675,,,,
936.png,SLoG,512,512,FALSE,,0.35,105416,56803,3321,20.55723448,2,32.79898987,68270.57572,6844,0.100248166,10.02481659,4.864467547,0.987914383,0.976392092,0.402130127,0.410513566,1296,1094,2390,0.419393063,0.121754133,0.780788919,0.051352922,0.556760012,0.017428657,0.531705141,0.658845246,0.393717267,0.382414771,0.240682261,0.387983722,0.976611527,-0.024089187,4.084058133,,,,
936.png,LoG,512,512,FALSE,,0.162109926,64930,42655,5651,9.32963091,1,8.414213562,52721.74427,9746,0.184857313,18.48573133,10.71853763,0.959606171,0.924252725,0.247688293,0.26936875,519,824,1343,0.36419937,0.328613293,0.914705362,0.15191654,0.655282251,0.036267729,0.252178192,0.658845246,0.256468502,0.163457152,0.110902547,0.199662062,0.642875807,-0.272668961,5.148396186,,,,
936.png,Canny,512,512,FALSE,,0.9,67584,59625,2434,26.65511935,4.828427125,64.49360749,64878.56051,4495,0.069283288,6.928328811,3.751624544,0.991329134,0.98321174,0.2578125,0.257721935,535,334,869,0.440677375,0.07684696,0.618323747,0.024721174,0.400164339,0.00969392,1,0.658845246,0.410966924,0.250599925,0.184375638,0.311346557,0.954478709,-0.018447,3.923205313,,,,
937.png,SLoG,512,512,FALSE,,0.35,155869,66796,208,496.9539749,1,7.004163056,103366.4268,1192,0.011531791,1.153179071,0.201225878,0.987813652,0.977498653,0.594593048,0.570278575,1272,2219,3491,0.403239846,0.006602192,0.927884615,0.003143901,0.730769231,0.001542009,0.522194982,0.73661648,0.419642791,0.592040267,0.325515175,0.491152695,0.985969558,-0.015213912,4.972467305,,,,
937.png,LoG,512,512,FALSE,,0.216797009,74292,46772,4701,12.81862632,2,8.828427125,60260.36231,8919,0.148007739,14.80077394,7.801147919,0.965770125,0.934768665,0.283401489,0.311388925,478,928,1406,0.319458395,0.266099376,0.912997235,0.115282648,0.626887896,0.023518344,0.345344871,0.73661648,0.197972353,0.152507826,0.094266247,0.172291244,0.515847032,-0.371997046,7.208327277,,,,
937.png,Canny,512,512,FALSE,,0.9,69164,63646,1551,43.80008018,8,118.4558441,67933.92436,3007,0.044263599,4.42635992,2.283100843,0.993573844,0.987241932,0.263839722,0.271290392,338,95,433,0.392125368,0.043333438,0.526756931,0.012412406,0.313990974,0.004210791,1,0.73661648,0.383640392,0.257479799,0.182135842,0.30814706,0.92263206,-0.026105822,5.218728952,,,,
938.png,SLoG,512,512,FALSE,,0.35,103357,56900,2957,22.71503512,2.414213562,42.72792206,67168.35884,5886,0.087630547,8.763054661,4.402370478,0.987434089,0.975799649,0.394275665,0.400288921,1089,899,1988,0.367831558,0.107205624,0.723706459,0.038137083,0.478187352,0.014059754,0.509815812,0.78052398,0.383055954,0.375156234,0.233855723,0.379064941,1.001564941,-0.005339951,4.342828475,,,,
938.png,LoG,512,512,FALSE,,0.185547665,58429,38986,4435,10.64792041,1.414213562,9,47223.52704,7717,0.163414308,16.34143082,9.391505206,0.958074689,0.922048941,0.222888947,0.244108534,482,644,1126,0.311894208,0.290924947,0.908229989,0.132380855,0.648478016,0.029933822,0.289250314,0.78052398,0.247898727,0.148058601,0.102166045,0.185391385,0.659218881,-0.226019535,5.507518698,,,,
938.png,Canny,512,512,FALSE,,0.9,69770,64475,1851,36.77624223,6.828427125,104.3847763,68072.82437,3408,0.050064031,5.006403116,2.719146763,0.993819296,0.987979837,0.266151428,0.265296039,292,127,419,0.376360565,0.055044591,0.562398703,0.014687864,0.330632091,0.005428461,1,0.78052398,0.386581016,0.250927159,0.179468767,0.304321356,0.929912275,-0.022335763,4.256755704,,,,
939.png,SLoG,512,512,FALSE,,0.35,135263,65339,500,186.6232847,1,6,93311.64237,2132,0.022848167,2.284816713,0.535838816,0.989990652,0.980578215,0.515987396,0.511307978,1490,2083,3573,0.400693893,0.015366014,0.932,0.008494161,0.758,0.003596627,0.535912395,0.745536578,0.411377339,0.511576806,0.295368712,0.456038052,0.994086211,-0.003504618,4.396925979,,,,
939.png,LoG,512,512,FALSE,,0.212892145,90974,57739,4964,15.25871996,2,11.46396103,75744.28589,10015,0.132221195,13.22211951,6.553629679,0.975501835,0.952666309,0.347038269,0.373136076,607,1104,1711,0.345990181,0.227870244,0.882554392,0.090787856,0.578767123,0.01847971,0.327949435,0.745536578,0.254985484,0.231403866,0.138059747,0.242623021,0.613397223,-0.297723391,5.595097123,,,,
939.png,Canny,512,512,FALSE,,0.9,70546,64635,1775,38.89946933,7.414213562,105.6180808,69046.55806,3382,0.048981442,4.898144231,2.570729157,0.994399309,0.989015239,0.269111633,0.269032412,368,118,486,0.397756815,0.050421598,0.547042254,0.013382842,0.318873239,0.005105593,1,0.745536578,0.383986318,0.251251272,0.179072229,0.303751076,0.921847824,-0.025053253,4.562244426,,,,
940.png,SLoG,512,512,FALSE,,0.35,133821,65802,605,151.627062,1,9.345584412,91734.37253,2379,0.025933572,2.593357249,0.659512878,0.990053475,0.980745266,0.510486603,0.508017508,1295,2113,3408,0.353268445,0.019771436,0.904132231,0.009619768,0.694214876,0.003768882,0.511509061,0.787929738,0.394774667,0.500458133,0.283185059,0.44137836,0.991796641,-0.009794396,4.728892133,,,,
940.png,LoG,512,512,FALSE,,0.208984524,68740,43515,3869,14.02540346,2,9.414213562,54264.28598,7124,0.131283401,13.12834007,7.12991967,0.962334812,0.930230955,0.26222229,0.285959869,446,815,1261,0.274555355,0.238538435,0.903851124,0.099115248,0.613853709,0.021302999,0.333170384,0.787929738,0.193203374,0.137866767,0.087494631,0.160910461,0.534009173,-0.32074584,6.758633411,,,,
940.png,Canny,512,512,FALSE,,0.9,70086,66324,1575,43.94356645,8,115.8558441,69211.11715,2965,0.042839938,4.283993847,2.275645972,0.994240403,0.988722031,0.267356873,0.266928979,234,77,311,0.350171357,0.046996562,0.540952381,0.011745371,0.302222222,0.00373922,1,0.787929738,0.369046316,0.245819537,0.173078897,0.295084836,0.914846872,-0.025215274,4.883665148,,,,
944.png,SLoG,512,512,FALSE,,0.35,104870,57657,3148,22.15248364,2,36.23624817,69736.01851,6595,0.094570928,9.457092821,4.51416652,0.986940026,0.974712524,0.400047302,0.401967768,1253,1145,2398,0.412448645,0.115528036,0.772871665,0.045319736,0.537166455,0.016216591,0.532465219,0.684969044,0.394911917,0.375984135,0.238555484,0.38521566,0.990143106,-0.010897717,4.178615697,,,,
944.png,LoG,512,512,FALSE,,0.181641221,65395,43588,5607,9.4873656,1,8.828427125,53195.65892,9751,0.183304431,18.33044312,10.54033377,0.958979547,0.92254749,0.249462128,0.268551958,546,826,1372,0.358712703,0.321992291,0.910647405,0.147058824,0.650793651,0.034206662,0.279397964,0.684969044,0.276977246,0.176177509,0.120678236,0.215366432,0.685733212,-0.22900269,5.105666029,,,,
944.png,Canny,512,512,FALSE,,0.9,68228,60697,2263,29.02915404,4.828427125,73.73036072,65692.97559,4190,0.063781553,6.378155294,3.444812752,0.992083609,0.984760367,0.260269165,0.257775889,555,255,810,0.430060118,0.074814241,0.63146266,0.021615566,0.3857711,0.008517719,1,0.684969044,0.40163855,0.245219914,0.179605021,0.30451722,0.933841363,-0.022341835,4.087799014,,,,
947.png,SLoG,512,512,FALSE,,0.35,138559,66190,489,194.3630567,1,7,95043.53472,2067,0.021747929,2.174792853,0.514501067,0.990338445,0.981447349,0.528560638,0.5188003,1424,2211,3635,0.372236371,0.016618825,0.934560327,0.008430276,0.740286299,0.003051821,0.521333337,0.764906287,0.410226594,0.520491803,0.297713234,0.458827461,0.995527556,-0.005189572,4.317617046,,,,
947.png,LoG,512,512,FALSE,,0.181641161,80785,50821,4440,14.73335326,2,9.828427125,65416.0885,8689,0.132826652,13.28266517,6.787321135,0.969392598,0.941638299,0.308170319,0.336042532,505,974,1479,0.304524392,0.239822121,0.901576577,0.098207434,0.602252252,0.019027567,0.287080884,0.764906287,0.219109598,0.180071721,0.109681969,0.197681808,0.546092724,-0.329386584,5.889984327,,,,
947.png,Canny,512,512,FALSE,,0.9,70020,65358,1621,42.36373534,7.414213562,104.3847763,68671.61499,2997,0.043642486,4.364248606,2.360509506,0.994346499,0.988891949,0.267105103,0.268235767,250,75,325,0.366140753,0.047874782,0.544725478,0.011383457,0.29796422,0.0044218,1,0.764906287,0.378533721,0.248319672,0.176402941,0.299902243,0.917596268,-0.024761733,4.512829702,,,,
950.png,SLoG,512,512,FALSE,,0.35,125948,62048,841,98.4321347,1,12.82842712,82781.42528,2995,0.036179614,3.617961384,1.015928389,0.989403367,0.97974149,0.480453491,0.477799558,1366,1789,3155,0.369745731,0.029477179,0.878715815,0.013489556,0.659928656,0.00523788,0.52902323,0.778175354,0.406120703,0.468974276,0.278192342,0.435290265,1.005896685,0.000607744,4.100707068,,,,
950.png,LoG,512,512,FALSE,,0.205078274,89798,57703,4407,17.62451956,2,11.24264069,77671.25768,8946,0.115177741,11.5177741,5.673913532,0.974542022,0.951059737,0.342552185,0.368378029,601,1143,1744,0.322743446,0.201514653,0.88336737,0.081954144,0.594735648,0.017746044,0.318010777,0.778175354,0.262516133,0.233721071,0.14108563,0.247283159,0.628404889,-0.269013625,5.083849526,,,,
950.png,Canny,512,512,FALSE,,0.9,70289,64949,1784,38.51036695,6.828427125,106.011479,68702.49464,3308,0.048149634,4.814963441,2.596703379,0.993972182,0.988313908,0.268131256,0.267840013,303,78,381,0.369229466,0.054827634,0.571188341,0.014195754,0.325112108,0.004819166,1,0.778175354,0.382279664,0.247459882,0.176773859,0.300438113,0.906316268,-0.028335634,4.249694805,,,,
955.png,SLoG,512,512,FALSE,,0.35,145870,68214,313,323.3518545,1,7,101209.1305,1519,0.015008527,1.500852732,0.309260635,0.989422977,0.979578972,0.55644989,0.548685791,1334,2153,3487,0.379241675,0.009396898,0.923322684,0.005277509,0.763578275,0.002081684,0.531235754,0.781553137,0.40028991,0.554056052,0.302749488,0.464785426,0.991559954,-0.00564644,4.769796915,,,,
955.png,LoG,512,512,FALSE,,0.224609584,82690,53115,4295,16.30452334,2,9.414213562,70027.92774,8605,0.122879546,12.28795465,6.13326731,0.970159113,0.943255201,0.315437317,0.342347283,563,1054,1617,0.30710125,0.212538831,0.903841676,0.0935329,0.625844005,0.018770592,0.35269469,0.781553137,0.22339606,0.192929101,0.115478696,0.207047784,0.58042971,-0.304194961,6.321824018,,,,
955.png,Canny,512,512,FALSE,,0.9,72327,66544,1618,43.96061862,6.414213562,129.6724963,71128.28093,3168,0.044539246,4.453924597,2.274763257,0.994815469,0.989676004,0.275905609,0.275651035,373,115,488,0.371455759,0.048118538,0.569839308,0.012518033,0.32447466,0.004312936,1,0.781553137,0.367122248,0.255285222,0.177271161,0.301156041,0.925753438,-0.023522333,5.015382135,,,,
957.png,SLoG,512,512,FALSE,,0.35,88178,52711,4373,13.34124627,2,25.80832611,58341.26996,7418,0.127148415,12.71484149,7.49555161,0.984775484,0.970746144,0.336372375,0.346076745,728,587,1315,0.340602279,0.189353266,0.78573062,0.068202083,0.520237823,0.022651818,0.514279246,0.785303581,0.369059424,0.317770536,0.205908944,0.341499986,1.006298503,-0.004388893,4.575754682,,,,
957.png,LoG,512,512,FALSE,,0.193361163,44857,30374,3348,10.86118267,1,10,36363.2396,5744,0.157961724,15.79617235,9.20710046,0.955043793,0.917593995,0.171115875,0.187589717,345,508,853,0.282904714,0.277441233,0.896057348,0.127444525,0.64874552,0.028807533,0.307446539,0.785303581,0.240964662,0.112462386,0.083043732,0.153352501,0.680100786,-0.19597659,6.02025827,,,,
957.png,Canny,512,512,FALSE,,0.9,67883,62406,1966,33.58715368,6.828427125,89.74873734,66032.34414,3566,0.054003838,5.400383777,2.977328801,0.993045568,0.986427587,0.258953094,0.257442027,347,160,507,0.359003454,0.061949172,0.576805697,0.01629651,0.342828077,0.006489761,1,0.785303581,0.38187434,0.244593455,0.175220975,0.298192389,0.931541702,-0.019001939,4.472127875,,,,
961.png,SLoG,512,512,FALSE,,0.35,122954,61567,988,81.70975738,1,15.14558441,80729.24029,3346,0.041447188,4.144718801,1.223844045,0.989239395,0.978949762,0.469032288,0.468987908,1431,1706,3137,0.379868925,0.034970033,0.869433198,0.015901376,0.649797571,0.006025955,0.518837035,0.761239815,0.400081653,0.455020794,0.270475573,0.425786342,0.998846115,-0.003360436,4.464526462,,,,
961.png,LoG,512,512,FALSE,,0.201172352,79639,51357,4763,13.87164538,2,9.656854249,66070.64694,9029,0.136656752,13.66567518,7.208950148,0.969069481,0.940981755,0.303798676,0.328294033,476,917,1393,0.319963127,0.249664116,0.903002309,0.103374418,0.606340542,0.020990323,0.313536078,0.761239815,0.23860481,0.189960431,0.118269231,0.211521926,0.587205316,-0.292067097,5.747236633,,,,
961.png,Canny,512,512,FALSE,,0.9,69613,64528,1743,39.07146557,6.414213562,108.4014285,68101.56448,3231,0.047443844,4.744384398,2.559412567,0.993793368,0.987850236,0.265552521,0.266065891,283,100,383,0.379157692,0.051915448,0.565691337,0.013776965,0.325301205,0.00494359,1,0.761239815,0.38438072,0.248011467,0.177504533,0.301492739,0.921542984,-0.023093887,4.538982305,,,,
962.png,SLoG,512,512,FALSE,,0.35,132029,65208,612,144.4800625,1,11,88421.79822,2251,0.025457523,2.545752343,0.692137021,0.990768015,0.982057416,0.503650665,0.501195356,1257,1799,3056,0.338415891,0.020426941,0.887254902,0.009339345,0.681372549,0.003895228,0.50489068,0.815816045,0.37795098,0.499663158,0.274183383,0.430367224,0.994719854,-0.005400527,5.157373748,,,,
962.png,LoG,512,512,FALSE,,0.197265908,62796,41095,3145,17.20770603,2,10,54118.23547,5951,0.109962935,10.99629348,5.811349857,0.964606404,0.934833921,0.239547729,0.262693591,426,784,1210,0.249810174,0.203552744,0.898251192,0.085119844,0.620667727,0.019248084,0.316655308,0.815816045,0.158123745,0.109567407,0.069199542,0.129441773,0.522332146,-0.305473562,7.547442856,,,,
962.png,Canny,512,512,FALSE,,0.9,71375,66719,1606,43.67906133,8.414213562,112.3198052,70148.57249,3048,0.043450635,4.345063473,2.289426489,0.994589269,0.989418307,0.272274017,0.271867058,230,83,313,0.334672213,0.047887408,0.52988792,0.011016352,0.281444583,0.003642141,1,0.815816045,0.35282522,0.25301777,0.172814362,0.294700283,0.935880574,-0.021602781,5.330701802,,,,
963.png,SLoG,512,512,FALSE,,0.35,150116,66769,218,459.3949588,1,9.414213562,100148.101,1203,0.01201221,1.201220979,0.217677617,0.98930639,0.979691174,0.572647095,0.563108826,1302,2212,3514,0.399069041,0.007099103,0.908256881,0.003324896,0.706422018,0.001482724,0.527061045,0.765126252,0.408892388,0.576120059,0.314328946,0.478310924,0.984995567,-0.014082492,4.741180669,,,,
963.png,LoG,512,512,FALSE,,0.248047292,72517,46368,4623,12.47945183,2,9.208326112,57692.50582,8831,0.153070141,15.3070141,8.013172481,0.962409437,0.928700828,0.276630402,0.301664248,398,846,1244,0.303397685,0.273291925,0.907852044,0.112211008,0.60199005,0.021501898,0.389735609,0.765126252,0.185583162,0.140079328,0.086751095,0.159652188,0.514091791,-0.358143744,6.797255004,,,,
963.png,Canny,512,512,FALSE,,0.9,71907,66277,1667,42.31315961,8.414213562,113.8867099,70536.03706,3294,0.046699533,4.669953314,2.363330957,0.995118976,0.990358646,0.274303436,0.274791185,398,104,502,0.384464502,0.047301477,0.531493701,0.012613727,0.312537493,0.004300134,1,0.765126252,0.371619051,0.255512647,0.178423964,0.30281795,0.915919612,-0.026835065,5.027822494,,,,
968.png,SLoG,512,512,FALSE,,0.35,139593,66628,423,224.7290716,1,8,95060.39728,1808,0.019019487,1.90194871,0.444980257,0.990904748,0.982454824,0.532505035,0.528100723,1197,2024,3221,0.330058515,0.012787417,0.914893617,0.007429309,0.763593381,0.002836645,0.501266658,0.826265633,0.365460927,0.515999062,0.272163747,0.427875338,0.981010928,-0.019283292,6.099785139,,,,
968.png,LoG,512,512,FALSE,,0.244140908,50404,33258,2583,16.50976048,2,11.96568542,42644.71131,4752,0.111432341,11.14323407,6.057023065,0.961467922,0.928618678,0.192276001,0.210391193,346,522,868,0.230225936,0.208100307,0.881533101,0.087828492,0.608981804,0.017770161,0.39416647,0.826265633,0.116272148,0.065402516,0.043686353,0.083715482,0.479665659,-0.327087252,10.38986019,,,,
968.png,Canny,512,512,FALSE,,0.9,72149,68149,1420,50.24620835,8.414213562,137.7104689,71349.61585,2722,0.03815017,3.815017036,1.990199923,0.994842172,0.98977241,0.275226593,0.276527975,221,68,289,0.324507326,0.038841362,0.523943662,0.010154221,0.293661972,0.003022788,1,0.826265633,0.34787597,0.25719037,0.173528016,0.295737322,0.936244531,-0.017698123,6.229802576,,,,
970.png,SLoG,512,512,FALSE,,0.35,132683,63502,532,162.4474397,1,10.98284271,86422.0379,2302,0.026636724,2.663672433,0.615583725,0.988850772,0.978252653,0.506145477,0.501426551,1358,1835,3193,0.361903429,0.017810463,0.889097744,0.008582407,0.680451128,0.003306982,0.49189201,0.770981765,0.360829301,0.488971045,0.262019872,0.4152389,0.977584793,-0.024788957,7.052626402,,,,
970.png,LoG,512,512,FALSE,,0.216797143,47816,30945,2618,15.24194914,2,10,39903.42285,4687,0.117458595,11.74585954,6.560840682,0.957133651,0.921441267,0.182403564,0.200035141,311,487,798,0.238917276,0.226304734,0.89763178,0.095104217,0.615355233,0.019970916,0.35602054,0.770981765,0.085724444,0.04634309,0.031014028,0.060162184,0.424366263,-0.36982344,12.40860554,,,,
970.png,Canny,512,512,FALSE,,0.9,70913,66532,1442,48.57731424,9,133.387215,70048.48714,2783,0.039729623,3.97296232,2.058574081,0.993905187,0.987975711,0.270511627,0.27483078,270,80,350,0.35425505,0.042611074,0.522884882,0.009694583,0.282246879,0.003487044,1,0.770981765,0.351031281,0.26072652,0.175926703,0.299213722,0.934825866,-0.020048092,7.060396022,,,,
974.png,SLoG,512,512,FALSE,,0.35,134622,65961,530,173.4956804,1,9,91952.71063,2287,0.02487148,2.487147996,0.576383226,0.990107775,0.980852322,0.513542175,0.509833693,1344,2108,3452,0.360460401,0.017495187,0.90754717,0.008626309,0.70754717,0.003274662,0.516826272,0.785920143,0.397911214,0.503153723,0.285666325,0.444386416,0.993918139,-0.006040174,4.710125853,,,,
974.png,LoG,512,512,FALSE,,0.224609986,71409,45711,4158,13.79699291,2,11.24264069,57367.89651,7828,0.136452624,13.64526238,7.247956179,0.964308381,0.93266391,0.272403717,0.29742425,443,837,1280,0.291802555,0.238235873,0.889129389,0.100260331,0.605820106,0.021023386,0.353378534,0.785920143,0.213734232,0.157665415,0.099787923,0.181467573,0.565422154,-0.297146048,6.478768968,,,,
974.png,Canny,512,512,FALSE,,0.9,70992,66324,1595,43.69277136,7.414213562,108.8700577,69689.97033,3018,0.043306088,4.330608818,2.288708106,0.994504273,0.989234666,0.270812988,0.271361408,277,80,357,0.357459277,0.047659972,0.556112853,0.011865991,0.312225705,0.004266932,1,0.785920143,0.377412294,0.254009586,0.179003546,0.30365226,0.943761076,-0.017518737,4.813941739,,,,
98.png,SLoG,512,512,FALSE,,0.35,72165,46618,7577,6.525234516,1.414213562,12.41421356,49441.70193,11782,0.238300858,23.83008582,15.3251197,0.977884054,0.957462783,0.275287628,0.292043305,620,534,1154,0.446760803,0.395576816,0.872508909,0.156613325,0.595882275,0.047921404,0.502822638,0.528245342,0.357899553,0.23997316,0.167751101,0.28730626,0.953708755,-0.044232003,4.149583576,,,,
98.png,LoG,512,512,FALSE,,0.181640789,22498,14404,2632,6.989266357,1,5,18395.74905,3753,0.204014525,20.40145247,14.30765332,0.902804792,0.829144682,0.085823059,0.093862861,139,215,354,0.369739205,0.407178562,0.95668693,0.239863927,0.776215805,0.064287698,0.30422613,0.528245342,0.223566567,0.048178681,0.041272839,0.079273823,0.689265519,-0.211767192,6.093127461,,,,
98.png,Canny,512,512,FALSE,,0.9,62781,54015,2859,20.7974653,3.414213562,52.84751801,59459.95329,5210,0.087622,8.762199954,4.808278247,0.987938523,0.97680274,0.239490509,0.24257126,658,492,1150,0.504642606,0.105248542,0.67506121,0.033768398,0.431269675,0.013810978,1,0.528245342,0.435746497,0.24267638,0.184650844,0.311738847,0.991339141,-0.003198508,3.512479816,,,,
980.png,SLoG,512,512,FALSE,,0.35,146306,67789,329,310.2101649,1,8,102059.1442,1485,0.014550387,1.455038655,0.322362099,0.990160644,0.980852351,0.558113098,0.551108916,1404,2216,3620,0.411676317,0.010753957,0.917933131,0.005472864,0.729483283,0.00196197,0.531800508,0.746303165,0.411219142,0.556621427,0.309756084,0.472998122,0.991484257,-0.006437556,4.661059019,,,,
980.png,LoG,512,512,FALSE,,0.212891147,83030,52283,4952,13.49316001,2,9.397056275,66818.12839,9636,0.14421236,14.42123602,7.411162388,0.968546152,0.939789224,0.316734314,0.343408042,548,1021,1569,0.331878573,0.250788975,0.904281099,0.108333493,0.61631664,0.020905457,0.332121909,0.746303165,0.220311091,0.185821509,0.112100781,0.201601838,0.549787761,-0.343606963,6.296589456,,,,
980.png,Canny,512,512,FALSE,,0.9,71886,65304,1613,43.5274379,7.414213562,116.9494516,70209.75733,3222,0.045891057,4.589105735,2.297401474,0.994916081,0.989939361,0.274223328,0.273226949,407,118,525,0.406016171,0.045280534,0.541847489,0.012954796,0.319280843,0.004119196,1,0.746303165,0.382279489,0.256539173,0.181358938,0.307034437,0.934606395,-0.021318548,4.871937774,,,,
981.png,SLoG,512,512,FALSE,,0.35,123237,62183,953,84.85854614,1.414213562,20.97989899,80870.19447,3349,0.041412043,4.141204336,1.178431691,0.989965081,0.980621713,0.470111847,0.471928042,1398,1583,2981,0.361635834,0.035315118,0.843651626,0.013797983,0.58656873,0.005097856,0.503233433,0.781169093,0.369305239,0.454948042,0.256026846,0.407677347,0.989159064,-0.009632959,5.667187529,,,,
981.png,LoG,512,512,FALSE,,0.220703274,65427,42177,3486,15.97333125,1.414213562,9.414213562,55683.03273,6500,0.116732148,11.67321477,6.260434874,0.962503254,0.929961828,0.249584198,0.274429113,481,754,1235,0.276856035,0.215117244,0.906196213,0.095597126,0.635972461,0.019844939,0.354407102,0.781169093,0.170231975,0.121947209,0.076484136,0.142099885,0.510043229,-0.322914291,7.992744572,,,,
981.png,Canny,512,512,FALSE,,0.9,71262,66392,1676,41.70273308,7.414213562,127.6776695,69893.78064,3143,0.044968236,4.496823567,2.397924371,0.994389355,0.989110134,0.271842957,0.271514836,284,88,372,0.362520695,0.047370165,0.542362768,0.012667189,0.312649165,0.004292686,1,0.781169093,0.360017322,0.255162889,0.175539937,0.298654145,0.94326223,-0.019593235,5.713994709,,,,
987.png,SLoG,512,512,FALSE,,0.35,124953,61006,978,83.72869967,1,9.828427125,81886.66828,3255,0.03975006,3.975006028,1.194333608,0.989320695,0.979198767,0.476657867,0.475844514,1507,1765,3272,0.403370023,0.03358686,0.900817996,0.016998328,0.702453988,0.00654034,0.534181595,0.742582691,0.408580273,0.466067784,0.278310425,0.435434804,0.996255082,-0.006788683,4.10720188,,,,
987.png,LoG,512,512,FALSE,,0.193360105,91135,58423,4950,15.73343057,2,11,77880.48134,10132,0.130096782,13.0096782,6.35589292,0.977329135,0.956164524,0.347652435,0.372520709,610,1113,1723,0.355097562,0.230320251,0.88969697,0.090324016,0.579393939,0.017938141,0.296402663,0.742582691,0.271135557,0.242127166,0.146665132,0.255811618,0.630321754,-0.285942058,5.066687326,,,,
987.png,Canny,512,512,FALSE,,0.9,70343,63899,1759,39.00570226,6,103.9646753,68611.03028,3421,0.049860787,4.986078749,2.563727717,0.99424094,0.988810467,0.26833725,0.268174515,427,151,578,0.403947204,0.049453043,0.570778852,0.015555799,0.359295054,0.005367846,1,0.742582691,0.393735217,0.253121124,0.182134245,0.308144774,0.927087407,-0.02376291,4.173522056,,,,
990.png,SLoG,512,512,FALSE,,0.35,145322,66596,255,379.8153228,1,9.145584412,96852.9073,1444,0.014909207,1.490920655,0.26328585,0.990224659,0.981124992,0.554359436,0.546308495,1316,2135,3451,0.355510652,0.008408913,0.909803922,0.004444711,0.733333333,0.00147156,0.506351173,0.789759135,0.391214478,0.541558483,0.293887269,0.454270285,0.978978818,-0.024837547,6.223875784,,,,
990.png,LoG,512,512,FALSE,,0.240234524,55094,34983,3542,11.7541153,2,10,41633.07639,6228,0.149592597,14.95925966,8.50765859,0.95404911,0.915444645,0.210166931,0.230302422,327,571,898,0.255401433,0.27456193,0.897233202,0.112568962,0.603049125,0.023039762,0.387355268,0.789759135,0.130425308,0.076111953,0.050490351,0.096127206,0.463512314,-0.367914991,10.10767495,,,,
990.png,Canny,512,512,FALSE,,0.9,70950,67185,1459,47.98750299,8.828427125,131.3303607,70013.76687,2788,0.03982074,3.98207399,2.083875879,0.994998872,0.99014661,0.270652771,0.271962292,218,55,273,0.346340895,0.042033192,0.522960932,0.010791099,0.287183002,0.002872665,1,0.789759135,0.364540883,0.251216074,0.174708696,0.297450247,0.905374832,-0.02669559,6.408968114,,,,
992.png,SLoG,512,512,FALSE,,0.35,151076,69011,212,494.2097369,1,7.787005769,104772.4642,1218,0.011625192,1.162519188,0.202343241,0.989284337,0.979191723,0.576309204,0.568362191,1345,2208,3553,0.383788794,0.006332324,0.91509434,0.003492197,0.740566038,0.00131863,0.516372979,0.778064251,0.39187182,0.567085563,0.301635726,0.463471799,0.978886344,-0.019473752,5.259184158,,,,
992.png,LoG,512,512,FALSE,,0.236329138,64195,41699,4164,12.8438294,2,9.414213562,53481.7056,7566,0.141468936,14.14689362,7.785839949,0.958008587,0.921245114,0.244884491,0.266991813,411,714,1125,0.294218004,0.263171779,0.905619597,0.112880405,0.619116234,0.023022135,0.376031697,0.778064251,0.167832825,0.114091746,0.072869376,0.135840164,0.512595343,-0.338589845,7.672220785,,,,
992.png,Canny,512,512,FALSE,,0.9,72971,67091,1470,48.87871046,7.914213562,133.9724963,71851.70438,2890,0.040221732,4.022173204,2.045880488,0.995185614,0.990475623,0.278362274,0.278568354,355,102,457,0.375045389,0.041018915,0.53877551,0.010821124,0.313605442,0.003875334,1,0.778064251,0.362943515,0.257424689,0.177308707,0.30121022,0.920081558,-0.026275556,5.46901796,,,,
994.png,SLoG,512,512,FALSE,,0.35,99894,54456,3621,17.33089156,2,33.14213562,62755.15834,6817,0.10862852,10.86285204,5.770043604,0.98543781,0.972032467,0.381065369,0.384099937,988,845,1833,0.382762849,0.141674012,0.751449876,0.052648009,0.507042254,0.017904363,0.521552205,0.725813389,0.38197658,0.348041253,0.222658427,0.364220164,0.989266962,-0.011880298,4.490444692,,,,
994.png,LoG,512,512,FALSE,,0.181641266,59076,39671,5485,8.531010742,1.414213562,8.414213562,46792.59392,9157,0.195693362,19.56933616,11.72194046,0.953328609,0.913564064,0.225357056,0.24441737,324,641,965,0.32684508,0.358397822,0.918869644,0.160847975,0.650319052,0.03634897,0.280372083,0.725813389,0.252304541,0.146287388,0.102047862,0.185196787,0.646589201,-0.247681682,5.662921461,,,,
994.png,Canny,512,512,FALSE,,0.9,68409,62508,2092,31.67811341,5.828427125,82.0764502,66270.61325,3835,0.057868787,5.786878696,3.156753646,0.992840946,0.986161771,0.260959625,0.259767516,388,194,582,0.397345245,0.064119793,0.592256214,0.018861586,0.365200765,0.007039099,1,0.725813389,0.400552531,0.246827801,0.180246467,0.30543869,0.957405123,-0.015284597,4.281647261,,,,
